연령군,성별,단계,운동명,빈도,비율%
성인,F,준비운동,유산소 운동 전 동적 루틴 스트레칭,4731,8.92
성인,F,준비운동,전신 루틴 스트레칭,4631,8.73
성인,F,준비운동,하지 루틴 스트레칭1,3565,6.72
성인,F,준비운동,상지 루틴 스트레칭,3287,6.2
성인,F,준비운동,목 스트레칭,2229,4.2
성인,F,준비운동,등/어깨 뒤쪽 스트레칭,1909,3.6
성인,F,준비운동,하지 루틴 스트레칭2,1871,3.53
성인,F,준비운동,가슴/어깨 앞쪽 스트레칭,1655,3.12
성인,F,준비운동,걷기,1624,3.06
성인,F,준비운동,허리 스트레칭,1613,3.04
성인,F,준비운동,아래 팔 스트레칭,1289,2.43
성인,F,준비운동,옆구리 스트레칭,1101,2.08
성인,F,준비운동,넙다리 뒤쪽 스트레칭,1084,2.04
성인,F,준비운동,배스트레칭,1078,2.03
성인,F,준비운동,엉덩이 스트레칭,1060,2.0
성인,F,준비운동,자가근막이완술 루틴 스트레칭,1028,1.94
성인,F,준비운동,트레드밀에서 걷기,952,1.8
성인,F,준비운동,실내 자전거타기,850,1.6
성인,F,준비운동,달리기,724,1.37
성인,F,준비운동,넙다리 안쪽 스트레칭,704,1.33
성인,F,준비운동,좌식생활자를 위한 동적 루틴 스트레칭,690,1.3
성인,F,준비운동,넙다리 앞쪽 스트레칭,671,1.27
성인,F,준비운동,앉았다 일어서기,543,1.02
성인,F,준비운동,진자운동,497,0.94
성인,F,준비운동,엎드려 버티기,463,0.87
성인,F,준비운동,동적 스트레칭 루틴프로그램,453,0.85
성인,F,준비운동,옆으로 누워서팔 앞으로 당기기,441,0.83
성인,F,준비운동,윗몸올리기,400,0.75
성인,F,준비운동,테이블 이용하여 팔 들어 올리기,332,0.63
성인,F,준비운동,계단 올라갔다 내려오기,313,0.59
성인,F,준비운동,줄넘기,307,0.58
성인,F,준비운동,정적 스트레칭 루틴프로그램,298,0.56
성인,F,준비운동,한발 앞으로 내밀고 앉았다 일어서기,279,0.53
성인,F,준비운동,수영,252,0.48
성인,F,준비운동,실외 자전거타기,247,0.47
성인,F,준비운동,테이블 이용하여 팔 옆으로 벌리기,210,0.4
성인,F,준비운동,어깨 뒤쪽 스트레칭,209,0.39
성인,F,준비운동,조깅,205,0.39
성인,F,준비운동,작은 공을 이용한 동적 루틴 스트레칭,188,0.35
성인,F,준비운동,팔굽혀펴기,186,0.35
성인,F,준비운동,팔벌려뛰기,184,0.35
성인,F,준비운동,계단 뛰어 오르기,168,0.32
성인,F,준비운동,누워서 다리 들어올리기,162,0.31
성인,F,준비운동,깍지 끼고 상체 숙이기,154,0.29
성인,F,준비운동,누워서 엉덩이 들어올리기,152,0.29
성인,F,준비운동,무릎 높여 제자리 달리기,152,0.29
성인,F,준비운동,옆으로 누워 버티기,151,0.28
성인,F,준비운동,짐볼을 이용한 동적 루틴 스트레칭,150,0.28
성인,F,준비운동,윗몸 말아 올리기,128,0.24
성인,F,준비운동,턱걸이,128,0.24
성인,F,준비운동,맨몸운동 루틴프로그램,123,0.23
성인,F,준비운동,버피운동,121,0.23
성인,F,준비운동,물병 옆으로 들어올리기,121,0.23
성인,F,준비운동,서서 뒤꿈치 들기,120,0.23
성인,F,준비운동,양팔 벌려 전신 비틀기,113,0.21
성인,F,준비운동,손목 펴기/굽히기,112,0.21
성인,F,준비운동,저항밴드 운동 루틴프로그램,109,0.21
성인,F,준비운동,엎드려서 팔 다리 들기,106,0.2
성인,F,준비운동,막대 잡고 팔 안쪽/바깥 돌림,101,0.19
성인,F,준비운동,뒤로 팔굽혀펴기,97,0.18
성인,F,준비운동,네발기기 자세로 팔 다리 들기,93,0.18
성인,F,준비운동,팔꿈치 굽히기,89,0.17
성인,F,준비운동,스텝퍼 뛰어서 오르내리기,88,0.17
성인,F,준비운동,엉덩이 스트레칭2,85,0.16
성인,F,준비운동,덤벨 옆으로 들어올리기,84,0.16
성인,F,준비운동,물속에서 걷기,84,0.16
성인,F,준비운동,뒤꿈치 들기,80,0.15
성인,F,준비운동,팔굽혀 펴기,76,0.14
성인,F,준비운동,스텝퍼 옆으로 뛰어넘기,75,0.14
성인,F,준비운동,누워서 전신 뻗기,72,0.14
성인,F,준비운동,앉아서 다리 밀기,71,0.13
성인,F,준비운동,고정식 트레드밀에서 걷기,69,0.13
성인,F,준비운동,서서 다리 뒤로 차기,68,0.13
성인,F,준비운동,빠르게 걷기,68,0.13
성인,F,준비운동,몸통 옆으로 굽히기,67,0.13
성인,F,준비운동,의자 앞에서 앉았다 일어서기,64,0.12
성인,F,준비운동,몸통 들어올리기,62,0.12
성인,F,준비운동,누워서 배가로근 수축 I,61,0.12
성인,F,준비운동,엎드려서 균형잡기,60,0.11
성인,F,준비운동,앉아서 다리 펴기,60,0.11
성인,F,준비운동,앉았다 일어서면서 점프하기,59,0.11
성인,F,준비운동,누워서 배가로근 수축 II,58,0.11
성인,F,준비운동,팔 벌려 뛰기,58,0.11
성인,F,준비운동,소파를 이용한 윗몸올리기,57,0.11
성인,F,준비운동,네발기기 자세에서 다리 위로 뻗어올리기,56,0.11
성인,F,준비운동,줄넘기 운동,56,0.11
성인,F,준비운동,서서 상체 일으키기,56,0.11
성인,F,준비운동,옆으로 누워 가슴 열기,55,0.1
성인,F,준비운동,앉아서 다리 모으기,54,0.1
성인,F,준비운동,앞굽이 앉았다 일어서기,54,0.1
성인,F,준비운동,바벨 끌어당기기,53,0.1
성인,F,준비운동,의자에 앉아 다리 뻗어 올리기,53,0.1
성인,F,준비운동,사다리 안팎 뛰기,52,0.1
성인,F,준비운동,서서 균형잡기,51,0.1
성인,F,준비운동,밴드 잡고 몸통 옆으로 굽히기,51,0.1
성인,F,준비운동,요가 및 필라테스 루틴프로그램,51,0.1
성인,F,준비운동,앉아서 당겨 내리기,50,0.09
성인,F,준비운동,앉아서 뒤로 당기기,49,0.09
성인,F,준비운동,앉아서 팔꿈치 굽히기/펴기,49,0.09
성인,F,준비운동,가슴 스트레칭,48,0.09
성인,F,준비운동,버피 테스트,48,0.09
성인,F,준비운동,앉아서 밀기,48,0.09
성인,F,준비운동,스텝퍼 뛰어서 넘어가기,47,0.09
성인,F,준비운동,누워서 하늘 자전거,47,0.09
성인,F,준비운동,앉아서 다리 굽히기,46,0.09
성인,F,준비운동,옆으로 펀치하기,46,0.09
성인,F,준비운동,어깨 스트레칭,46,0.09
성인,F,준비운동,폼롤러 밀며 몸 앞으로 숙이기,45,0.08
성인,F,준비운동,윗몸 일으키기,45,0.08
성인,F,준비운동,앉아서 밴드 잡고 몸통 돌리기,44,0.08
성인,F,준비운동,폼롤러 앞으로 굴리기,44,0.08
성인,F,준비운동,자전거타기,43,0.08
성인,F,준비운동,팔 교대로 올리기,43,0.08
성인,F,준비운동,누워서 막대 잡고 팔 들어올리기,43,0.08
성인,F,준비운동,짐볼 윗몸올리기,42,0.08
성인,F,준비운동,옆으로 누워 폼롤러 굴려주기,42,0.08
성인,F,준비운동,스텝퍼 오르내리기,41,0.08
성인,F,준비운동,허리 굽혀 덤벨 뒤로 들기,40,0.08
성인,F,준비운동,의자에 한 다리 올리고 앉앗다 일어서기,39,0.07
성인,F,준비운동,앉아서 엉덩관절 굽히기,38,0.07
성인,F,준비운동,고정식 자전거 타기,38,0.07
성인,F,준비운동,옆구리늘리기,37,0.07
성인,F,준비운동,바벨들어올리기,37,0.07
성인,F,준비운동,한발 들기,37,0.07
성인,F,준비운동,바운딩 운동 루틴프로그램,37,0.07
성인,F,준비운동,누워서 머리 위로 팔꿈치 펴기,37,0.07
성인,F,준비운동,엎드려서 다리 차올리기,36,0.07
성인,F,준비운동,스텝박스,35,0.07
성인,F,준비운동,발 닿기,34,0.06
성인,F,준비운동,덤벨 잡고 앉았다 일어서기,34,0.06
성인,F,준비운동,서서 어깨 들어올리기,33,0.06
성인,F,준비운동,매달려서 다리 들기,33,0.06
성인,F,준비운동,물누르기/올리기,33,0.06
성인,F,준비운동,네발기기 자세에서 손바닥으로 바닥밀기,32,0.06
성인,F,준비운동,몸 기울이기/회전하기,32,0.06
성인,F,준비운동,누워서 팔 다리 동시에 들어올리기,31,0.06
성인,F,준비운동,고양이 자세,31,0.06
성인,F,준비운동,서서 바벨 위로 밀기,31,0.06
성인,F,준비운동,전완대고 버티기,31,0.06
성인,F,준비운동,앉아서 다리 벌리기,30,0.06
성인,F,준비운동,스텝퍼 올라가서 점프하여 착지하기,30,0.06
성인,F,준비운동,서서 탄력밴드 당겨내리기/올리기,29,0.05
성인,F,준비운동,양발 벌려 무릎 밀어내기,29,0.05
성인,F,준비운동,누워서 다리 좌우로 움직이기,28,0.05
성인,F,준비운동,바벨 들어 팔꿈치 굽히기,28,0.05
성인,F,준비운동,스텝박스 오르내리기,28,0.05
성인,F,준비운동,탄력밴드 어깨 가쪽 돌림,27,0.05
성인,F,준비운동,엎드려 팔다리 교차올리기,27,0.05
성인,F,준비운동,웨이트 트레이닝 루틴프로그램,27,0.05
성인,F,준비운동,회전근개 스트레칭,26,0.05
성인,F,준비운동,다리 뻗어 올리기,26,0.05
성인,F,준비운동,누워서 굽힌 다리 펴기,26,0.05
성인,F,준비운동,막대 잡고 대각선으로 팔 들어올리기,26,0.05
성인,F,준비운동,몸통 앞으로 굽혀 걷기,25,0.05
성인,F,준비운동,서서 다리로 탄력밴드 당기기 II,25,0.05
성인,F,준비운동,목 돌림 스트레칭,24,0.05
성인,F,준비운동,허리 굽혀 팔 뒤로 들기,23,0.04
성인,F,준비운동,파워클린,22,0.04
성인,F,준비운동,짝 운동,22,0.04
성인,F,준비운동,발에 밴드걸고 윗몸일으키기,22,0.04
성인,F,준비운동,수건 이용하여 장딴지 늘리기,22,0.04
성인,F,준비운동,몸통 스트레칭,21,0.04
성인,F,준비운동,누워서 수직으로 다리 들어올리기,21,0.04
성인,F,준비운동,발목 돌리기,21,0.04
성인,F,준비운동,손 뻗어 윗몸 일으키기,21,0.04
성인,F,준비운동,아쿠아로빅,21,0.04
성인,F,준비운동,등척성운동-바깥돌림,21,0.04
성인,F,준비운동,밴드 걸고 누워서 다리 들어올리기,20,0.04
성인,F,준비운동,점프 팔굽혀펴기,20,0.04
성인,F,준비운동,누워서 막대 잡고 팔 회전하기,20,0.04
성인,F,준비운동,모관운동,19,0.04
성인,F,준비운동,양팔 크게 벌리기,19,0.04
성인,F,준비운동,사다리 운동 루틴프로그램,19,0.04
성인,F,준비운동,탄력밴드 당기면서 팔 들어올리기,19,0.04
성인,F,준비운동,수건잡고 팔 들어올리기,19,0.04
성인,F,준비운동,짐볼에 엎드려서 팔 다리 들기,18,0.03
성인,F,준비운동,배 스트레칭,18,0.03
성인,F,준비운동,골반 스트레칭,18,0.03
성인,F,준비운동,의자 잡고 한발 들기,18,0.03
성인,F,준비운동,의자 잡고 측면으로 한발 들기,18,0.03
성인,F,준비운동,등척성운동-벌림,18,0.03
성인,F,준비운동,서서 균형잡으며 몸통 회전하기,17,0.03
성인,F,준비운동,척추 스트레칭,17,0.03
성인,F,준비운동,허리 굽혀 덤벨 들기,16,0.03
성인,F,준비운동,어깨 올리기,16,0.03
성인,F,준비운동,엉덩관절 회전하기,16,0.03
성인,F,준비운동,한쪽 다리펴고 상체 숙이기,16,0.03
성인,F,준비운동,의자 잡고 서기,16,0.03
성인,F,준비운동,거북이 스트레칭,16,0.03
성인,F,준비운동,복식호흡,15,0.03
성인,F,준비운동,고정한 상태에서 덤벨 들고 팔꿈치 굽히기,15,0.03
성인,F,준비운동,서서 다리로 탄력밴드 당기기 I,15,0.03
성인,F,준비운동,한 발 뒤로 들어올리기,15,0.03
성인,F,준비운동,런지하며 상체 비틀기,15,0.03
성인,F,준비운동,수동적 관절가동범위 운동,15,0.03
성인,F,준비운동,전사자세,14,0.03
성인,F,준비운동,아기자세,14,0.03
성인,F,준비운동,온 몸 뻗어주기,14,0.03
성인,F,준비운동,박스 운동 루틴프로그램,14,0.03
성인,F,준비운동,누워서 덤벨 들어올리기,14,0.03
성인,F,준비운동,물당기기/밀기,14,0.03
성인,F,준비운동,의자에 앉아 옆구리 숙이기,14,0.03
성인,F,준비운동,누워서 밀기,14,0.03
성인,F,준비운동,대퇴사두근 스트레칭,13,0.02
성인,F,준비운동,누워서 덤벨 모아들기,13,0.02
성인,F,준비운동,팔다리 교차 버티기,13,0.02
성인,F,준비운동,벽에서 팔굽혀 펴기,13,0.02
성인,F,준비운동,발등굽힘/발바닥굽힘,13,0.02
성인,F,준비운동,등척성운동-안쪽 돌림,13,0.02
성인,F,준비운동,흔들어 체조,13,0.02
성인,F,준비운동,한발 서서 균형잡기,12,0.02
성인,F,준비운동,다리굽혀 허리 비틀기,11,0.02
성인,F,준비운동,왜가리 자세,11,0.02
성인,F,준비운동,어깨 양 옆으로 돌리기,11,0.02
성인,F,준비운동,짐볼에서 윗몸 일으키기,11,0.02
성인,F,준비운동,허리숙여 양팔 돌리기,11,0.02
성인,F,준비운동,옆으로 걷기,11,0.02
성인,F,준비운동,비복근 스트레칭,10,0.02
성인,F,준비운동,사다리 좌우 뛰기,10,0.02
성인,F,준비운동,뛰어 내렸다가 바로 점프하기,10,0.02
성인,F,준비운동,한 발 뒤로 빼고 앞으로 굽히기,10,0.02
성인,F,준비운동,몸 앞으로 굽히기,9,0.02
성인,F,준비운동,목 굽힘/ 폄 I,9,0.02
성인,F,준비운동,몸통 비틀기,9,0.02
성인,F,준비운동,목 돌리기,9,0.02
성인,F,준비운동,엎드려 한발 원 그리기,9,0.02
성인,F,준비운동,발 바꿔 뛰기,9,0.02
성인,F,준비운동,팔꿈치 원 그리기,9,0.02
성인,F,준비운동,다리 벌려 앞으로 상체 숙이기,9,0.02
성인,F,준비운동,한 발 앞굽이 팔 위로 뻗어 가슴 내밀기,9,0.02
성인,F,준비운동,발 끝 당기기,8,0.02
성인,F,준비운동,골반 스트레칭2,8,0.02
성인,F,준비운동,엎드려서 다리 굽히기,8,0.02
성인,F,준비운동,목 당기기,8,0.02
성인,F,준비운동,밴드 걸고 옆으로 누워 다리 올리기,8,0.02
성인,F,준비운동,짐볼에 엎드려서 몸통 젖히기,8,0.02
성인,F,준비운동,엎드려 무릎 연속 차기,8,0.02
성인,F,준비운동,굽힘 밸런스운동-60~120도 사이,8,0.02
성인,F,준비운동,벌림 밸런스 운동-60~120도 사이,8,0.02
성인,F,준비운동,팔꿈치 맞닿아 원그리기,7,0.01
성인,F,준비운동,계단 두발 뛰기,7,0.01
성인,F,준비운동,어깨 누르기,7,0.01
성인,F,준비운동,엉덩이 늘리기,7,0.01
성인,F,준비운동,누워서 공들고 몸 기울이기,7,0.01
성인,F,준비운동,비스듬히 누워서 밀기,7,0.01
성인,F,준비운동,거꾸로 누워서 밀기,7,0.01
성인,F,준비운동,짐볼 앉아 중심 잡기 루틴 운동,7,0.01
성인,F,준비운동,밴드 머리 뒤로 들어올리기,7,0.01
성인,F,준비운동,서서 발목 누르기,7,0.01
성인,F,준비운동,한발 연속 뛰기,7,0.01
성인,F,준비운동,전신 비틀며 전진하기,7,0.01
성인,F,준비운동,앉아 윗몸 앞으로 굽히기,7,0.01
성인,F,준비운동,팔굽혀펴기(무릎대고 실시),7,0.01
성인,F,준비운동,척추 들어올리기,7,0.01
성인,F,준비운동,후굴자세 해봐요,7,0.01
성인,F,준비운동,내전근 스트레칭,6,0.01
성인,F,준비운동,원판던지기,6,0.01
성인,F,준비운동,누워서 팔 밀기,6,0.01
성인,F,준비운동,V자 싸이클,6,0.01
성인,F,준비운동,대퇴이두근 스트레칭,6,0.01
성인,F,준비운동,계단 두 칸씩 뛰기,6,0.01
성인,F,준비운동,누워 다리 들어올리기,6,0.01
성인,F,준비운동,팔 들어 올리며 런지,6,0.01
성인,F,준비운동,대퇴이두근 스트레칭2,6,0.01
성인,F,준비운동,연속 사이드 스쿼드,6,0.01
성인,F,준비운동,윗몸말아올리기,6,0.01
성인,F,준비운동,밴드잡고 머리 위에서 팔꿈치 펴기,6,0.01
성인,F,준비운동,가슴/어깨 스트레칭,5,0.01
성인,F,준비운동,합장하여 앞으로 숙이기,5,0.01
성인,F,준비운동,크런치 사이클,5,0.01
성인,F,준비운동,짐볼 운동 루틴프로그램,5,0.01
성인,F,준비운동,앉아서 몸통 움츠리기,5,0.01
성인,F,준비운동,전신 틀어 손벽 마주치기,5,0.01
성인,F,준비운동,매달려서 뒤로 팔굽혀 펴기,5,0.01
성인,F,준비운동,양발 모아 좌우 뛰기,5,0.01
성인,F,준비운동,네발 걷기,5,0.01
성인,F,준비운동,한 발 무릎위 올려차기,5,0.01
성인,F,준비운동,아령 뒤로 들어올리기,5,0.01
성인,F,준비운동,점핑점핑해요,5,0.01
성인,F,준비운동,꼬리를 떼어요,5,0.01
성인,F,준비운동,짝 스트레칭 루틴프로그램,4,0.01
성인,F,준비운동,다리들어 옆으로 올리기,4,0.01
성인,F,준비운동,무릎굽혀 원 그리기,4,0.01
성인,F,준비운동,아쿠아로빅 운동 프로그램 루틴,4,0.01
성인,F,준비운동,사다리 옆으로 발 옮기기,4,0.01
성인,F,준비운동,제자리 뛰기,4,0.01
성인,F,준비운동,다리 모았다 벌려 뛰기,4,0.01
성인,F,준비운동,전진 점프하며 발 뒤꿈치 찍기,4,0.01
성인,F,준비운동,무릎 아래에서 양옆으로 굴리기,4,0.01
성인,F,준비운동,박스 옆으로 번갈아 뛰기,4,0.01
성인,F,준비운동,나란히 서서 손잡고 끌어당기기,3,0.01
성인,F,준비운동,상체 앞으로 숙이기,3,0.01
성인,F,준비운동,무릎 들어올리기,3,0.01
성인,F,준비운동,옆으로 팔 벌리며 점프하기,3,0.01
성인,F,준비운동,콘운동 루틴프로그램,3,0.01
성인,F,준비운동,계단 한발 뛰기,3,0.01
성인,F,준비운동,사다리 이용 루틴 운동,3,0.01
성인,F,준비운동,서서 다리로 탄력밴드 당겨 중심 잡기 루틴 운동,3,0.01
성인,F,준비운동,엎드려 상체 들어올리기,3,0.01
성인,F,준비운동,균형 걷기,3,0.01
성인,F,준비운동,베개 밟고 서기,3,0.01
성인,F,준비운동,뒤꿈치 높이들어 뛰기,3,0.01
성인,F,준비운동,줄넘기 해요,3,0.01
성인,F,준비운동,빌리보를 밀어요,3,0.01
성인,F,준비운동,밴드를 당겨요,3,0.01
성인,F,준비운동,발가락 폄근 스트레칭,2,0.0
성인,F,준비운동,등 대고 대퇴이두근 스트레칭,2,0.0
성인,F,준비운동,좌 우 회전(목 좌 우 회전),2,0.0
성인,F,준비운동,시소우,2,0.0
성인,F,준비운동,마주보고 상체 좌우 비틀기,2,0.0
성인,F,준비운동,짐볼에 다리 올리고 엉덩이 들어올리기,2,0.0
성인,F,준비운동,누워 한발 원 그리기,2,0.0
성인,F,준비운동,깍지끼고 목 들어올리기,2,0.0
성인,F,준비운동,목 굽힘/ 폄 II,2,0.0
성인,F,준비운동,목 굽힘/ 폄 III,2,0.0
성인,F,준비운동,덤벨 잡고 뒤꿈치 들기,2,0.0
성인,F,준비운동,의자에 앉아 등 굽혔다 펴기,2,0.0
성인,F,준비운동,의자에 앉아 가슴 뒤로 젖히기,2,0.0
성인,F,준비운동,밴드 걸고 앉아서 발등 굽힘,2,0.0
성인,F,준비운동,앉았다 일어나며 점프하기,2,0.0
성인,F,준비운동,점프 후 버티기,2,0.0
성인,F,준비운동,다리모아 무릎 누르기,2,0.0
성인,F,준비운동,누워 발목 당겨주기,2,0.0
성인,F,준비운동,서서 발목 뒤로 당기기,2,0.0
성인,F,준비운동,아쿠아로빅-물당기기/밀기,2,0.0
성인,F,준비운동,아쿠아로빅-옆구리 늘리기,2,0.0
성인,F,준비운동,플렉스 바 비틀기,2,0.0
성인,F,준비운동,발목 얹고 다리 잡아당기기,2,0.0
성인,F,준비운동,다리 모아 뒤로 눕기,2,0.0
성인,F,준비운동,메디신 볼 잡고 런지하며 상체비틀기,2,0.0
성인,F,준비운동,메디신볼 운동 루틴프로그램,2,0.0
성인,F,준비운동,무릎 높이 들어 뛰기,2,0.0
성인,F,준비운동,점프하며 뛰기,2,0.0
성인,F,준비운동,빠르게 무릎 올려 찍기,2,0.0
성인,F,준비운동,전진 점프하며 발바닥 찍기,2,0.0
성인,F,준비운동,팔 돌리며 점프하기,2,0.0
성인,F,준비운동,다리 들어올리기,2,0.0
성인,F,준비운동,무릎 굽혀 엉덩이 들어올리기,2,0.0
성인,F,준비운동,반복 옆뛰기,2,0.0
성인,F,준비운동,다리 벌려 옆으로 상체 숙이기,2,0.0
성인,F,준비운동,발바닥 마주대고 끌어당기기,2,0.0
성인,F,준비운동,무릎 굽혀 가슴 닿기,2,0.0
성인,F,준비운동,낚시를 해요,2,0.0
성인,F,준비운동,알록달록 붙여요,2,0.0
성인,F,준비운동,공을 옮겨요(옆),2,0.0
성인,F,준비운동,알록달록 공을 옮겨요,2,0.0
성인,F,준비운동,좌 우 굴곡(목 좌 우 굴곡),1,0.0
성인,F,준비운동,앞 뒤 굴곡(목 앞 뒤 굴곡),1,0.0
성인,F,준비운동,겨드랑이 늘리기,1,0.0
성인,F,준비운동,누워 무릎 기울기,1,0.0
성인,F,준비운동,회전근개 스트레칭2,1,0.0
성인,F,준비운동,고관절 스트레칭,1,0.0
성인,F,준비운동,나무자세,1,0.0
성인,F,준비운동,소머리 자세,1,0.0
성인,F,준비운동,앞굽이 뛰기,1,0.0
성인,F,준비운동,종아리 스트레칭,1,0.0
성인,F,준비운동,볼 위에 앉아 밴드 양옆으로 당기기,1,0.0
성인,F,준비운동,의자에 앉아 가슴 몸통 말아주기,1,0.0
성인,F,준비운동,한 발 들어올리기,1,0.0
성인,F,준비운동,웅크리고 앉아 손잡고 상체 숙이기,1,0.0
성인,F,준비운동,양발 교차하여 서서 몸통 숙이기,1,0.0
성인,F,준비운동,밴드 걸고 엎드려서 다리 구부리기,1,0.0
성인,F,준비운동,탄력밴드 측면으로 당기기,1,0.0
성인,F,준비운동,탄력밴드 무릎으로 당기기,1,0.0
성인,F,준비운동,양발 나란히 서기,1,0.0
성인,F,준비운동,좌우 찍기,1,0.0
성인,F,준비운동,의자 잡고 후방으로 한발 뻗어 들기,1,0.0
성인,F,준비운동,앉아서 모으기,1,0.0
성인,F,준비운동,마주보고 종아리 펴기,1,0.0
성인,F,준비운동,전후 교차 뛰기,1,0.0
성인,F,준비운동,사이드 지그재그 뛰기,1,0.0
성인,F,준비운동,제자리 멀리 뛰기,1,0.0
성인,F,준비운동,다리 뻗어 점프하기,1,0.0
성인,F,준비운동,좌우 이동하며 팔굽혀펴기,1,0.0
성인,F,준비운동,의자에 앉아 물병 들고 몸통 돌리기,1,0.0
성인,F,준비운동,계단 오르기,1,0.0
성인,F,준비운동,메디신 볼 잡고 팔굽혀펴기,1,0.0
성인,F,준비운동,짐볼 배에 대고 버티기,1,0.0
성인,F,준비운동,짐볼 윗몸일으키기,1,0.0
성인,F,준비운동,물병 들고 한발 앞으로 내밀고 앉았다 일어서기,1,0.0
성인,F,준비운동,짐볼 들고 양옆으로 돌리기,1,0.0
성인,F,준비운동,의자에 앉아 볼 돌리기,1,0.0
성인,F,준비운동,발로 공주고 받기,1,0.0
성인,F,준비운동,머리 위로 공 넘기기,1,0.0
성인,F,준비운동,의자 앉아 공 밀기,1,0.0
성인,F,준비운동,바벨 당겨 올리기,1,0.0
성인,F,준비운동,상체 감아올리기,1,0.0
성인,F,준비운동,옆으로 누워 무릎 벌리기,1,0.0
성인,F,준비운동,풍선 튕기기,1,0.0
성인,F,준비운동,두발모아 걷기,1,0.0
성인,F,준비운동,좌우 양발모아 점프하기,1,0.0
성인,F,준비운동,엎드려 다리 들어올리기,1,0.0
성인,F,준비운동,앞으로 나가며 앉았다 일어서기,1,0.0
성인,F,준비운동,2단 줄넘기,1,0.0
성인,F,준비운동,빠른 발 뛰기,1,0.0
성인,F,준비운동,잔발치기,1,0.0
성인,F,준비운동,벽잡고 빨리 뛰기,1,0.0
성인,F,준비운동,엎드려 팔 대고 버티기,1,0.0
성인,F,준비운동,엎드려 어깨 늘리기,1,0.0
성인,F,준비운동,앉아서 옆구리 늘려주기,1,0.0
성인,F,준비운동,앉아서 한 발 앞으로 굽히기,1,0.0
성인,F,준비운동,다리 모아 상체 숙이기,1,0.0
성인,F,준비운동,앉아서 덤벨로 손목 굽히기,1,0.0
성인,F,준비운동,앉아서 상체 앞 옆으로 기울기,1,0.0
성인,F,준비운동,나비자세,1,0.0
성인,F,준비운동,목봉잡고 앉았다 일어나기,1,0.0
성인,F,준비운동,동물처럼 걸어요,1,0.0
성인,F,준비운동,의자 잡고 팔 뒤로 굽히기,1,0.0
성인,F,준비운동,밴드 앞 옆으로 들어올리기,1,0.0
성인,F,준비운동,밴드 어깨 뒤로 들어올리기,1,0.0
성인,F,준비운동,밴드 앞으로 당기기,1,0.0
성인,F,준비운동,영차영차 올라요,1,0.0
성인,F,준비운동,알을 낳아요,1,0.0
성인,F,준비운동,마주 앉아 대퇴이두근 스트레칭,1,0.0
성인,F,준비운동,후다닥 집어요,1,0.0
성인,F,준비운동,공 받고 던져요,1,0.0
성인,F,본운동,앉았다 일어서기,5800,4.26
성인,F,본운동,엎드려 버티기,5614,4.12
성인,F,본운동,달리기,5150,3.78
성인,F,본운동,실내 자전거타기,5039,3.7
성인,F,본운동,윗몸올리기,4867,3.57
성인,F,본운동,수영,3921,2.88
성인,F,본운동,트레드밀에서 걷기,3510,2.58
성인,F,본운동,한발 앞으로 내밀고 앉았다 일어서기,3208,2.36
성인,F,본운동,팔굽혀펴기,3123,2.29
성인,F,본운동,누워서 엉덩이 들어올리기,3038,2.23
성인,F,본운동,계단 올라갔다 내려오기,3020,2.22
성인,F,본운동,줄넘기,2816,2.07
성인,F,본운동,누워서 다리 들어올리기,2276,1.67
성인,F,본운동,버피운동,2076,1.52
성인,F,본운동,엎드려서 팔 다리 들기,1947,1.43
성인,F,본운동,옆으로 누워 버티기,1779,1.31
성인,F,본운동,실외 자전거타기,1704,1.25
성인,F,본운동,윗몸 말아 올리기,1667,1.22
성인,F,본운동,넙다리 뒤쪽 스트레칭,1605,1.18
성인,F,본운동,네발기기 자세로 팔 다리 들기,1592,1.17
성인,F,본운동,허리 스트레칭,1407,1.03
성인,F,본운동,팔벌려뛰기,1347,0.99
성인,F,본운동,걷기,1297,0.95
성인,F,본운동,배스트레칭,1263,0.93
성인,F,본운동,무릎 높여 제자리 달리기,1207,0.89
성인,F,본운동,팔꿈치 굽히기,1186,0.87
성인,F,본운동,엉덩이 스트레칭,1176,0.86
성인,F,본운동,앉아서 당겨 내리기,1154,0.85
성인,F,본운동,넙다리 안쪽 스트레칭,1150,0.84
성인,F,본운동,서서 뒤꿈치 들기,1148,0.84
성인,F,본운동,계단 뛰어 오르기,1148,0.84
성인,F,본운동,소파를 이용한 윗몸올리기,1052,0.77
성인,F,본운동,목 스트레칭,1046,0.77
성인,F,본운동,옆구리 스트레칭,1039,0.76
성인,F,본운동,물병 옆으로 들어올리기,1037,0.76
성인,F,본운동,뒤로 팔굽혀펴기,1017,0.75
성인,F,본운동,전신 루틴 스트레칭,1008,0.74
성인,F,본운동,하지 루틴 스트레칭2,994,0.73
성인,F,본운동,서서 상체 일으키기,989,0.73
성인,F,본운동,앉아서 다리 펴기,988,0.73
성인,F,본운동,앉아서 다리 밀기,983,0.72
성인,F,본운동,누워서 하늘 자전거,952,0.7
성인,F,본운동,하지 루틴 스트레칭1,929,0.68
성인,F,본운동,턱걸이,926,0.68
성인,F,본운동,의자 앞에서 앉았다 일어서기,924,0.68
성인,F,본운동,허리 굽혀 팔 뒤로 들기,907,0.67
성인,F,본운동,넙다리 앞쪽 스트레칭,887,0.65
성인,F,본운동,몸통 들어올리기,882,0.65
성인,F,본운동,누워서 배가로근 수축 II,878,0.64
성인,F,본운동,상지 루틴 스트레칭,824,0.61
성인,F,본운동,앉았다 일어서면서 점프하기,819,0.6
성인,F,본운동,누워서 팔 다리 동시에 들어올리기,808,0.59
성인,F,본운동,앉아서 밀기,794,0.58
성인,F,본운동,손목 펴기/굽히기,774,0.57
성인,F,본운동,맨몸운동 루틴프로그램,765,0.56
성인,F,본운동,스텝퍼 오르내리기,681,0.5
성인,F,본운동,몸통 옆으로 굽히기,660,0.48
성인,F,본운동,유산소 운동 전 동적 루틴 스트레칭,657,0.48
성인,F,본운동,바벨 끌어당기기,646,0.47
성인,F,본운동,서서 다리 뒤로 차기,607,0.45
성인,F,본운동,누워서 다리 좌우로 움직이기,596,0.44
성인,F,본운동,바벨들어올리기,594,0.44
성인,F,본운동,누워서 배가로근 수축 I,566,0.42
성인,F,본운동,뒤꿈치 들기,565,0.41
성인,F,본운동,앉아서 뒤로 당기기,550,0.4
성인,F,본운동,앉아서 다리 굽히기,550,0.4
성인,F,본운동,스텝퍼 뛰어서 오르내리기,542,0.4
성인,F,본운동,덤벨 옆으로 들어올리기,540,0.4
성인,F,본운동,가슴/어깨 앞쪽 스트레칭,515,0.38
성인,F,본운동,등/어깨 뒤쪽 스트레칭,513,0.38
성인,F,본운동,사다리 안팎 뛰기,505,0.37
성인,F,본운동,웨이트 트레이닝 루틴프로그램,500,0.37
성인,F,본운동,누워서 수직으로 다리 들어올리기,499,0.37
성인,F,본운동,좌식생활자를 위한 동적 루틴 스트레칭,498,0.37
성인,F,본운동,매달려서 다리 들기,490,0.36
성인,F,본운동,앉아서 위로 밀기,489,0.36
성인,F,본운동,조깅,488,0.36
성인,F,본운동,의자에 앉아 다리 뻗어 올리기,485,0.36
성인,F,본운동,저항밴드 운동 루틴프로그램,471,0.35
성인,F,본운동,짐볼을 이용한 동적 루틴 스트레칭,458,0.34
성인,F,본운동,작은 공을 이용한 동적 루틴 스트레칭,447,0.33
성인,F,본운동,스텝퍼 옆으로 뛰어넘기,438,0.32
성인,F,본운동,계단 두발 뛰기,427,0.31
성인,F,본운동,사다리 좌우 뛰기,418,0.31
성인,F,본운동,팔굽혀 펴기,394,0.29
성인,F,본운동,앉아서 엉덩관절 굽히기,388,0.28
성인,F,본운동,사다리 옆으로 발 옮기기,381,0.28
성인,F,본운동,네발기기 자세에서 다리 위로 뻗어올리기,378,0.28
성인,F,본운동,앉아서 팔꿈치 굽히기/펴기,373,0.27
성인,F,본운동,네발기기 자세에서 손바닥으로 바닥밀기,372,0.27
성인,F,본운동,아래 팔 스트레칭,365,0.27
성인,F,본운동,엎드려서 다리 차올리기,363,0.27
성인,F,본운동,의자에 한 다리 올리고 앉앗다 일어서기,362,0.27
성인,F,본운동,엎드려서 균형잡기,359,0.26
성인,F,본운동,서서 다리로 탄력밴드 당기기 II,355,0.26
성인,F,본운동,스텝퍼 뛰어서 넘어가기,350,0.26
성인,F,본운동,서서 탄력밴드 당겨내리기/올리기,340,0.25
성인,F,본운동,앉아서 모으기,323,0.24
성인,F,본운동,앉아서 다리 모으기,318,0.23
성인,F,본운동,자가근막이완술 루틴 스트레칭,313,0.23
성인,F,본운동,고정한 상태에서 덤벨 들고 팔꿈치 굽히기,310,0.23
성인,F,본운동,서서 다리로 탄력밴드 당기기 I,307,0.23
성인,F,본운동,바벨 들어 팔꿈치 굽히기,304,0.22
성인,F,본운동,탄력밴드 어깨 가쪽 돌림,295,0.22
성인,F,본운동,허리 굽혀 덤벨 들기,291,0.21
성인,F,본운동,누워서 덤벨 들어올리기,286,0.21
성인,F,본운동,뛰어 내렸다가 바로 점프하기,284,0.21
성인,F,본운동,짐볼 윗몸올리기,281,0.21
성인,F,본운동,한발 서서 균형잡기,276,0.2
성인,F,본운동,누워서 밀기,269,0.2
성인,F,본운동,서서 바벨 위로 밀기,264,0.19
성인,F,본운동,빠르게 걷기,231,0.17
성인,F,본운동,서서 균형잡기,230,0.17
성인,F,본운동,버피 테스트,228,0.17
성인,F,본운동,옆으로 펀치하기,224,0.16
성인,F,본운동,앉아서 다리 벌리기,216,0.16
성인,F,본운동,원판던지기,215,0.16
성인,F,본운동,스텝퍼 올라가서 점프하여 착지하기,215,0.16
성인,F,본운동,누워 다리 들어올리기,214,0.16
성인,F,본운동,스텝박스,203,0.15
성인,F,본운동,전완대고 버티기,201,0.15
성인,F,본운동,누워서 머리 위로 팔꿈치 펴기,200,0.15
성인,F,본운동,누워서 공들고 몸 기울이기,200,0.15
성인,F,본운동,아쿠아로빅,199,0.15
성인,F,본운동,짐볼 이용해 앉았다 일어서기,195,0.14
성인,F,본운동,계단 두 칸씩 뛰기,189,0.14
성인,F,본운동,바로서서 상체 숙이기,184,0.14
성인,F,본운동,발등굽힘/발바닥굽힘,183,0.13
성인,F,본운동,고정식 자전거 타기,176,0.13
성인,F,본운동,옆구리늘리기,171,0.13
성인,F,본운동,점프 팔굽혀펴기,163,0.12
성인,F,본운동,윗몸 일으키기,163,0.12
성인,F,본운동,계단 한발 뛰기,161,0.12
성인,F,본운동,서서 균형잡으며 몸통 회전하기,159,0.12
성인,F,본운동,허리 굽혀 덤벨 뒤로 들기,157,0.12
성인,F,본운동,서서 어깨 들어올리기,148,0.11
성인,F,본운동,짐볼에 엎드려서 팔 다리 들기,140,0.1
성인,F,본운동,왕복달리기,137,0.1
성인,F,본운동,짐볼에 다리 올리고 좌우로 움직이기,132,0.1
성인,F,본운동,앉아서 몸통 움츠리기,130,0.1
성인,F,본운동,짐볼에 다리 올리고 엉덩이 들어올리기,130,0.1
성인,F,본운동,박스 운동 루틴프로그램,125,0.09
성인,F,본운동,짝 운동,118,0.09
성인,F,본운동,고정식 트레드밀에서 걷기,118,0.09
성인,F,본운동,매달려서 뒤로 팔굽혀 펴기,117,0.09
성인,F,본운동,팔다리 교차 버티기,117,0.09
성인,F,본운동,스텝박스 오르내리기,117,0.09
성인,F,본운동,벽에서 팔굽혀 펴기,116,0.09
성인,F,본운동,누워서 덤벨 모아들기,111,0.08
성인,F,본운동,요가 및 필라테스 루틴프로그램,109,0.08
성인,F,본운동,의자에 앉아 물병 들고 몸통 돌리기,109,0.08
성인,F,본운동,밴드 잡고 몸통 옆으로 굽히기,106,0.08
성인,F,본운동,계단 오르기,102,0.07
성인,F,본운동,줄넘기 운동,97,0.07
성인,F,본운동,자전거타기,97,0.07
성인,F,본운동,팔굽혀펴기(무릎대고 실시),95,0.07
성인,F,본운동,파워클린,94,0.07
성인,F,본운동,물당기기/밀기,91,0.07
성인,F,본운동,엉덩관절 회전하기,91,0.07
성인,F,본운동,정적 스트레칭 루틴프로그램,88,0.06
성인,F,본운동,비스듬히 누워서 밀기,83,0.06
성인,F,본운동,크런치 사이클,80,0.06
성인,F,본운동,목 굽힘/ 폄 I,75,0.06
성인,F,본운동,사다리 운동 루틴프로그램,74,0.05
성인,F,본운동,몸 기울이기/회전하기,72,0.05
성인,F,본운동,발 닿기,71,0.05
성인,F,본운동,물누르기/올리기,70,0.05
성인,F,본운동,바운딩 운동 루틴프로그램,68,0.05
성인,F,본운동,밴드 걸고 누워서 다리 들어올리기,65,0.05
성인,F,본운동,물속에서 걷기,62,0.05
성인,F,본운동,앉아서 가슴 모으기,62,0.05
성인,F,본운동,짐볼에 엎드려서 몸통 젖히기,61,0.04
성인,F,본운동,앉아서 양팔 당기기,60,0.04
성인,F,본운동,연속 사이드 스쿼드,59,0.04
성인,F,본운동,팔 벌려 뛰기,57,0.04
성인,F,본운동,콘운동 루틴프로그램,57,0.04
성인,F,본운동,물통으로 양팔 들어올리기,56,0.04
성인,F,본운동,발 바꿔 뛰기,55,0.04
성인,F,본운동,앉아서 팔꿈치 굽히기,55,0.04
성인,F,본운동,V자 싸이클,54,0.04
성인,F,본운동,거꾸로 누워서 밀기,53,0.04
성인,F,본운동,엉덩이 스트레칭2,53,0.04
성인,F,본운동,짐볼 운동 루틴프로그램,51,0.04
성인,F,본운동,밴드 걸고 옆으로 누워 다리 올리기,50,0.04
성인,F,본운동,엎드려 양팔 및 다리 들어올리기,48,0.04
성인,F,본운동,동적 스트레칭 루틴프로그램,48,0.04
성인,F,본운동,손 뻗어 윗몸 일으키기,48,0.04
성인,F,본운동,앞굽이 앉았다 일어서기,46,0.03
성인,F,본운동,누워서 전신 뻗기,45,0.03
성인,F,본운동,볼 위에 앉아 밴드 양옆으로 당기기,44,0.03
성인,F,본운동,50M 달리기,44,0.03
성인,F,본운동,엎드려 팔다리 교차올리기,43,0.03
성인,F,본운동,굽힘 밸런스운동-60~120도 사이,43,0.03
성인,F,본운동,사이드 지그재그 뛰기,42,0.03
성인,F,본운동,벌림 밸런스 운동-60~120도 사이,41,0.03
성인,F,본운동,양팔 크게 벌리기,41,0.03
성인,F,본운동,엎드려 무릎 연속 차기,41,0.03
성인,F,본운동,사이드 스텝 점프하기,40,0.03
성인,F,본운동,물병 들고 한발 앞으로 내밀고 앉았다 일어서기,39,0.03
성인,F,본운동,아쿠아로빅 운동 프로그램 루틴,39,0.03
성인,F,본운동,한발로 점프하기,39,0.03
성인,F,본운동,메디신볼 운동 루틴프로그램,38,0.03
성인,F,본운동,등척성운동-안쪽 돌림,38,0.03
성인,F,본운동,벽잡고 빨리 뛰기,37,0.03
성인,F,본운동,등척성운동-바깥돌림,37,0.03
성인,F,본운동,등척성운동-벌림,36,0.03
성인,F,본운동,목 굽힘/ 폄 III,35,0.03
성인,F,본운동,누워서 가슴 밀기,35,0.03
성인,F,본운동,수건 이용하여 장딴지 늘리기,34,0.02
성인,F,본운동,바벨 잡고 들어올리기,33,0.02
성인,F,본운동,몸통 앞으로 굽혀 걷기,33,0.02
성인,F,본운동,비복근 스트레칭,32,0.02
성인,F,본운동,고양이 자세,32,0.02
성인,F,본운동,연속 상향 점프하기,31,0.02
성인,F,본운동,밴드 걸고 엎드려서 다리 구부리기,30,0.02
성인,F,본운동,목봉잡고 앉았다 일어나기,30,0.02
성인,F,본운동,덤벨 잡고 뒤꿈치 들기,30,0.02
성인,F,본운동,밴드 걸고 앉아서 발등 굽힘,30,0.02
성인,F,본운동,수건잡고 팔 들어올리기,29,0.02
성인,F,본운동,앉아서 무릎 굽히기,29,0.02
성인,F,본운동,빠른 발 뛰기,29,0.02
성인,F,본운동,어깨 뒤쪽 스트레칭,28,0.02
성인,F,본운동,앉았다 일어나며 점프하기,28,0.02
성인,F,본운동,목 굽힘/ 폄 II,27,0.02
성인,F,본운동,깍지 끼고 상체 숙이기,26,0.02
성인,F,본운동,누워서 팔 밀기,24,0.02
성인,F,본운동,앞으로 나가며 앉았다 일어서기,23,0.02
성인,F,본운동,윗몸말아올리기,22,0.02
성인,F,본운동,다리 뻗어 올리기,21,0.02
성인,F,본운동,반복 옆뛰기,21,0.02
성인,F,본운동,대퇴사두근 스트레칭,20,0.01
성인,F,본운동,균형 걷기,20,0.01
성인,F,본운동,의자에 앉아 등 굽혔다 펴기,20,0.01
성인,F,본운동,플렉스 바 비틀기,20,0.01
성인,F,본운동,대퇴이두근 스트레칭2,19,0.01
성인,F,본운동,한쪽 다리펴고 상체 숙이기,19,0.01
성인,F,본운동,밴드를 당겨요,19,0.01
성인,F,본운동,막대 잡고 팔 안쪽/바깥 돌림,19,0.01
성인,F,본운동,골반 스트레칭,18,0.01
성인,F,본운동,짐볼 앞으로 밀기,18,0.01
성인,F,본운동,누워서 막대 잡고 팔 회전하기,18,0.01
성인,F,본운동,밴드 잡고 누워서 다리 밀기,17,0.01
성인,F,본운동,한발 들기,17,0.01
성인,F,본운동,의자 앉아 다리로 짐볼 쥐기,17,0.01
성인,F,본운동,사이드 스텝,17,0.01
성인,F,본운동,발바닥 치기,17,0.01
성인,F,본운동,누워서 굽힌 다리 펴기,17,0.01
성인,F,본운동,짐볼 앉아 중심 잡기 루틴 운동,16,0.01
성인,F,본운동,짐볼에서 몸통 돌리기,16,0.01
성인,F,본운동,앉아서 상체 앞 옆으로 기울기,16,0.01
성인,F,본운동,엎드려 무릎 당기기,16,0.01
성인,F,본운동,배 스트레칭,15,0.01
성인,F,본운동,점프하며 뛰기,15,0.01
성인,F,본운동,빠르게 무릎들어 뛰기,15,0.01
성인,F,본운동,덤벨 잡고 앉았다 일어서기,15,0.01
성인,F,본운동,짐볼 양팔로 밀기,15,0.01
성인,F,본운동,연속 무릎 올리기,15,0.01
성인,F,본운동,영차영차 올라요,15,0.01
성인,F,본운동,밴드 머리 뒤로 들어올리기,14,0.01
성인,F,본운동,누워서 공 뒤로 내리고 당기기,14,0.01
성인,F,본운동,양발 교차하여 서서 몸통 숙이기,14,0.01
성인,F,본운동,다리 넓게 벌려 앉았다 일어서기,14,0.01
성인,F,본운동,다리 뻗어 점프하기,14,0.01
성인,F,본운동,V자 버티기,14,0.01
성인,F,본운동,제자리 뛰기,14,0.01
성인,F,본운동,테이블 이용하여 팔 들어 올리기,14,0.01
성인,F,본운동,동물처럼 걸어요,14,0.01
성인,F,본운동,다리 감아올리기,13,0.01
성인,F,본운동,전후 교차 뛰기,13,0.01
성인,F,본운동,앞굽이 뛰기,13,0.01
성인,F,본운동,대퇴이두근 스트레칭,13,0.01
성인,F,본운동,팔꿈치-무릎 교차 닿기,13,0.01
성인,F,본운동,다리로 짐볼 들어올리기,12,0.01
성인,F,본운동,온 몸 뻗어주기,12,0.01
성인,F,본운동,엎드려 뒤로 다리 올리기,12,0.01
성인,F,본운동,덤벨 잡고 한발 내밀어 굽혔다 펴기,12,0.01
성인,F,본운동,짐볼 배에 대고 버티기,12,0.01
성인,F,본운동,순간반응 콘 찍기,12,0.01
성인,F,본운동,4방향 콘 찍고 달리기,12,0.01
성인,F,본운동,빌리보를 밀어요,12,0.01
성인,F,본운동,짐볼에서 윗몸 일으키기,11,0.01
성인,F,본운동,누워 무릎 기울기,11,0.01
성인,F,본운동,짐볼 양옆으로 굴리기,11,0.01
성인,F,본운동,짐볼 옆에 두고 어깨 누르기,11,0.01
성인,F,본운동,누워 무릎 교차 올리기,11,0.01
성인,F,본운동,짐볼 전완대고 버티기,11,0.01
성인,F,본운동,짐볼 윗몸일으키기,11,0.01
성인,F,본운동,나비자세,11,0.01
성인,F,본운동,아기자세,11,0.01
성인,F,본운동,옆으로 누워서팔 앞으로 당기기,10,0.01
성인,F,본운동,의자 잡고 후방으로 한발 뻗어 들기,10,0.01
성인,F,본운동,어깨 스트레칭,10,0.01
성인,F,본운동,서서 발목 누르기,10,0.01
성인,F,본운동,앉아서 밴드 잡고 몸통 돌리기,10,0.01
성인,F,본운동,발에 밴드걸고 윗몸일으키기,10,0.01
성인,F,본운동,한발 연속 뛰기,10,0.01
성인,F,본운동,발 끝 당기기,10,0.01
성인,F,본운동,대(大)자 점프 뛰기,10,0.01
성인,F,본운동,의자 잡고 반복 옆 뛰기,10,0.01
성인,F,본운동,잔발치기,10,0.01
성인,F,본운동,점핑점핑해요,10,0.01
성인,F,본운동,후다닥 집어요,10,0.01
성인,F,본운동,힘차게 던져요,10,0.01
성인,F,본운동,줄넘기 해요,10,0.01
성인,F,본운동,척추 들어올리기,9,0.01
성인,F,본운동,무릎 높이 들어 뛰기,9,0.01
성인,F,본운동,제자리 멀리 뛰기,9,0.01
성인,F,본운동,한발 앞뒤 교차 뛰기,9,0.01
성인,F,본운동,합장하여 앞으로 숙이기,9,0.01
성인,F,본운동,상체 앞으로 숙이기,9,0.01
성인,F,본운동,무릎 굽혀 가슴 닿기,9,0.01
성인,F,본운동,지그재그 달려요,9,0.01
성인,F,본운동,테이블 이용하여 팔 옆으로 벌리기,9,0.01
성인,F,본운동,의자 잡고 한발 들기,8,0.01
성인,F,본운동,양팔 벌려 전신 비틀기,8,0.01
성인,F,본운동,앉아서 덤벨로 손목 굽히기,8,0.01
성인,F,본운동,양발 벌려 무릎 밀어내기,8,0.01
성인,F,본운동,골반 스트레칭2,8,0.01
성인,F,본운동,사이드 한발 뛰기,8,0.01
성인,F,본운동,왜가리 자세,8,0.01
성인,F,본운동,발목 얹고 다리 잡아당기기,8,0.01
성인,F,본운동,다리 벌려 앞으로 상체 숙이기,8,0.01
성인,F,본운동,힘차게 맞춰요,8,0.01
성인,F,본운동,팔 들어 올리며 런지,7,0.01
성인,F,본운동,의자 잡고 측면으로 한발 들기,7,0.01
성인,F,본운동,몸 앞으로 굽히기,7,0.01
성인,F,본운동,전사자세,7,0.01
성인,F,본운동,다리뻗어 상체 숙이기,7,0.01
성인,F,본운동,복식호흡,7,0.01
성인,F,본운동,앞차기하며 뛰기,7,0.01
성인,F,본운동,종아리 사이 감아 돌리기,7,0.01
성인,F,본운동,엎드려 팔로 걷기,7,0.01
성인,F,본운동,진자운동,7,0.01
성인,F,본운동,소방훈련 해요,7,0.01
성인,F,본운동,고관절 스트레칭,7,0.01
성인,F,본운동,덤벨 잡고 몸통 옆으로 굽히기,6,0.0
성인,F,본운동,엎드려 상체 들어올리기,6,0.0
성인,F,본운동,의자 이용 중심 잡기 루틴 운동,6,0.0
성인,F,본운동,좌우 찍기,6,0.0
성인,F,본운동,내전근 스트레칭,6,0.0
성인,F,본운동,가슴 스트레칭,6,0.0
성인,F,본운동,회전근개 스트레칭,6,0.0
성인,F,본운동,엎드려서 다리 굽히기,6,0.0
성인,F,본운동,나무자세,6,0.0
성인,F,본운동,회전 초승달 자세,6,0.0
성인,F,본운동,뒤꿈치 높이들어 뛰기,6,0.0
성인,F,본운동,한 발 뒤로 빼고 앞으로 굽히기,6,0.0
성인,F,본운동,허리 비틀어 앉았다 일어서기,6,0.0
성인,F,본운동,엎드려 다리 들어올리기,6,0.0
성인,F,본운동,앉아서 다리 펴서 들어올리기,6,0.0
성인,F,본운동,알록달록 공을 옮겨요,6,0.0
성인,F,본운동,윗몸 말며 공을 전달해요,6,0.0
성인,F,본운동,알을 낳아요,6,0.0
성인,F,본운동,꼬리를 떼어요,6,0.0
성인,F,본운동,후굴자세 해봐요,6,0.0
성인,F,본운동,낚시를 해요,6,0.0
성인,F,본운동,몸통 스트레칭,5,0.0
성인,F,본운동,베개 밟고 두발 모아 서기,5,0.0
성인,F,본운동,앉아서 어깨 위로 밀기,5,0.0
성인,F,본운동,막대 잡고 대각선으로 팔 들어올리기,5,0.0
성인,F,본운동,가슴 어깨 펴기,5,0.0
성인,F,본운동,의자잡고 후방으로 무릎 굽혀 들기,5,0.0
성인,F,본운동,의자 잡고 전방으로 무릎 굽혀 들기,5,0.0
성인,F,본운동,옆으로 굽히기,5,0.0
성인,F,본운동,앉아 윗몸 앞으로 굽히기,5,0.0
성인,F,본운동,무릎굽혀 원 그리기,5,0.0
성인,F,본운동,다리 올려 의자넘기,5,0.0
성인,F,본운동,2단 줄넘기,5,0.0
성인,F,본운동,후다닥 붙여요,5,0.0
성인,F,본운동,엉금엉금 기어요,5,0.0
성인,F,본운동,조심조심 걸어요,5,0.0
성인,F,본운동,휴식자세,5,0.0
성인,F,본운동,베개 밟고 대각방향으로 서기,4,0.0
성인,F,본운동,베개 밟고 교차 서기,4,0.0
성인,F,본운동,척추 스트레칭,4,0.0
성인,F,본운동,서서 팔꿈치 펴기,4,0.0
성인,F,본운동,런지하며 상체 비틀기,4,0.0
성인,F,본운동,상체 감아올리기,4,0.0
성인,F,본운동,베개 밟고 서기,4,0.0
성인,F,본운동,한 발 들어올리기,4,0.0
성인,F,본운동,한 발 끌어당기기,4,0.0
성인,F,본운동,엉덩이 늘리기,4,0.0
성인,F,본운동,마주보고 종아리 펴기,4,0.0
성인,F,본운동,풍선 튕기기,4,0.0
성인,F,본운동,사다리 이용 루틴 운동,4,0.0
성인,F,본운동,S자 달리기,4,0.0
성인,F,본운동,한 발 무릎위 올려차기,4,0.0
성인,F,본운동,앉아서 한 발 앞으로 굽히기,4,0.0
성인,F,본운동,우리 모두 다같이,4,0.0
성인,F,본운동,공 받고 던져요,4,0.0
성인,F,본운동,끌어요 당겨요,4,0.0
성인,F,본운동,거북이 스트레칭,4,0.0
성인,F,본운동,의자에 앉아 몸통비틀기,3,0.0
성인,F,본운동,목 당기기,3,0.0
성인,F,본운동,어깨 올리기,3,0.0
성인,F,본운동,폼롤러 앞으로 굴리기,3,0.0
성인,F,본운동,옆으로 누워 가슴 열기,3,0.0
성인,F,본운동,몸통 비틀기,3,0.0
성인,F,본운동,서서 다리로 탄력밴드 당겨 중심 잡기 루틴 운동,3,0.0
성인,F,본운동,서서 발목 뒤로 당기기,3,0.0
성인,F,본운동,양팔 벌려 높이 뛰기,3,0.0
성인,F,본운동,팔꿈치 고정 후 벌리기,3,0.0
성인,F,본운동,발목 돌리기,3,0.0
성인,F,본운동,다리모아 무릎 누르기,3,0.0
성인,F,본운동,한 발 뒤로 들어올리기,3,0.0
성인,F,본운동,앉았다 일어서며 팔 들어올리기,3,0.0
성인,F,본운동,누워 한발 원 그리기,3,0.0
성인,F,본운동,양발 연속 뛰기,3,0.0
성인,F,본운동,폼롤러 밀며 몸 앞으로 숙이기,3,0.0
성인,F,본운동,양발 나란히 서기,3,0.0
성인,F,본운동,하프콘 투호,3,0.0
성인,F,본운동,줄 따라 걷기,3,0.0
성인,F,본운동,옆으로 걷기,3,0.0
성인,F,본운동,양발 교차 뛰기,3,0.0
성인,F,본운동,순간반응 콘 찍기 2,3,0.0
성인,F,본운동,연속 하향 점프하기,3,0.0
성인,F,본운동,메디신 볼 잡고 팔굽혀펴기,3,0.0
성인,F,본운동,박스 옆으로 번갈아 뛰기,3,0.0
성인,F,본운동,빠르게 앞무릎 올리기,3,0.0
성인,F,본운동,점프 후 버티기,3,0.0
성인,F,본운동,1단 줄넘기,3,0.0
성인,F,본운동,슈퍼맨자세,3,0.0
성인,F,본운동,밴드 어깨 뒤로 들어올리기,3,0.0
성인,F,본운동,다리 모아 상체 숙이기,3,0.0
성인,F,본운동,누워서 막대 잡고 팔 들어올리기,3,0.0
성인,F,본운동,공에 엎드려서 상체 들어올리기,3,0.0
성인,F,본운동,탄력밴드 당기면서 팔 들어올리기,3,0.0
성인,F,본운동,수동적 관절가동범위 운동,3,0.0
성인,F,본운동,공 잡고 들어올리기,2,0.0
성인,F,본운동,짐볼 앉아 한발 들기,2,0.0
성인,F,본운동,서서 다리 모으고 벌리기,2,0.0
성인,F,본운동,양발 교차 올리기,2,0.0
성인,F,본운동,짐볼 앉아 양손 측면으로 들기,2,0.0
성인,F,본운동,앉아서 다리 올리기,2,0.0
성인,F,본운동,베개 밟고 측면으로 양팔 들기,2,0.0
성인,F,본운동,무릎당겨 다리 올리기,2,0.0
성인,F,본운동,누워 발목 당겨주기,2,0.0
성인,F,본운동,측면 팔대고 버티기,2,0.0
성인,F,본운동,엎드려 한발 원 그리기,2,0.0
성인,F,본운동,다리굽혀 허리 비틀기,2,0.0
성인,F,본운동,짐볼에서 엉덩이 돌리기,2,0.0
성인,F,본운동,네발 걷기,2,0.0
성인,F,본운동,의자 잡고 서기,2,0.0
성인,F,본운동,바벨 당겨 올리기,2,0.0
성인,F,본운동,다리 굽혀(W자) 상체 뒤로 눕기,2,0.0
성인,F,본운동,다리 꼬아 상체 앞으로 숙이기,2,0.0
성인,F,본운동,양발 모았다 벌려뛰기,2,0.0
성인,F,본운동,누워서 다리 굽히기,2,0.0
성인,F,본운동,무릎 굽혀 엉덩이 들어올리기,2,0.0
성인,F,본운동,엎드려 팔 대고 버티기,2,0.0
성인,F,본운동,다리 앞뒤로 벌려 굽혔다 펴기,2,0.0
성인,F,본운동,엇박자 뛰기,2,0.0
성인,F,본운동,뽁뽁이를 눌러요,2,0.0
성인,F,본운동,딩딩링을 끼워요,2,0.0
성인,F,본운동,밴드잡고 머리 위에서 팔꿈치 펴기,2,0.0
성인,F,본운동,분리배출 해요,2,0.0
성인,F,본운동,박스 오르내리기,2,0.0
성인,F,본운동,공을 옮겨요(앞),2,0.0
성인,F,본운동,흔들어 체조,2,0.0
성인,F,본운동,다리 들어올리기,1,0.0
성인,F,본운동,허리숙여 양팔 돌리기,1,0.0
성인,F,본운동,탄력밴드 걸고 서기,1,0.0
성인,F,본운동,탄력밴드 전방으로 당기기,1,0.0
성인,F,본운동,탄력밴드 후방으로 당기기,1,0.0
성인,F,본운동,탄력밴드 측면으로 당기기,1,0.0
성인,F,본운동,탄력밴드 후방 측면으로 당기기,1,0.0
성인,F,본운동,탄력밴드 무릎으로 당기기,1,0.0
성인,F,본운동,아쿠아로빅-옆구리 늘리기,1,0.0
성인,F,본운동,좌 우 회전(목 좌 우 회전),1,0.0
성인,F,본운동,좌 우 굴곡(목 좌 우 굴곡),1,0.0
성인,F,본운동,앞 뒤 굴곡(목 앞 뒤 굴곡),1,0.0
성인,F,본운동,겨드랑이 늘리기,1,0.0
성인,F,본운동,짐볼 들고 양옆으로 돌리기,1,0.0
성인,F,본운동,뛰어 밀기,1,0.0
성인,F,본운동,목 돌림 스트레칭,1,0.0
성인,F,본운동,어깨 양 옆으로 돌리기,1,0.0
성인,F,본운동,종아리 스트레칭,1,0.0
성인,F,본운동,무릎 당겨올리기,1,0.0
성인,F,본운동,발가락 폄근 스트레칭,1,0.0
성인,F,본운동,서서 한팔 들어 오른쪽 왼쪽 뻗기,1,0.0
성인,F,본운동,무릎 들어 연속 뛰기,1,0.0
성인,F,본운동,다리자세,1,0.0
성인,F,본운동,짐볼 앉아 뒤꿈치 들기,1,0.0
성인,F,본운동,가슴/어깨 스트레칭,1,0.0
성인,F,본운동,의자 이용하기,1,0.0
성인,F,본운동,옆으로 누워 폼롤러 굴려주기,1,0.0
성인,F,본운동,팔꿈치 맞닿아 원그리기,1,0.0
성인,F,본운동,메디신 볼 잡고 런지하며 상체비틀기,1,0.0
성인,F,본운동,깍지끼고 목 들어올리기,1,0.0
성인,F,본운동,목 돌리기,1,0.0
성인,F,본운동,팔꿈치 원 그리기,1,0.0
성인,F,본운동,팔꿈치 머리 뒤로 젖히기,1,0.0
성인,F,본운동,전갈자세,1,0.0
성인,F,본운동,전신 비틀며 전진하기,1,0.0
성인,F,본운동,자세낮춰 이동하기,1,0.0
성인,F,본운동,팔 당기기,1,0.0
성인,F,본운동,의자에 앉아 옆구리 숙이기,1,0.0
성인,F,본운동,크게 다리벌려 교차 뛰기,1,0.0
성인,F,본운동,뒷발 교차 뛰기,1,0.0
성인,F,본운동,빠르게 무릎 올려 찍기,1,0.0
성인,F,본운동,시소우,1,0.0
성인,F,본운동,십(十)자 달리기,1,0.0
성인,F,본운동,뒤로 팔 뻗기,1,0.0
성인,F,본운동,좌우 양발모아 점프하기,1,0.0
성인,F,본운동,의자에 앉아 볼 돌리기,1,0.0
성인,F,본운동,앞발 들어올리기,1,0.0
성인,F,본운동,발 뒤꿈치 들어올리기,1,0.0
성인,F,본운동,옆으로 누워 다리 들어올리기,1,0.0
성인,F,본운동,교차 다리 굽히기,1,0.0
성인,F,본운동,무릎-허리 높이로 공 튀기기,1,0.0
성인,F,본운동,앉아서 밴드 당기기,1,0.0
성인,F,본운동,무릎 올려 공 닿기,1,0.0
성인,F,본운동,팔 구부려 등 모으기,1,0.0
성인,F,본운동,발등 동시에 늘리기,1,0.0
성인,F,본운동,풍선차기,1,0.0
성인,F,본운동,발로 공주고 받기,1,0.0
성인,F,본운동,성화봉송,1,0.0
성인,F,본운동,빠른 발 안팎 뛰기,1,0.0
성인,F,본운동,W 스텝,1,0.0
성인,F,본운동,마주 앉아 대퇴이두근 스트레칭2,1,0.0
성인,F,본운동,짝 스트레칭 루틴프로그램,1,0.0
성인,F,본운동,지게발 걸어요,1,0.0
성인,F,본운동,공을 옮겨요(옆),1,0.0
성인,F,본운동,공 잡고 상체 들어올리기,1,0.0
성인,F,본운동,써클휠로 다리 끌어당기기,1,0.0
성인,F,본운동,옆으로 누워 무릎 벌리기,1,0.0
성인,F,본운동,짐볼 앉아 상체 숙이기,1,0.0
성인,F,본운동,누워서 뒤로 팔굽혀펴기,1,0.0
성인,F,정리운동,전신 루틴 스트레칭,5411,15.67
성인,F,정리운동,하지 루틴 스트레칭2,3274,9.48
성인,F,정리운동,상지 루틴 스트레칭,2725,7.89
성인,F,정리운동,하지 루틴 스트레칭1,2695,7.81
성인,F,정리운동,넙다리 뒤쪽 스트레칭,1959,5.67
성인,F,정리운동,넙다리 안쪽 스트레칭,1805,5.23
성인,F,정리운동,허리 스트레칭,1711,4.96
성인,F,정리운동,엉덩이 스트레칭,1586,4.59
성인,F,정리운동,배스트레칭,1373,3.98
성인,F,정리운동,자가근막이완술 루틴 스트레칭,1116,3.23
성인,F,정리운동,넙다리 앞쪽 스트레칭,1099,3.18
성인,F,정리운동,옆구리 스트레칭,828,2.4
성인,F,정리운동,정적 스트레칭 루틴프로그램,793,2.3
성인,F,정리운동,등/어깨 뒤쪽 스트레칭,762,2.21
성인,F,정리운동,목 스트레칭,742,2.15
성인,F,정리운동,실내 자전거타기,518,1.5
성인,F,정리운동,가슴/어깨 앞쪽 스트레칭,500,1.45
성인,F,정리운동,아래 팔 스트레칭,453,1.31
성인,F,정리운동,걷기,424,1.23
성인,F,정리운동,트레드밀에서 걷기,365,1.06
성인,F,정리운동,달리기,324,0.94
성인,F,정리운동,유산소 운동 전 동적 루틴 스트레칭,269,0.78
성인,F,정리운동,작은 공을 이용한 동적 루틴 스트레칭,223,0.65
성인,F,정리운동,계단 올라갔다 내려오기,175,0.51
성인,F,정리운동,좌식생활자를 위한 동적 루틴 스트레칭,168,0.49
성인,F,정리운동,짐볼을 이용한 동적 루틴 스트레칭,146,0.42
성인,F,정리운동,대퇴사두근 스트레칭,139,0.4
성인,F,정리운동,줄넘기,122,0.35
성인,F,정리운동,요가 및 필라테스 루틴프로그램,120,0.35
성인,F,정리운동,누워서 전신 뻗기,110,0.32
성인,F,정리운동,엉덩이 스트레칭2,108,0.31
성인,F,정리운동,동적 스트레칭 루틴프로그램,106,0.31
성인,F,정리운동,어깨 양 옆으로 돌리기,100,0.29
성인,F,정리운동,고정식 트레드밀에서 걷기,100,0.29
성인,F,정리운동,수영,96,0.28
성인,F,정리운동,깍지 끼고 상체 숙이기,94,0.27
성인,F,정리운동,앉았다 일어서기,87,0.25
성인,F,정리운동,팔벌려뛰기,83,0.24
성인,F,정리운동,조깅,55,0.16
성인,F,정리운동,몸통 스트레칭,45,0.13
성인,F,정리운동,어깨 스트레칭,40,0.12
성인,F,정리운동,앉아서 다리 밀기,39,0.11
성인,F,정리운동,앉아서 다리 펴기,37,0.11
성인,F,정리운동,계단 뛰어 오르기,36,0.1
성인,F,정리운동,누워서 다리 들어올리기,35,0.1
성인,F,정리운동,누워서 하늘 자전거,35,0.1
성인,F,정리운동,대퇴이두근 스트레칭2,33,0.1
성인,F,정리운동,버피운동,31,0.09
성인,F,정리운동,뒤꿈치 높이들어 뛰기,29,0.08
성인,F,정리운동,배 스트레칭,28,0.08
성인,F,정리운동,골반 스트레칭,26,0.08
성인,F,정리운동,어깨 뒤쪽 스트레칭,25,0.07
성인,F,정리운동,엎드려 버티기,25,0.07
성인,F,정리운동,고정식 자전거 타기,25,0.07
성인,F,정리운동,뒤꿈치 들기,24,0.07
성인,F,정리운동,골반 스트레칭2,24,0.07
성인,F,정리운동,흔들어 체조,24,0.07
성인,F,정리운동,서서 발목 뒤로 당기기,23,0.07
성인,F,정리운동,옆구리늘리기,22,0.06
성인,F,정리운동,서서 뒤꿈치 들기,22,0.06
성인,F,정리운동,거북이 스트레칭,22,0.06
성인,F,정리운동,휴식자세,21,0.06
성인,F,정리운동,양팔 벌려 전신 비틀기,21,0.06
성인,F,정리운동,누워서 엉덩이 들어올리기,21,0.06
성인,F,정리운동,소파를 이용한 윗몸올리기,19,0.06
성인,F,정리운동,회전근개 스트레칭,18,0.05
성인,F,정리운동,앉아서 다리 굽히기,17,0.05
성인,F,정리운동,스텝퍼 뛰어서 오르내리기,17,0.05
성인,F,정리운동,짝 스트레칭 루틴프로그램,17,0.05
성인,F,정리운동,고양이 자세,17,0.05
성인,F,정리운동,옆으로 누워서팔 앞으로 당기기,17,0.05
성인,F,정리운동,스텝퍼 뛰어서 넘어가기,16,0.05
성인,F,정리운동,실외 자전거타기,15,0.04
성인,F,정리운동,앞굽이 앉았다 일어서기,15,0.04
성인,F,정리운동,연속 사이드 스쿼드,15,0.04
성인,F,정리운동,대퇴이두근 스트레칭,15,0.04
성인,F,정리운동,후굴자세 해봐요,15,0.04
성인,F,정리운동,등 대고 대퇴이두근 스트레칭,14,0.04
성인,F,정리운동,스텝퍼 오르내리기,14,0.04
성인,F,정리운동,양발 벌려 무릎 밀어내기,14,0.04
성인,F,정리운동,팔 벌려 뛰기,14,0.04
성인,F,정리운동,옆으로 펀치하기,13,0.04
성인,F,정리운동,엎드려서 팔 다리 들기,13,0.04
성인,F,정리운동,다리들어 옆으로 올리기,13,0.04
성인,F,정리운동,몸통 앞으로 굽혀 걷기,13,0.04
성인,F,정리운동,누워서 굽힌 다리 펴기,13,0.04
성인,F,정리운동,빠르게 걷기,13,0.04
성인,F,정리운동,윗몸 말아 올리기,13,0.04
성인,F,정리운동,옆으로 누워 버티기,12,0.03
성인,F,정리운동,무릎굽혀 원 그리기,12,0.03
성인,F,정리운동,상체 앞으로 숙이기,12,0.03
성인,F,정리운동,물누르기/올리기,12,0.03
성인,F,정리운동,비복근 스트레칭,12,0.03
성인,F,정리운동,덤벨 옆으로 들어올리기,12,0.03
성인,F,정리운동,스텝퍼 옆으로 뛰어넘기,11,0.03
성인,F,정리운동,앉은 산 자세,11,0.03
성인,F,정리운동,물병 옆으로 들어올리기,10,0.03
성인,F,정리운동,사다리 좌우 뛰기,10,0.03
성인,F,정리운동,누워서 다리 좌우로 움직이기,10,0.03
성인,F,정리운동,누워서 수직으로 다리 들어올리기,9,0.03
성인,F,정리운동,의자 앞에서 앉았다 일어서기,9,0.03
성인,F,정리운동,서서 탄력밴드 당겨내리기/올리기,9,0.03
성인,F,정리운동,탄력밴드 어깨 가쪽 돌림,9,0.03
성인,F,정리운동,무릎 높여 제자리 달리기,8,0.02
성인,F,정리운동,등척성운동-바깥돌림,8,0.02
성인,F,정리운동,몸통 비틀기,8,0.02
성인,F,정리운동,양발 교차하여 서서 몸통 숙이기,8,0.02
성인,F,정리운동,윗몸올리기,8,0.02
성인,F,정리운동,서서 균형잡기,8,0.02
성인,F,정리운동,수건잡고 팔 들어올리기,8,0.02
성인,F,정리운동,물속에서 걷기,7,0.02
성인,F,정리운동,수건 이용하여 장딴지 늘리기,7,0.02
성인,F,정리운동,등척성운동-벌림,7,0.02
성인,F,정리운동,사다리 안팎 뛰기,7,0.02
성인,F,정리운동,사다리 옆으로 발 옮기기,7,0.02
성인,F,정리운동,가슴 스트레칭,7,0.02
성인,F,정리운동,몸 기울이기/회전하기,7,0.02
성인,F,정리운동,나무자세,7,0.02
성인,F,정리운동,자전거타기,7,0.02
성인,F,정리운동,점프 팔굽혀펴기,7,0.02
성인,F,정리운동,네발기기 자세로 팔 다리 들기,7,0.02
성인,F,정리운동,테이블 이용하여 팔 들어 올리기,7,0.02
성인,F,정리운동,한발 서서 균형잡기,7,0.02
성인,F,정리운동,허리 굽혀 팔 뒤로 들기,6,0.02
성인,F,정리운동,네발기기 자세에서 손바닥으로 바닥밀기,6,0.02
성인,F,정리운동,스텝퍼 올라가서 점프하여 착지하기,6,0.02
성인,F,정리운동,앉았다 일어서면서 점프하기,6,0.02
성인,F,정리운동,계단 두 칸씩 뛰기,6,0.02
성인,F,정리운동,목 굽힘/ 폄 I,6,0.02
성인,F,정리운동,가슴/어깨 스트레칭,6,0.02
성인,F,정리운동,전신 비틀며 전진하기,6,0.02
성인,F,정리운동,온 몸 뻗어주기,6,0.02
성인,F,정리운동,누워서 공들고 몸 기울이기,6,0.02
성인,F,정리운동,막대 잡고 팔 안쪽/바깥 돌림,6,0.02
성인,F,정리운동,팔꿈치 굽히기,5,0.01
성인,F,정리운동,뛰어 내렸다가 바로 점프하기,5,0.01
성인,F,정리운동,진자운동,5,0.01
성인,F,정리운동,서서 어깨 들어올리기,5,0.01
성인,F,정리운동,한발 앞으로 내밀고 앉았다 일어서기,5,0.01
성인,F,정리운동,목 굽힘/ 폄 II,5,0.01
성인,F,정리운동,엉덩관절 회전하기,5,0.01
성인,F,정리운동,척추 들어올리기,5,0.01
성인,F,정리운동,합장하여 앞으로 숙이기,5,0.01
성인,F,정리운동,스텝박스 오르내리기,5,0.01
성인,F,정리운동,누워서 막대 잡고 팔 들어올리기,5,0.01
성인,F,정리운동,팔굽혀펴기,5,0.01
성인,F,정리운동,서서 다리 뒤로 차기,4,0.01
성인,F,정리운동,등척성운동-안쪽 돌림,4,0.01
성인,F,정리운동,벌림 밸런스 운동-60~120도 사이,4,0.01
성인,F,정리운동,굽힘 밸런스운동-60~120도 사이,4,0.01
성인,F,정리운동,깍지끼고 목 들어올리기,4,0.01
성인,F,정리운동,왜가리 자세,4,0.01
성인,F,정리운동,발 끝 당기기,4,0.01
성인,F,정리운동,다리뻗어 상체 숙이기,4,0.01
성인,F,정리운동,목 굽힘/ 폄 III,4,0.01
성인,F,정리운동,서서 발목 누르기,4,0.01
성인,F,정리운동,복식호흡,4,0.01
성인,F,정리운동,엎드려 상체 들어올리기,4,0.01
성인,F,정리운동,테이블 이용하여 팔 옆으로 벌리기,4,0.01
성인,F,정리운동,의자에 앉아 다리 뻗어 올리기,4,0.01
성인,F,정리운동,알을 낳아요,4,0.01
성인,F,정리운동,허리 굽혀 덤벨 뒤로 들기,4,0.01
성인,F,정리운동,누워서 머리 위로 팔꿈치 펴기,4,0.01
성인,F,정리운동,뒤로 팔굽혀펴기,3,0.01
성인,F,정리운동,좌 우 회전(목 좌 우 회전),3,0.01
성인,F,정리운동,좌 우 굴곡(목 좌 우 굴곡),3,0.01
성인,F,정리운동,앞 뒤 굴곡(목 앞 뒤 굴곡),3,0.01
성인,F,정리운동,결가부좌,3,0.01
성인,F,정리운동,누워 발목 당겨주기,3,0.01
성인,F,정리운동,계단 두발 뛰기,3,0.01
성인,F,정리운동,앉아서 위로 밀기,3,0.01
성인,F,정리운동,서서 바벨 위로 밀기,3,0.01
성인,F,정리운동,팔다리 교차 버티기,3,0.01
성인,F,정리운동,스타 투 니 풀,3,0.01
성인,F,정리운동,측면 팔대고 버티기,3,0.01
성인,F,정리운동,레그 스윙,3,0.01
성인,F,정리운동,전진 점프하며 발 뒤꿈치 찍기,3,0.01
성인,F,정리운동,줄넘기 운동,3,0.01
성인,F,정리운동,전사자세,3,0.01
성인,F,정리운동,내전근 스트레칭,3,0.01
성인,F,정리운동,수동적 관절가동범위 운동,3,0.01
성인,F,정리운동,무릎 굽혀 가슴 닿기,3,0.01
성인,F,정리운동,서서 상체 일으키기,3,0.01
성인,F,정리운동,한쪽 다리펴고 상체 숙이기,3,0.01
성인,F,정리운동,누워서 팔 다리 동시에 들어올리기,3,0.01
성인,F,정리운동,점핑점핑해요,3,0.01
성인,F,정리운동,우리 모두 다같이,3,0.01
성인,F,정리운동,짐볼에 다리 올리고 좌우로 움직이기,3,0.01
성인,F,정리운동,다리벌려 풍차돌기,2,0.01
성인,F,정리운동,반달자세,2,0.01
성인,F,정리운동,의자에 앉아 가슴 몸통 말아주기,2,0.01
성인,F,정리운동,앉아서 다리 모으기,2,0.01
성인,F,정리운동,아기자세,2,0.01
성인,F,정리운동,목 돌림 스트레칭,2,0.01
성인,F,정리운동,손목 펴기/굽히기,2,0.01
성인,F,정리운동,발목 돌리기,2,0.01
성인,F,정리운동,나비자세,2,0.01
성인,F,정리운동,양발 나란히 서기,2,0.01
성인,F,정리운동,의자 이용 중심 잡기 루틴 운동,2,0.01
성인,F,정리운동,물당기기/밀기,2,0.01
성인,F,정리운동,턱걸이,2,0.01
성인,F,정리운동,앉아서 한 발 앞으로 굽히기,2,0.01
성인,F,정리운동,다리 꼬아 상체 앞으로 숙이기,2,0.01
성인,F,정리운동,활 자세,2,0.01
성인,F,정리운동,엎드려 교차 발 잡아당기기,2,0.01
성인,F,정리운동,다리 벌려 앞으로 상체 숙이기,2,0.01
성인,F,정리운동,다리 모아 상체 숙이기,2,0.01
성인,F,정리운동,목 당기기,2,0.01
성인,F,정리운동,팔꿈치 머리 뒤로 젖히기,2,0.01
성인,F,정리운동,서서 한팔 들어 오른쪽 왼쪽 뻗기,2,0.01
성인,F,정리운동,바벨 끌어당기기,2,0.01
성인,F,정리운동,누워서 배가로근 수축 I,2,0.01
성인,F,정리운동,의자에 한 다리 올리고 앉앗다 일어서기,2,0.01
성인,F,정리운동,짐볼 윗몸올리기,2,0.01
성인,F,정리운동,누워서 배가로근 수축 II,2,0.01
성인,F,정리운동,고정한 상태에서 덤벨 들고 팔꿈치 굽히기,2,0.01
성인,F,정리운동,소방훈련 해요,2,0.01
성인,F,정리운동,인사 체조,2,0.01
성인,F,정리운동,끌어요 당겨요,2,0.01
성인,F,정리운동,꼬리를 떼어요,2,0.01
성인,F,정리운동,줄넘기 해요,2,0.01
성인,F,정리운동,엎드려서 다리 차올리기,2,0.01
성인,F,정리운동,바벨들어올리기,2,0.01
성인,F,정리운동,팔굽혀펴기(무릎대고 실시),2,0.01
성인,F,정리운동,짐볼에 엎드려서 팔 다리 들기,2,0.01
성인,F,정리운동,마주 앉아 대퇴이두근 스트레칭,1,0.0
성인,F,정리운동,바벨 들어 팔꿈치 굽히기,1,0.0
성인,F,정리운동,앉아서 다리 벌리기,1,0.0
성인,F,정리운동,종아리 스트레칭,1,0.0
성인,F,정리운동,사다리 이용 루틴 운동,1,0.0
성인,F,정리운동,런지하며 상체 비틀기,1,0.0
성인,F,정리운동,겨드랑이 늘리기,1,0.0
성인,F,정리운동,팔 당기기,1,0.0
성인,F,정리운동,어깨 누르기,1,0.0
성인,F,정리운동,가슴 어깨 펴기,1,0.0
성인,F,정리운동,몸 앞으로 굽히기,1,0.0
성인,F,정리운동,발가락 폄근 스트레칭,1,0.0
성인,F,정리운동,V자 싸이클,1,0.0
성인,F,정리운동,다리자세,1,0.0
성인,F,정리운동,의자에 앉아 등 굽혔다 펴기,1,0.0
성인,F,정리운동,의자 잡고 한발 들기,1,0.0
성인,F,정리운동,의자 잡고 측면으로 한발 들기,1,0.0
성인,F,정리운동,베개 밟고 측면으로 양팔 들기,1,0.0
성인,F,정리운동,원판던지기,1,0.0
성인,F,정리운동,발 닿기,1,0.0
성인,F,정리운동,엎드려 어깨 늘리기,1,0.0
성인,F,정리운동,모관운동,1,0.0
성인,F,정리운동,다리 벌려 옆으로 상체 숙이기,1,0.0
성인,F,정리운동,앉아서 팔꿈치 굽히기/펴기,1,0.0
성인,F,정리운동,짝 운동,1,0.0
성인,F,정리운동,파워클린,1,0.0
성인,F,정리운동,계단 한발 뛰기,1,0.0
성인,F,정리운동,누워서 막대 잡고 팔 회전하기,1,0.0
성인,F,정리운동,막대 잡고 대각선으로 팔 들어올리기,1,0.0
성인,F,정리운동,매달려서 뒤로 팔굽혀 펴기,1,0.0
성인,F,정리운동,거꾸로 누워서 밀기,1,0.0
성인,F,정리운동,탄력밴드 당기면서 팔 들어올리기,1,0.0
성인,F,정리운동,전진 점프하며 발바닥 찍기,1,0.0
성인,F,정리운동,몸통 옆으로 굽히기,1,0.0
성인,F,정리운동,밴드잡고 머리 위에서 팔꿈치 펴기,1,0.0
성인,F,정리운동,몸통 들어올리기,1,0.0
성인,F,정리운동,공 받고 던져요,1,0.0
성인,F,정리운동,공을 옮겨요(앞),1,0.0
성인,F,정리운동,분리배출 해요,1,0.0
성인,F,정리운동,뽁뽁이를 눌러요,1,0.0
성인,F,정리운동,고관절 스트레칭,1,0.0
성인,F,정리운동,짐볼에 엎드려서 몸통 젖히기,1,0.0
성인,M,준비운동,유산소 운동 전 동적 루틴 스트레칭,6638,9.99
성인,M,준비운동,전신 루틴 스트레칭,5897,8.88
성인,M,준비운동,하지 루틴 스트레칭1,3557,5.35
성인,M,준비운동,상지 루틴 스트레칭,3278,4.93
성인,M,준비운동,목 스트레칭,2539,3.82
성인,M,준비운동,등/어깨 뒤쪽 스트레칭,2417,3.64
성인,M,준비운동,걷기,2084,3.14
성인,M,준비운동,가슴/어깨 앞쪽 스트레칭,1972,2.97
성인,M,준비운동,하지 루틴 스트레칭2,1931,2.91
성인,M,준비운동,허리 스트레칭,1837,2.77
성인,M,준비운동,자가근막이완술 루틴 스트레칭,1670,2.51
성인,M,준비운동,아래 팔 스트레칭,1478,2.22
성인,M,준비운동,트레드밀에서 걷기,1388,2.09
성인,M,준비운동,달리기,1322,1.99
성인,M,준비운동,실내 자전거타기,1224,1.84
성인,M,준비운동,엉덩이 스트레칭,1196,1.8
성인,M,준비운동,넙다리 뒤쪽 스트레칭,1175,1.77
성인,M,준비운동,배스트레칭,1059,1.59
성인,M,준비운동,옆구리 스트레칭,1042,1.57
성인,M,준비운동,좌식생활자를 위한 동적 루틴 스트레칭,957,1.44
성인,M,준비운동,동적 스트레칭 루틴프로그램,918,1.38
성인,M,준비운동,넙다리 안쪽 스트레칭,777,1.17
성인,M,준비운동,넙다리 앞쪽 스트레칭,728,1.1
성인,M,준비운동,진자운동,716,1.08
성인,M,준비운동,옆으로 누워서팔 앞으로 당기기,682,1.03
성인,M,준비운동,앉았다 일어서기,646,0.97
성인,M,준비운동,엎드려 버티기,625,0.94
성인,M,준비운동,계단 올라갔다 내려오기,563,0.85
성인,M,준비운동,테이블 이용하여 팔 들어 올리기,539,0.81
성인,M,준비운동,윗몸올리기,511,0.77
성인,M,준비운동,줄넘기,495,0.75
성인,M,준비운동,정적 스트레칭 루틴프로그램,395,0.59
성인,M,준비운동,수영,380,0.57
성인,M,준비운동,실외 자전거타기,342,0.51
성인,M,준비운동,테이블 이용하여 팔 옆으로 벌리기,342,0.51
성인,M,준비운동,작은 공을 이용한 동적 루틴 스트레칭,322,0.48
성인,M,준비운동,조깅,288,0.43
성인,M,준비운동,짐볼을 이용한 동적 루틴 스트레칭,284,0.43
성인,M,준비운동,팔벌려뛰기,281,0.42
성인,M,준비운동,한발 앞으로 내밀고 앉았다 일어서기,253,0.38
성인,M,준비운동,턱걸이,249,0.37
성인,M,준비운동,계단 뛰어 오르기,247,0.37
성인,M,준비운동,버피운동,238,0.36
성인,M,준비운동,팔굽혀펴기,220,0.33
성인,M,준비운동,누워서 다리 들어올리기,213,0.32
성인,M,준비운동,한쪽 다리펴고 상체 숙이기,199,0.3
성인,M,준비운동,막대 잡고 팔 안쪽/바깥 돌림,198,0.3
성인,M,준비운동,엎드려서 팔 다리 들기,196,0.3
성인,M,준비운동,맨몸운동 루틴프로그램,195,0.29
성인,M,준비운동,무릎 높여 제자리 달리기,176,0.26
성인,M,준비운동,윗몸 말아 올리기,174,0.26
성인,M,준비운동,옆으로 누워 버티기,168,0.25
성인,M,준비운동,깍지 끼고 상체 숙이기,165,0.25
성인,M,준비운동,누워서 엉덩이 들어올리기,165,0.25
성인,M,준비운동,어깨 뒤쪽 스트레칭,163,0.25
성인,M,준비운동,빠르게 걷기,160,0.24
성인,M,준비운동,스텝퍼 뛰어서 오르내리기,148,0.22
성인,M,준비운동,뒤꿈치 들기,133,0.2
성인,M,준비운동,스텝퍼 옆으로 뛰어넘기,128,0.19
성인,M,준비운동,서서 뒤꿈치 들기,125,0.19
성인,M,준비운동,네발기기 자세로 팔 다리 들기,123,0.19
성인,M,준비운동,팔굽혀 펴기,123,0.19
성인,M,준비운동,앉아서 다리 밀기,117,0.18
성인,M,준비운동,누워서 전신 뻗기,117,0.18
성인,M,준비운동,손목 펴기/굽히기,114,0.17
성인,M,준비운동,엉덩이 스트레칭2,105,0.16
성인,M,준비운동,버피 테스트,104,0.16
성인,M,준비운동,앉았다 일어서면서 점프하기,103,0.16
성인,M,준비운동,짐볼에 엎드려서 팔 다리 들기,103,0.16
성인,M,준비운동,바벨 끌어당기기,99,0.15
성인,M,준비운동,윗몸 일으키기,95,0.14
성인,M,준비운동,바운딩 운동 루틴프로그램,93,0.14
성인,M,준비운동,앉아서 다리 펴기,90,0.14
성인,M,준비운동,물병 옆으로 들어올리기,90,0.14
성인,M,준비운동,누워서 막대 잡고 팔 들어올리기,88,0.13
성인,M,준비운동,짐볼에 엎드려서 몸통 젖히기,85,0.13
성인,M,준비운동,팔꿈치 굽히기,84,0.13
성인,M,준비운동,줄넘기 운동,80,0.12
성인,M,준비운동,다리 뻗어 올리기,79,0.12
성인,M,준비운동,몸통 옆으로 굽히기,78,0.12
성인,M,준비운동,뒤로 팔굽혀펴기,76,0.11
성인,M,준비운동,한발 들기,74,0.11
성인,M,준비운동,앉아서 다리 모으기,73,0.11
성인,M,준비운동,손 뻗어 윗몸 일으키기,71,0.11
성인,M,준비운동,누워서 막대 잡고 팔 회전하기,69,0.1
성인,M,준비운동,의자 잡고 서기,66,0.1
성인,M,준비운동,의자 잡고 한발 들기,66,0.1
성인,M,준비운동,의자 잡고 측면으로 한발 들기,66,0.1
성인,M,준비운동,몸통 들어올리기,65,0.1
성인,M,준비운동,바벨들어올리기,65,0.1
성인,M,준비운동,물속에서 걷기,63,0.09
성인,M,준비운동,의자 앞에서 앉았다 일어서기,63,0.09
성인,M,준비운동,저항밴드 운동 루틴프로그램,62,0.09
성인,M,준비운동,요가 및 필라테스 루틴프로그램,61,0.09
성인,M,준비운동,옆으로 누워 가슴 열기,61,0.09
성인,M,준비운동,덤벨 옆으로 들어올리기,60,0.09
성인,M,준비운동,옆구리늘리기,60,0.09
성인,M,준비운동,매달려서 다리 들기,60,0.09
성인,M,준비운동,자전거타기,59,0.09
성인,M,준비운동,서서 상체 일으키기,59,0.09
성인,M,준비운동,앉아서 다리 굽히기,58,0.09
성인,M,준비운동,스텝퍼 올라가서 점프하여 착지하기,58,0.09
성인,M,준비운동,어깨 스트레칭,58,0.09
성인,M,준비운동,누워서 팔 다리 동시에 들어올리기,58,0.09
성인,M,준비운동,막대 잡고 대각선으로 팔 들어올리기,58,0.09
성인,M,준비운동,양팔 벌려 전신 비틀기,56,0.08
성인,M,준비운동,서서 바벨 위로 밀기,56,0.08
성인,M,준비운동,앞굽이 앉았다 일어서기,56,0.08
성인,M,준비운동,앉아서 뒤로 당기기,55,0.08
성인,M,준비운동,바벨 들어 팔꿈치 굽히기,55,0.08
성인,M,준비운동,옆으로 펀치하기,52,0.08
성인,M,준비운동,점프 팔굽혀펴기,52,0.08
성인,M,준비운동,스텝퍼 뛰어서 넘어가기,51,0.08
성인,M,준비운동,엎드려서 균형잡기,51,0.08
성인,M,준비운동,고정식 트레드밀에서 걷기,51,0.08
성인,M,준비운동,소파를 이용한 윗몸올리기,50,0.08
성인,M,준비운동,스텝박스 오르내리기,49,0.07
성인,M,준비운동,누워서 머리 위로 팔꿈치 펴기,46,0.07
성인,M,준비운동,몸 기울이기/회전하기,46,0.07
성인,M,준비운동,의자에 앉아 다리 뻗어 올리기,45,0.07
성인,M,준비운동,서서 다리 뒤로 차기,45,0.07
성인,M,준비운동,사다리 안팎 뛰기,45,0.07
성인,M,준비운동,팔 벌려 뛰기,45,0.07
성인,M,준비운동,앉아서 당겨 내리기,44,0.07
성인,M,준비운동,웨이트 트레이닝 루틴프로그램,44,0.07
성인,M,준비운동,앉아서 밴드 잡고 몸통 돌리기,44,0.07
성인,M,준비운동,가슴 스트레칭,44,0.07
성인,M,준비운동,서서 균형잡기,42,0.06
성인,M,준비운동,배 스트레칭,42,0.06
성인,M,준비운동,발 닿기,42,0.06
성인,M,준비운동,스텝박스,42,0.06
성인,M,준비운동,앉아서 팔꿈치 굽히기/펴기,42,0.06
성인,M,준비운동,폼롤러 앞으로 굴리기,42,0.06
성인,M,준비운동,누워서 배가로근 수축 II,41,0.06
성인,M,준비운동,누워서 배가로근 수축 I,41,0.06
성인,M,준비운동,팔 교대로 올리기,41,0.06
성인,M,준비운동,옆으로 누워 폼롤러 굴려주기,41,0.06
성인,M,준비운동,폼롤러 밀며 몸 앞으로 숙이기,41,0.06
성인,M,준비운동,옆으로 걷기,41,0.06
성인,M,준비운동,전사자세,41,0.06
성인,M,준비운동,골반 스트레칭,38,0.06
성인,M,준비운동,의자에 한 다리 올리고 앉앗다 일어서기,38,0.06
성인,M,준비운동,물누르기/올리기,38,0.06
성인,M,준비운동,스텝퍼 오르내리기,37,0.06
성인,M,준비운동,회전근개 스트레칭,36,0.05
성인,M,준비운동,짝 운동,36,0.05
성인,M,준비운동,밴드 잡고 몸통 옆으로 굽히기,35,0.05
성인,M,준비운동,수건 이용하여 장딴지 늘리기,35,0.05
성인,M,준비운동,누워서 하늘 자전거,34,0.05
성인,M,준비운동,허리 굽혀 덤벨 뒤로 들기,34,0.05
성인,M,준비운동,서서 어깨 들어올리기,33,0.05
성인,M,준비운동,고양이 자세,33,0.05
성인,M,준비운동,목 돌림 스트레칭,33,0.05
성인,M,준비운동,누워서 덤벨 들어올리기,33,0.05
성인,M,준비운동,전완대고 버티기,32,0.05
성인,M,준비운동,팔다리 교차 버티기,32,0.05
성인,M,준비운동,누워서 굽힌 다리 펴기,32,0.05
성인,M,준비운동,고정식 자전거 타기,31,0.05
성인,M,준비운동,네발기기 자세에서 다리 위로 뻗어올리기,30,0.05
성인,M,준비운동,수동적 관절가동범위 운동,30,0.05
성인,M,준비운동,뛰어 내렸다가 바로 점프하기,29,0.04
성인,M,준비운동,복식호흡,29,0.04
성인,M,준비운동,고정한 상태에서 덤벨 들고 팔꿈치 굽히기,29,0.04
성인,M,준비운동,허리 굽혀 덤벨 들기,29,0.04
성인,M,준비운동,앉아서 밀기,28,0.04
성인,M,준비운동,어깨 양 옆으로 돌리기,27,0.04
성인,M,준비운동,앉아서 엉덩관절 굽히기,27,0.04
성인,M,준비운동,짐볼 윗몸올리기,27,0.04
성인,M,준비운동,엎드려 팔다리 교차올리기,27,0.04
성인,M,준비운동,양발 벌려 무릎 밀어내기,26,0.04
성인,M,준비운동,탄력밴드 어깨 가쪽 돌림,26,0.04
성인,M,준비운동,파워클린,26,0.04
성인,M,준비운동,덤벨 잡고 앉았다 일어서기,26,0.04
성인,M,준비운동,등척성운동-바깥돌림,26,0.04
성인,M,준비운동,앉아서 다리 벌리기,25,0.04
성인,M,준비운동,엎드려서 다리 차올리기,25,0.04
성인,M,준비운동,V자 싸이클,25,0.04
성인,M,준비운동,누워 다리 들어올리기,25,0.04
성인,M,준비운동,탄력밴드 당기면서 팔 들어올리기,25,0.04
성인,M,준비운동,거북이 스트레칭,25,0.04
성인,M,준비운동,목 당기기,24,0.04
성인,M,준비운동,서서 탄력밴드 당겨내리기/올리기,24,0.04
성인,M,준비운동,누워서 다리 좌우로 움직이기,24,0.04
성인,M,준비운동,밴드잡고 머리 위에서 팔꿈치 펴기,24,0.04
성인,M,준비운동,발에 밴드걸고 윗몸일으키기,23,0.03
성인,M,준비운동,짝 스트레칭 루틴프로그램,23,0.03
성인,M,준비운동,대퇴이두근 스트레칭2,23,0.03
성인,M,준비운동,등척성운동-안쪽 돌림,23,0.03
성인,M,준비운동,몸통 스트레칭,22,0.03
성인,M,준비운동,네발기기 자세에서 손바닥으로 바닥밀기,22,0.03
성인,M,준비운동,대퇴사두근 스트레칭,21,0.03
성인,M,준비운동,몸통 비틀기,21,0.03
성인,M,준비운동,허리 굽혀 팔 뒤로 들기,21,0.03
성인,M,준비운동,엉덩관절 회전하기,21,0.03
성인,M,준비운동,한 발 뒤로 들어올리기,21,0.03
성인,M,준비운동,런지하며 상체 비틀기,21,0.03
성인,M,준비운동,수건잡고 팔 들어올리기,21,0.03
성인,M,준비운동,몸통 앞으로 굽혀 걷기,20,0.03
성인,M,준비운동,팔꿈치 원 그리기,20,0.03
성인,M,준비운동,굽힘 밸런스운동-60~120도 사이,20,0.03
성인,M,준비운동,아쿠아로빅,19,0.03
성인,M,준비운동,아기자세,17,0.03
성인,M,준비운동,누워서 수직으로 다리 들어올리기,17,0.03
성인,M,준비운동,누워서 밀기,17,0.03
성인,M,준비운동,누워서 덤벨 모아들기,17,0.03
성인,M,준비운동,온 몸 뻗어주기,17,0.03
성인,M,준비운동,흔들어 체조,17,0.03
성인,M,준비운동,사다리 좌우 뛰기,16,0.02
성인,M,준비운동,서서 발목 누르기,16,0.02
성인,M,준비운동,앉아서 몸통 움츠리기,16,0.02
성인,M,준비운동,목 굽힘/ 폄 I,16,0.02
성인,M,준비운동,깍지끼고 목 들어올리기,16,0.02
성인,M,준비운동,한 발 뒤로 빼고 앞으로 굽히기,16,0.02
성인,M,준비운동,매달려서 뒤로 팔굽혀 펴기,16,0.02
성인,M,준비운동,등척성운동-벌림,16,0.02
성인,M,준비운동,벌림 밸런스 운동-60~120도 사이,16,0.02
성인,M,준비운동,벽에서 팔굽혀 펴기,15,0.02
성인,M,준비운동,모관운동,15,0.02
성인,M,준비운동,사다리 운동 루틴프로그램,15,0.02
성인,M,준비운동,대퇴이두근 스트레칭,15,0.02
성인,M,준비운동,크런치 사이클,15,0.02
성인,M,준비운동,박스 운동 루틴프로그램,15,0.02
성인,M,준비운동,목 돌리기,13,0.02
성인,M,준비운동,다리굽혀 허리 비틀기,13,0.02
성인,M,준비운동,밴드 걸고 누워서 다리 들어올리기,13,0.02
성인,M,준비운동,엎드려 한발 원 그리기,12,0.02
성인,M,준비운동,앉아서 위로 밀기,12,0.02
성인,M,준비운동,어깨 누르기,12,0.02
성인,M,준비운동,서서 다리로 탄력밴드 당기기 I,12,0.02
성인,M,준비운동,엎드려 무릎 연속 차기,12,0.02
성인,M,준비운동,비복근 스트레칭,12,0.02
성인,M,준비운동,전신 비틀며 전진하기,12,0.02
성인,M,준비운동,한발 서서 균형잡기,12,0.02
성인,M,준비운동,가슴/어깨 스트레칭,11,0.02
성인,M,준비운동,골반 스트레칭2,11,0.02
성인,M,준비운동,덤벨 잡고 뒤꿈치 들기,11,0.02
성인,M,준비운동,연속 사이드 스쿼드,11,0.02
성인,M,준비운동,서서 균형잡으며 몸통 회전하기,10,0.02
성인,M,준비운동,계단 두발 뛰기,10,0.02
성인,M,준비운동,계단 두 칸씩 뛰기,10,0.02
성인,M,준비운동,서서 다리로 탄력밴드 당기기 II,10,0.02
성인,M,준비운동,앉아서 덤벨로 손목 굽히기,10,0.02
성인,M,준비운동,균형 걷기,10,0.02
성인,M,준비운동,한발 연속 뛰기,10,0.02
성인,M,준비운동,앉아 윗몸 앞으로 굽히기,10,0.02
성인,M,준비운동,원판던지기,9,0.01
성인,M,준비운동,서서 팔꿈치 펴기,9,0.01
성인,M,준비운동,발 바꿔 뛰기,9,0.01
성인,M,준비운동,플렉스 바 비틀기,9,0.01
성인,M,준비운동,한 발 무릎위 올려차기,9,0.01
성인,M,준비운동,팔굽혀펴기(무릎대고 실시),9,0.01
성인,M,준비운동,전신 틀어 손벽 마주치기,8,0.01
성인,M,준비운동,짐볼에서 윗몸 일으키기,8,0.01
성인,M,준비운동,물당기기/밀기,8,0.01
성인,M,준비운동,발목 돌리기,8,0.01
성인,M,준비운동,양발 모아 좌우 뛰기,8,0.01
성인,M,준비운동,척추 들어올리기,7,0.01
성인,M,준비운동,허리숙여 양팔 돌리기,7,0.01
성인,M,준비운동,누워서 공들고 몸 기울이기,7,0.01
성인,M,준비운동,비스듬히 누워서 밀기,7,0.01
성인,M,준비운동,양팔 크게 벌리기,7,0.01
성인,M,준비운동,바로서서 상체 숙이기,7,0.01
성인,M,준비운동,팔 들어 올리며 런지,7,0.01
성인,M,준비운동,다리 벌려 앞으로 상체 숙이기,7,0.01
성인,M,준비운동,발등굽힘/발바닥굽힘,7,0.01
성인,M,준비운동,서서 발목 뒤로 당기기,6,0.01
성인,M,준비운동,엎드려 상체 들어올리기,6,0.01
성인,M,준비운동,내전근 스트레칭,6,0.01
성인,M,준비운동,척추 스트레칭,6,0.01
성인,M,준비운동,메디신볼 운동 루틴프로그램,6,0.01
성인,M,준비운동,의자에 앉아 옆구리 숙이기,6,0.01
성인,M,준비운동,네발 걷기,6,0.01
성인,M,준비운동,사다리 옆으로 발 옮기기,6,0.01
성인,M,준비운동,줄넘기 해요,6,0.01
성인,M,준비운동,밴드를 당겨요,6,0.01
성인,M,준비운동,다리들어 옆으로 올리기,5,0.01
성인,M,준비운동,팔굽혀펴기 후 점프하기,5,0.01
성인,M,준비운동,한발로 점프하기,5,0.01
성인,M,준비운동,어깨 올리기,5,0.01
성인,M,준비운동,바벨 잡고 들어올리기,5,0.01
성인,M,준비운동,짐볼 운동 루틴프로그램,5,0.01
성인,M,준비운동,무릎 들어올리기,5,0.01
성인,M,준비운동,등 대고 대퇴이두근 스트레칭,5,0.01
성인,M,준비운동,계단 한발 뛰기,5,0.01
성인,M,준비운동,윗몸말아올리기,5,0.01
성인,M,준비운동,다리 모았다 벌려 뛰기,5,0.01
성인,M,준비운동,제자리 뛰기,5,0.01
성인,M,준비운동,한 발 앞굽이 팔 위로 뻗어 가슴 내밀기,5,0.01
성인,M,준비운동,메디신 볼 잡고 런지하며 상체비틀기,5,0.01
성인,M,준비운동,베개 밟고 서기,5,0.01
성인,M,준비운동,점핑점핑해요,5,0.01
성인,M,준비운동,나비자세,4,0.01
성인,M,준비운동,양발 교차하여 서서 몸통 숙이기,4,0.01
성인,M,준비운동,누워 발목 당겨주기,4,0.01
성인,M,준비운동,무릎굽혀 원 그리기,4,0.01
성인,M,준비운동,거꾸로 누워서 밀기,4,0.01
성인,M,준비운동,누워서 팔 밀기,4,0.01
성인,M,준비운동,콘운동 루틴프로그램,4,0.01
성인,M,준비운동,왜가리 자세,4,0.01
성인,M,준비운동,덤벨 잡고 한발 내밀어 굽혔다 펴기,4,0.01
성인,M,준비운동,팔 당기기,4,0.01
성인,M,준비운동,종아리 스트레칭,4,0.01
성인,M,준비운동,빠르게 무릎 올려 찍기,4,0.01
성인,M,준비운동,뒤꿈치 높이들어 뛰기,4,0.01
성인,M,준비운동,무릎 높이 들어 뛰기,4,0.01
성인,M,준비운동,점프하며 뛰기,4,0.01
성인,M,준비운동,앉았다 일어나며 점프하기,4,0.01
성인,M,준비운동,점프 후 버티기,4,0.01
성인,M,준비운동,발목 얹고 다리 잡아당기기,4,0.01
성인,M,준비운동,다리 모아 뒤로 눕기,4,0.01
성인,M,준비운동,아령 뒤로 들어올리기,4,0.01
성인,M,준비운동,무릎 아래에서 양옆으로 굴리기,4,0.01
성인,M,준비운동,알을 낳아요,4,0.01
성인,M,준비운동,꼬리를 떼어요,4,0.01
성인,M,준비운동,후굴자세 해봐요,4,0.01
성인,M,준비운동,물병 들고 한발 앞으로 내밀고 앉았다 일어서기,3,0.0
성인,M,준비운동,짐볼에 다리 올리고 엉덩이 들어올리기,3,0.0
성인,M,준비운동,회전근개 스트레칭2,3,0.0
성인,M,준비운동,엎드려서 다리 굽히기,3,0.0
성인,M,준비운동,합장하여 앞으로 숙이기,3,0.0
성인,M,준비운동,팔꿈치 맞닿아 원그리기,3,0.0
성인,M,준비운동,덤벨 잡고 몸통 옆으로 굽히기,3,0.0
성인,M,준비운동,바벨 당겨 올리기,3,0.0
성인,M,준비운동,몸 앞으로 굽히기,3,0.0
성인,M,준비운동,나란히 서서 손잡고 끌어당기기,3,0.0
성인,M,준비운동,밴드 걸고 옆으로 누워 다리 올리기,3,0.0
성인,M,준비운동,다리 뻗어 점프하기,3,0.0
성인,M,준비운동,다리 들어올리기,3,0.0
성인,M,준비운동,팔 돌리며 점프하기,3,0.0
성인,M,준비운동,전진 점프하며 발바닥 찍기,3,0.0
성인,M,준비운동,발 끝 당기기,3,0.0
성인,M,준비운동,다리 꼬아 상체 앞으로 숙이기,3,0.0
성인,M,준비운동,앉아서 한 발 앞으로 굽히기,3,0.0
성인,M,준비운동,좌우 양발모아 점프하기,3,0.0
성인,M,준비운동,상체 감아올리기,3,0.0
성인,M,준비운동,박스 옆으로 번갈아 뛰기,3,0.0
성인,M,준비운동,엎드려 뒤로 다리 올리기,2,0.0
성인,M,준비운동,앉아서 어깨 위로 밀기,2,0.0
성인,M,준비운동,누워서 가슴 밀기,2,0.0
성인,M,준비운동,앉아서 팔꿈치 굽히기,2,0.0
성인,M,준비운동,고관절 스트레칭,2,0.0
성인,M,준비운동,앉아서 가슴 모으기,2,0.0
성인,M,준비운동,앉아서 양팔 당기기,2,0.0
성인,M,준비운동,다리 넓게 벌려 앉았다 일어서기,2,0.0
성인,M,준비운동,밴드 머리 뒤로 들어올리기,2,0.0
성인,M,준비운동,앞굽이 뛰기,2,0.0
성인,M,준비운동,서서 한팔 들어 오른쪽 왼쪽 뻗기,2,0.0
성인,M,준비운동,다리로 짐볼 들어올리기,2,0.0
성인,M,준비운동,공 잡고 들어올리기,2,0.0
성인,M,준비운동,짐볼 앉아 중심 잡기 루틴 운동,2,0.0
성인,M,준비운동,레그 스윙,2,0.0
성인,M,준비운동,슈퍼맨자세,2,0.0
성인,M,준비운동,전후 교차 뛰기,2,0.0
성인,M,준비운동,사이드 지그재그 뛰기,2,0.0
성인,M,준비운동,제자리 멀리 뛰기,2,0.0
성인,M,준비운동,좌우 이동하며 팔굽혀펴기,2,0.0
성인,M,준비운동,상체 앞으로 숙이기,2,0.0
성인,M,준비운동,전진 점프하며 발 뒤꿈치 찍기,2,0.0
성인,M,준비운동,엎드려 다리 들어올리기,2,0.0
성인,M,준비운동,엉덩이 늘리기,2,0.0
성인,M,준비운동,앉아서 옆구리 늘려주기,2,0.0
성인,M,준비운동,다리 모아 상체 숙이기,2,0.0
성인,M,준비운동,왕복달리기,2,0.0
성인,M,준비운동,빌리보를 밀어요,2,0.0
성인,M,준비운동,다리 굽혀(W자) 상체 뒤로 눕기,2,0.0
성인,M,준비운동,영차영차 올라요,2,0.0
성인,M,준비운동,좌 우 회전(목 좌 우 회전),1,0.0
성인,M,준비운동,팔꿈치 머리 뒤로 젖히기,1,0.0
성인,M,준비운동,누워 한발 원 그리기,1,0.0
성인,M,준비운동,메디신 볼 잡고 팔굽혀펴기,1,0.0
성인,M,준비운동,짐볼 배에 대고 버티기,1,0.0
성인,M,준비운동,짐볼 윗몸일으키기,1,0.0
성인,M,준비운동,서서 다리 모으고 벌리기,1,0.0
성인,M,준비운동,짐볼에서 몸통 돌리기,1,0.0
성인,M,준비운동,짐볼에서 엉덩이 돌리기,1,0.0
성인,M,준비운동,의자에 앉아 등 굽혔다 펴기,1,0.0
성인,M,준비운동,엎드려 양팔 및 다리 들어올리기,1,0.0
성인,M,준비운동,짐볼 이용해 앉았다 일어서기,1,0.0
성인,M,준비운동,한 발 들어올리기,1,0.0
성인,M,준비운동,마주보고 상체 좌우 비틀기,1,0.0
성인,M,준비운동,웅크리고 앉아 손잡고 상체 숙이기,1,0.0
성인,M,준비운동,다리모아 무릎 누르기,1,0.0
성인,M,준비운동,의자에 앉아 물병 들고 몸통 돌리기,1,0.0
성인,M,준비운동,아쿠아로빅-물당기기/밀기,1,0.0
성인,M,준비운동,아쿠아로빅-옆구리 늘리기,1,0.0
성인,M,준비운동,앞뒤로 한발씩 걷기,1,0.0
성인,M,준비운동,측면 팔대고 버티기,1,0.0
성인,M,준비운동,엎드려 팔로 걷기,1,0.0
성인,M,준비운동,S자 달리기,1,0.0
성인,M,준비운동,반복 옆뛰기,1,0.0
성인,M,준비운동,잔발치기,1,0.0
성인,M,준비운동,목 굽힘/ 폄 II,1,0.0
성인,M,준비운동,다리 감아올리기,1,0.0
성인,M,준비운동,좌 우 굴곡(목 좌 우 굴곡),1,0.0
성인,M,준비운동,박스 오르내리기,1,0.0
성인,M,준비운동,무릎 굽혀 가슴 닿기,1,0.0
성인,M,준비운동,다리 벌려 옆으로 상체 숙이기,1,0.0
성인,M,준비운동,발가락 폄근 스트레칭,1,0.0
성인,M,준비운동,발로 공주고 받기,1,0.0
성인,M,준비운동,머리 위로 공 넘기기,1,0.0
성인,M,준비운동,의자 앉아 공 밀기,1,0.0
성인,M,준비운동,앉아서 모으기,1,0.0
성인,M,준비운동,시소우,1,0.0
성인,M,준비운동,옆으로 팔 벌리며 점프하기,1,0.0
성인,M,준비운동,팔꿈치 고정 후 벌리기,1,0.0
성인,M,준비운동,앉았다 일어서며 팔 들어올리기,1,0.0
성인,M,준비운동,의자 잡고 팔 뒤로 굽히기,1,0.0
성인,M,준비운동,옆으로 팔 대고 버티기,1,0.0
성인,M,준비운동,팔 구부려 등 모으기,1,0.0
성인,M,준비운동,엎드려 무릎 당기기,1,0.0
성인,M,준비운동,짐볼 양옆으로 굴리기,1,0.0
성인,M,준비운동,후다닥 집어요,1,0.0
성인,M,준비운동,힘차게 던져요,1,0.0
성인,M,준비운동,다리뻗어 상체 숙이기,1,0.0
성인,M,준비운동,끌어요 당겨요,1,0.0
성인,M,준비운동,윗몸 말며 공을 전달해요,1,0.0
성인,M,준비운동,공을 옮겨요(앞),1,0.0
성인,M,준비운동,짐볼에 다리 올리고 좌우로 움직이기,1,0.0
성인,M,준비운동,마주보고 종아리 펴기,1,0.0
성인,M,준비운동,낚시를 해요,1,0.0
성인,M,준비운동,순간반응 콘 찍기,1,0.0
성인,M,준비운동,순간반응 콘 찍기 2,1,0.0
성인,M,준비운동,동물처럼 걸어요,1,0.0
성인,M,준비운동,벽잡고 빨리 뛰기,1,0.0
성인,M,준비운동,엎드려 교차 발 잡아당기기,1,0.0
성인,M,준비운동,무릎 대고 옆으로 기울이기,1,0.0
성인,M,본운동,달리기,7776,5.04
성인,M,본운동,앉았다 일어서기,6838,4.43
성인,M,본운동,엎드려 버티기,5481,3.55
성인,M,본운동,실내 자전거타기,5383,3.49
성인,M,본운동,윗몸올리기,5037,3.27
성인,M,본운동,수영,4468,2.9
성인,M,본운동,계단 올라갔다 내려오기,4270,2.77
성인,M,본운동,한발 앞으로 내밀고 앉았다 일어서기,3740,2.42
성인,M,본운동,팔굽혀펴기,3672,2.38
성인,M,본운동,버피운동,3488,2.26
성인,M,본운동,줄넘기,3418,2.22
성인,M,본운동,턱걸이,3223,2.09
성인,M,본운동,트레드밀에서 걷기,3220,2.09
성인,M,본운동,누워서 엉덩이 들어올리기,2440,1.58
성인,M,본운동,계단 뛰어 오르기,2389,1.55
성인,M,본운동,윗몸 말아 올리기,2123,1.38
성인,M,본운동,실외 자전거타기,2071,1.34
성인,M,본운동,누워서 다리 들어올리기,2042,1.32
성인,M,본운동,넙다리 뒤쪽 스트레칭,1801,1.17
성인,M,본운동,팔벌려뛰기,1698,1.1
성인,M,본운동,앉아서 당겨 내리기,1655,1.07
성인,M,본운동,무릎 높여 제자리 달리기,1618,1.05
성인,M,본운동,옆으로 누워 버티기,1561,1.01
성인,M,본운동,엎드려서 팔 다리 들기,1335,0.87
성인,M,본운동,서서 상체 일으키기,1310,0.85
성인,M,본운동,허리 스트레칭,1293,0.84
성인,M,본운동,앉아서 다리 밀기,1281,0.83
성인,M,본운동,바벨 끌어당기기,1277,0.83
성인,M,본운동,엉덩이 스트레칭,1255,0.81
성인,M,본운동,걷기,1255,0.81
성인,M,본운동,앉았다 일어서면서 점프하기,1220,0.79
성인,M,본운동,넙다리 안쪽 스트레칭,1212,0.79
성인,M,본운동,앉아서 다리 펴기,1193,0.77
성인,M,본운동,바벨들어올리기,1177,0.76
성인,M,본운동,누워서 팔 다리 동시에 들어올리기,1169,0.76
성인,M,본운동,목 스트레칭,1155,0.75
성인,M,본운동,누워서 배가로근 수축 II,1144,0.74
성인,M,본운동,배스트레칭,1141,0.74
성인,M,본운동,네발기기 자세로 팔 다리 들기,1102,0.71
성인,M,본운동,전신 루틴 스트레칭,1090,0.71
성인,M,본운동,웨이트 트레이닝 루틴프로그램,1046,0.68
성인,M,본운동,소파를 이용한 윗몸올리기,1016,0.66
성인,M,본운동,하지 루틴 스트레칭1,1010,0.65
성인,M,본운동,맨몸운동 루틴프로그램,998,0.65
성인,M,본운동,하지 루틴 스트레칭2,984,0.64
성인,M,본운동,팔꿈치 굽히기,955,0.62
성인,M,본운동,앉아서 밀기,919,0.6
성인,M,본운동,옆구리 스트레칭,910,0.59
성인,M,본운동,넙다리 앞쪽 스트레칭,906,0.59
성인,M,본운동,손목 펴기/굽히기,903,0.59
성인,M,본운동,매달려서 다리 들기,884,0.57
성인,M,본운동,서서 뒤꿈치 들기,855,0.55
성인,M,본운동,몸통 들어올리기,826,0.54
성인,M,본운동,뒤로 팔굽혀펴기,813,0.53
성인,M,본운동,누워서 하늘 자전거,765,0.5
성인,M,본운동,물병 옆으로 들어올리기,752,0.49
성인,M,본운동,상지 루틴 스트레칭,752,0.49
성인,M,본운동,의자 앞에서 앉았다 일어서기,740,0.48
성인,M,본운동,스텝퍼 뛰어서 오르내리기,682,0.44
성인,M,본운동,스텝퍼 오르내리기,676,0.44
성인,M,본운동,허리 굽혀 팔 뒤로 들기,652,0.42
성인,M,본운동,조깅,650,0.42
성인,M,본운동,뒤꿈치 들기,625,0.41
성인,M,본운동,서서 바벨 위로 밀기,624,0.4
성인,M,본운동,몸통 옆으로 굽히기,623,0.4
성인,M,본운동,앉아서 뒤로 당기기,611,0.4
성인,M,본운동,누워서 배가로근 수축 I,604,0.39
성인,M,본운동,등/어깨 뒤쪽 스트레칭,586,0.38
성인,M,본운동,유산소 운동 전 동적 루틴 스트레칭,579,0.38
성인,M,본운동,앉아서 다리 굽히기,573,0.37
성인,M,본운동,사다리 안팎 뛰기,569,0.37
성인,M,본운동,스텝퍼 옆으로 뛰어넘기,557,0.36
성인,M,본운동,누워서 다리 좌우로 움직이기,554,0.36
성인,M,본운동,허리 굽혀 덤벨 들기,553,0.36
성인,M,본운동,가슴/어깨 앞쪽 스트레칭,517,0.34
성인,M,본운동,사다리 좌우 뛰기,509,0.33
성인,M,본운동,좌식생활자를 위한 동적 루틴 스트레칭,507,0.33
성인,M,본운동,서서 다리 뒤로 차기,497,0.32
성인,M,본운동,앉아서 위로 밀기,489,0.32
성인,M,본운동,의자에 앉아 다리 뻗어 올리기,480,0.31
성인,M,본운동,계단 두발 뛰기,471,0.31
성인,M,본운동,바벨 들어 팔꿈치 굽히기,457,0.3
성인,M,본운동,덤벨 옆으로 들어올리기,454,0.29
성인,M,본운동,누워서 수직으로 다리 들어올리기,443,0.29
성인,M,본운동,저항밴드 운동 루틴프로그램,440,0.29
성인,M,본운동,사다리 옆으로 발 옮기기,429,0.28
성인,M,본운동,작은 공을 이용한 동적 루틴 스트레칭,428,0.28
성인,M,본운동,스텝퍼 뛰어서 넘어가기,424,0.27
성인,M,본운동,누워서 밀기,424,0.27
성인,M,본운동,뛰어 내렸다가 바로 점프하기,421,0.27
성인,M,본운동,자가근막이완술 루틴 스트레칭,413,0.27
성인,M,본운동,짐볼을 이용한 동적 루틴 스트레칭,408,0.26
성인,M,본운동,엎드려서 균형잡기,401,0.26
성인,M,본운동,의자에 한 다리 올리고 앉앗다 일어서기,395,0.26
성인,M,본운동,앉아서 엉덩관절 굽히기,394,0.26
성인,M,본운동,앉아서 다리 모으기,390,0.25
성인,M,본운동,점프 팔굽혀펴기,383,0.25
성인,M,본운동,고정한 상태에서 덤벨 들고 팔꿈치 굽히기,374,0.24
성인,M,본운동,누워서 덤벨 들어올리기,362,0.23
성인,M,본운동,엎드려서 다리 차올리기,357,0.23
성인,M,본운동,앉아서 팔꿈치 굽히기/펴기,347,0.22
성인,M,본운동,아래 팔 스트레칭,339,0.22
성인,M,본운동,앉아서 모으기,337,0.22
성인,M,본운동,스텝퍼 올라가서 점프하여 착지하기,327,0.21
성인,M,본운동,팔굽혀 펴기,319,0.21
성인,M,본운동,네발기기 자세에서 다리 위로 뻗어올리기,310,0.2
성인,M,본운동,원판던지기,287,0.19
성인,M,본운동,앉아서 다리 벌리기,283,0.18
성인,M,본운동,서서 어깨 들어올리기,278,0.18
성인,M,본운동,왕복달리기,273,0.18
성인,M,본운동,서서 탄력밴드 당겨내리기/올리기,268,0.17
성인,M,본운동,버피 테스트,267,0.17
성인,M,본운동,계단 두 칸씩 뛰기,260,0.17
성인,M,본운동,한발 서서 균형잡기,257,0.17
성인,M,본운동,네발기기 자세에서 손바닥으로 바닥밀기,251,0.16
성인,M,본운동,옆으로 펀치하기,246,0.16
성인,M,본운동,서서 균형잡기,246,0.16
성인,M,본운동,매달려서 뒤로 팔굽혀 펴기,242,0.16
성인,M,본운동,서서 다리로 탄력밴드 당기기 I,237,0.15
성인,M,본운동,짐볼 윗몸올리기,233,0.15
성인,M,본운동,고정식 자전거 타기,233,0.15
성인,M,본운동,탄력밴드 어깨 가쪽 돌림,230,0.15
성인,M,본운동,서서 다리로 탄력밴드 당기기 II,226,0.15
성인,M,본운동,허리 굽혀 덤벨 뒤로 들기,222,0.14
성인,M,본운동,몸통 앞으로 굽혀 걷기,217,0.14
성인,M,본운동,누워서 가슴 밀기,213,0.14
성인,M,본운동,앉아서 몸통 움츠리기,205,0.13
성인,M,본운동,박스 운동 루틴프로그램,204,0.13
성인,M,본운동,대퇴이두근 스트레칭2,202,0.13
성인,M,본운동,앉아서 상체 앞 옆으로 기울기,198,0.13
성인,M,본운동,빠르게 걷기,195,0.13
성인,M,본운동,파워클린,192,0.12
성인,M,본운동,누워서 머리 위로 팔꿈치 펴기,191,0.12
성인,M,본운동,스텝박스,185,0.12
성인,M,본운동,누워서 덤벨 모아들기,184,0.12
성인,M,본운동,계단 한발 뛰기,184,0.12
성인,M,본운동,자전거타기,172,0.11
성인,M,본운동,누워서 공들고 몸 기울이기,170,0.11
성인,M,본운동,전완대고 버티기,165,0.11
성인,M,본운동,윗몸 일으키기,162,0.11
성인,M,본운동,줄넘기 운동,157,0.1
성인,M,본운동,발등굽힘/발바닥굽힘,156,0.1
성인,M,본운동,서서 균형잡으며 몸통 회전하기,156,0.1
성인,M,본운동,누워 다리 들어올리기,148,0.1
성인,M,본운동,스텝박스 오르내리기,147,0.1
성인,M,본운동,요가 및 필라테스 루틴프로그램,144,0.09
성인,M,본운동,사다리 운동 루틴프로그램,132,0.09
성인,M,본운동,짐볼에 다리 올리고 엉덩이 들어올리기,130,0.08
성인,M,본운동,벽에서 팔굽혀 펴기,122,0.08
성인,M,본운동,계단 오르기,122,0.08
성인,M,본운동,아쿠아로빅,118,0.08
성인,M,본운동,고정식 트레드밀에서 걷기,117,0.08
성인,M,본운동,옆구리늘리기,104,0.07
성인,M,본운동,바운딩 운동 루틴프로그램,102,0.07
성인,M,본운동,메디신볼 운동 루틴프로그램,100,0.06
성인,M,본운동,짐볼에 엎드려서 팔 다리 들기,94,0.06
성인,M,본운동,짝 운동,91,0.06
성인,M,본운동,엉덩관절 회전하기,89,0.06
성인,M,본운동,50M 달리기,89,0.06
성인,M,본운동,비스듬히 누워서 밀기,82,0.05
성인,M,본운동,정적 스트레칭 루틴프로그램,81,0.05
성인,M,본운동,물통으로 양팔 들어올리기,80,0.05
성인,M,본운동,짐볼에 다리 올리고 좌우로 움직이기,78,0.05
성인,M,본운동,앉아서 팔꿈치 굽히기,78,0.05
성인,M,본운동,연속 상향 점프하기,77,0.05
성인,M,본운동,발 닿기,76,0.05
성인,M,본운동,동적 스트레칭 루틴프로그램,75,0.05
성인,M,본운동,볼 위에 앉아 밴드 양옆으로 당기기,73,0.05
성인,M,본운동,몸 기울이기/회전하기,71,0.05
성인,M,본운동,짐볼 운동 루틴프로그램,70,0.05
성인,M,본운동,짐볼 이용해 앉았다 일어서기,69,0.04
성인,M,본운동,바로서서 상체 숙이기,69,0.04
성인,M,본운동,물당기기/밀기,67,0.04
성인,M,본운동,발 바꿔 뛰기,67,0.04
성인,M,본운동,팔굽혀펴기(무릎대고 실시),65,0.04
성인,M,본운동,엉덩이 스트레칭2,64,0.04
성인,M,본운동,엎드려 무릎 연속 차기,64,0.04
성인,M,본운동,크런치 사이클,59,0.04
성인,M,본운동,앉아서 가슴 모으기,57,0.04
성인,M,본운동,등척성운동-안쪽 돌림,57,0.04
성인,M,본운동,팔다리 교차 버티기,56,0.04
성인,M,본운동,등척성운동-바깥돌림,56,0.04
성인,M,본운동,등척성운동-벌림,55,0.04
성인,M,본운동,밴드 걸고 누워서 다리 들어올리기,54,0.04
성인,M,본운동,앉아서 양팔 당기기,54,0.04
성인,M,본운동,목 굽힘/ 폄 I,53,0.03
성인,M,본운동,사이드 지그재그 뛰기,52,0.03
성인,M,본운동,벽잡고 빨리 뛰기,52,0.03
성인,M,본운동,거꾸로 누워서 밀기,51,0.03
성인,M,본운동,아쿠아로빅 운동 프로그램 루틴,50,0.03
성인,M,본운동,바벨 잡고 들어올리기,50,0.03
성인,M,본운동,앞굽이 앉았다 일어서기,49,0.03
성인,M,본운동,제자리 뛰기,46,0.03
성인,M,본운동,누워서 전신 뻗기,45,0.03
성인,M,본운동,고양이 자세,45,0.03
성인,M,본운동,밴드 걸고 옆으로 누워 다리 올리기,44,0.03
성인,M,본운동,짐볼에 엎드려서 몸통 젖히기,43,0.03
성인,M,본운동,팔 벌려 뛰기,42,0.03
성인,M,본운동,콘운동 루틴프로그램,42,0.03
성인,M,본운동,어깨 뒤쪽 스트레칭,40,0.03
성인,M,본운동,벌림 밸런스 운동-60~120도 사이,40,0.03
성인,M,본운동,깍지 끼고 상체 숙이기,38,0.02
성인,M,본운동,물누르기/올리기,38,0.02
성인,M,본운동,손 뻗어 윗몸 일으키기,38,0.02
성인,M,본운동,밴드 걸고 앉아서 발등 굽힘,38,0.02
성인,M,본운동,굽힘 밸런스운동-60~120도 사이,38,0.02
성인,M,본운동,물병 들고 한발 앞으로 내밀고 앉았다 일어서기,37,0.02
성인,M,본운동,V자 싸이클,37,0.02
성인,M,본운동,비복근 스트레칭,36,0.02
성인,M,본운동,대퇴이두근 스트레칭,36,0.02
성인,M,본운동,목 굽힘/ 폄 III,34,0.02
성인,M,본운동,밴드 잡고 몸통 옆으로 굽히기,34,0.02
성인,M,본운동,앉았다 일어나며 점프하기,34,0.02
성인,M,본운동,물속에서 걷기,33,0.02
성인,M,본운동,누워서 팔 밀기,33,0.02
성인,M,본운동,배 스트레칭,32,0.02
성인,M,본운동,빠른 발 뛰기,30,0.02
성인,M,본운동,연속 사이드 스쿼드,29,0.02
성인,M,본운동,엎드려 팔다리 교차올리기,28,0.02
성인,M,본운동,온 몸 뻗어주기,28,0.02
성인,M,본운동,덤벨 잡고 뒤꿈치 들기,27,0.02
성인,M,본운동,균형 걷기,26,0.02
성인,M,본운동,양팔 크게 벌리기,26,0.02
성인,M,본운동,목봉잡고 앉았다 일어나기,25,0.02
성인,M,본운동,회전근개 스트레칭,23,0.01
성인,M,본운동,목 굽힘/ 폄 II,23,0.01
성인,M,본운동,잔발치기,23,0.01
성인,M,본운동,왜가리 자세,23,0.01
성인,M,본운동,테이블 이용하여 팔 옆으로 벌리기,23,0.01
성인,M,본운동,4방향 콘 찍고 달리기,23,0.01
성인,M,본운동,전후 교차 뛰기,22,0.01
성인,M,본운동,의자에 앉아 물병 들고 몸통 돌리기,22,0.01
성인,M,본운동,한쪽 다리펴고 상체 숙이기,22,0.01
성인,M,본운동,V자 버티기,22,0.01
성인,M,본운동,막대 잡고 팔 안쪽/바깥 돌림,22,0.01
성인,M,본운동,누워서 막대 잡고 팔 회전하기,21,0.01
성인,M,본운동,한발로 점프하기,21,0.01
성인,M,본운동,반복 옆뛰기,21,0.01
성인,M,본운동,엎드려 양팔 및 다리 들어올리기,20,0.01
성인,M,본운동,나비자세,20,0.01
성인,M,본운동,순간반응 콘 찍기,20,0.01
성인,M,본운동,아기자세,20,0.01
성인,M,본운동,제자리 멀리 뛰기,19,0.01
성인,M,본운동,앉아서 무릎 굽히기,19,0.01
성인,M,본운동,덤벨 잡고 앉았다 일어서기,19,0.01
성인,M,본운동,양발 벌려 무릎 밀어내기,19,0.01
성인,M,본운동,사이드 스텝 점프하기,19,0.01
성인,M,본운동,플렉스 바 비틀기,19,0.01
성인,M,본운동,누워서 공 뒤로 내리고 당기기,19,0.01
성인,M,본운동,의자에 앉아 등 굽혔다 펴기,18,0.01
성인,M,본운동,앉아서 밴드 잡고 몸통 돌리기,18,0.01
성인,M,본운동,다리 감아올리기,17,0.01
성인,M,본운동,빠르게 무릎들어 뛰기,17,0.01
성인,M,본운동,종아리 사이 감아 돌리기,17,0.01
성인,M,본운동,짐볼 앉아 중심 잡기 루틴 운동,16,0.01
성인,M,본운동,테이블 이용하여 팔 들어 올리기,16,0.01
성인,M,본운동,의자 앉아 다리로 짐볼 쥐기,15,0.01
성인,M,본운동,누워서 막대 잡고 팔 들어올리기,15,0.01
성인,M,본운동,짐볼에서 몸통 돌리기,15,0.01
성인,M,본운동,한발 연속 뛰기,15,0.01
성인,M,본운동,한발 들기,15,0.01
성인,M,본운동,대(大)자 점프 뛰기,15,0.01
성인,M,본운동,의자 잡고 반복 옆 뛰기,15,0.01
성인,M,본운동,윗몸말아올리기,15,0.01
성인,M,본운동,엎드려 무릎 당기기,15,0.01
성인,M,본운동,누워서 굽힌 다리 펴기,15,0.01
성인,M,본운동,줄넘기 해요,15,0.01
성인,M,본운동,밴드를 당겨요,15,0.01
성인,M,본운동,고관절 스트레칭,15,0.01
성인,M,본운동,양팔 벌려 전신 비틀기,14,0.01
성인,M,본운동,서서 발목 누르기,14,0.01
성인,M,본운동,다리 뻗어 올리기,14,0.01
성인,M,본운동,연속 무릎 올리기,14,0.01
성인,M,본운동,휴식자세,14,0.01
성인,M,본운동,대퇴사두근 스트레칭,13,0.01
성인,M,본운동,누워 무릎 기울기,13,0.01
성인,M,본운동,앞굽이 뛰기,13,0.01
성인,M,본운동,합장하여 앞으로 숙이기,13,0.01
성인,M,본운동,엎드려 상체 들어올리기,13,0.01
성인,M,본운동,엎드려 팔 대고 버티기,13,0.01
성인,M,본운동,영차영차 올라요,13,0.01
성인,M,본운동,어깨 스트레칭,12,0.01
성인,M,본운동,몸통 비틀기,12,0.01
성인,M,본운동,밴드 잡고 누워서 다리 밀기,12,0.01
성인,M,본운동,수건 이용하여 장딴지 늘리기,12,0.01
성인,M,본운동,밴드잡고 머리 위에서 팔꿈치 펴기,12,0.01
성인,M,본운동,골반 스트레칭,12,0.01
성인,M,본운동,상체 앞으로 숙이기,12,0.01
성인,M,본운동,짐볼 앞으로 밀기,12,0.01
성인,M,본운동,사이드 스텝,12,0.01
성인,M,본운동,지그재그 달려요,12,0.01
성인,M,본운동,옆으로 누워서팔 앞으로 당기기,11,0.01
성인,M,본운동,어깨 양 옆으로 돌리기,11,0.01
성인,M,본운동,다리 뻗어 점프하기,11,0.01
성인,M,본운동,S자 달리기,11,0.01
성인,M,본운동,1단 줄넘기,11,0.01
성인,M,본운동,팔 들어 올리며 런지,10,0.01
성인,M,본운동,양발 교차하여 서서 몸통 숙이기,10,0.01
성인,M,본운동,짐볼 양팔로 밀기,10,0.01
성인,M,본운동,다리 벌려 앞으로 상체 숙이기,10,0.01
성인,M,본운동,발 끝 당기기,10,0.01
성인,M,본운동,밴드 걸고 엎드려서 다리 구부리기,9,0.01
성인,M,본운동,가슴/어깨 스트레칭,9,0.01
성인,M,본운동,무릎 높이 들어 뛰기,9,0.01
성인,M,본운동,양팔 벌려 높이 뛰기,9,0.01
성인,M,본운동,짐볼 윗몸일으키기,9,0.01
성인,M,본운동,한 발 뒤로 들어올리기,9,0.01
성인,M,본운동,앉아서 덤벨로 손목 굽히기,9,0.01
성인,M,본운동,점핑점핑해요,9,0.01
성인,M,본운동,동물처럼 걸어요,9,0.01
성인,M,본운동,후다닥 붙여요,9,0.01
성인,M,본운동,목 돌림 스트레칭,8,0.01
성인,M,본운동,옆으로 굽히기,8,0.01
성인,M,본운동,엎드려서 다리 굽히기,8,0.01
성인,M,본운동,척추 들어올리기,8,0.01
성인,M,본운동,점프하며 뛰기,8,0.01
성인,M,본운동,골반 스트레칭2,8,0.01
성인,M,본운동,짐볼 옆에 두고 어깨 누르기,8,0.01
성인,M,본운동,한 발 뒤로 빼고 앞으로 굽히기,8,0.01
성인,M,본운동,무릎 굽혀 가슴 닿기,8,0.01
성인,M,본운동,수건잡고 팔 들어올리기,8,0.01
성인,M,본운동,빌리보를 밀어요,8,0.01
성인,M,본운동,후다닥 집어요,8,0.01
성인,M,본운동,알록달록 공을 옮겨요,8,0.01
성인,M,본운동,사다리 이용 루틴 운동,8,0.01
성인,M,본운동,밴드 머리 뒤로 들어올리기,7,0.0
성인,M,본운동,몸통 스트레칭,7,0.0
성인,M,본운동,다리뻗어 상체 숙이기,7,0.0
성인,M,본운동,앉았다 일어서며 팔 들어올리기,7,0.0
성인,M,본운동,서서 발목 뒤로 당기기,7,0.0
성인,M,본운동,뒤꿈치 높이들어 뛰기,7,0.0
성인,M,본운동,짐볼 양옆으로 굴리기,7,0.0
성인,M,본운동,누워 무릎 교차 올리기,7,0.0
성인,M,본운동,짐볼 전완대고 버티기,7,0.0
성인,M,본운동,짐볼 배에 대고 버티기,7,0.0
성인,M,본운동,가슴 어깨 펴기,7,0.0
성인,M,본운동,나무자세,7,0.0
성인,M,본운동,전사자세,7,0.0
성인,M,본운동,엎드려 뒤로 다리 올리기,7,0.0
성인,M,본운동,의자 이용 중심 잡기 루틴 운동,7,0.0
성인,M,본운동,의자잡고 후방으로 무릎 굽혀 들기,7,0.0
성인,M,본운동,점프 후 버티기,7,0.0
성인,M,본운동,무릎굽혀 원 그리기,7,0.0
성인,M,본운동,다리 모아 상체 숙이기,7,0.0
성인,M,본운동,앞으로 나가며 앉았다 일어서기,7,0.0
성인,M,본운동,수동적 관절가동범위 운동,7,0.0
성인,M,본운동,윗몸 말며 공을 전달해요,7,0.0
성인,M,본운동,힘차게 맞춰요,7,0.0
성인,M,본운동,힘차게 던져요,7,0.0
성인,M,본운동,발바닥 치기,6,0.0
성인,M,본운동,앉아서 다리 올리기,6,0.0
성인,M,본운동,회전 초승달 자세,6,0.0
성인,M,본운동,좌우 양발모아 점프하기,6,0.0
성인,M,본운동,앉아 윗몸 앞으로 굽히기,6,0.0
성인,M,본운동,팔꿈치-무릎 교차 닿기,6,0.0
성인,M,본운동,꼬리를 떼어요,6,0.0
성인,M,본운동,끌어요 당겨요,6,0.0
성인,M,본운동,낚시를 해요,6,0.0
성인,M,본운동,엉금엉금 기어요,6,0.0
성인,M,본운동,몸 앞으로 굽히기,5,0.0
성인,M,본운동,내전근 스트레칭,5,0.0
성인,M,본운동,서서 다리 모으고 벌리기,5,0.0
성인,M,본운동,한 발 들어올리기,5,0.0
성인,M,본운동,짐볼에서 엉덩이 돌리기,5,0.0
성인,M,본운동,회전근개 스트레칭2,5,0.0
성인,M,본운동,덤벨 잡고 한발 내밀어 굽혔다 펴기,5,0.0
성인,M,본운동,짐볼 들고 양옆으로 돌리기,5,0.0
성인,M,본운동,팔굽혀펴기 후 점프하기,5,0.0
성인,M,본운동,의자 잡고 후방으로 한발 뻗어 들기,5,0.0
성인,M,본운동,의자 잡고 한발 들기,5,0.0
성인,M,본운동,빠르게 무릎 올려 찍기,5,0.0
성인,M,본운동,순간반응 콘 찍기 2,5,0.0
성인,M,본운동,연속 하향 점프하기,5,0.0
성인,M,본운동,양발 연속 뛰기,5,0.0
성인,M,본운동,허리 비틀어 앉았다 일어서기,5,0.0
성인,M,본운동,앉아서 다리 펴서 들어올리기,5,0.0
성인,M,본운동,밴드 어깨 뒤로 들어올리기,5,0.0
성인,M,본운동,탄력밴드 당기면서 팔 들어올리기,5,0.0
성인,M,본운동,조심조심 걸어요,5,0.0
성인,M,본운동,인사 체조,5,0.0
성인,M,본운동,진자운동,5,0.0
성인,M,본운동,줄 따라 걷기,4,0.0
성인,M,본운동,런지하며 상체 비틀기,4,0.0
성인,M,본운동,상체 감아올리기,4,0.0
성인,M,본운동,네발 걷기,4,0.0
성인,M,본운동,짐볼에서 윗몸 일으키기,4,0.0
성인,M,본운동,의자 잡고 전방으로 무릎 굽혀 들기,4,0.0
성인,M,본운동,마주보고 종아리 펴기,4,0.0
성인,M,본운동,엉덩이 늘리기,4,0.0
성인,M,본운동,바벨 당겨 올리기,4,0.0
성인,M,본운동,슈퍼맨자세,4,0.0
성인,M,본운동,한 발 무릎위 올려차기,4,0.0
성인,M,본운동,발목 얹고 다리 잡아당기기,4,0.0
성인,M,본운동,다리 벌려 옆으로 상체 숙이기,4,0.0
성인,M,본운동,박스 오르내리기,4,0.0
성인,M,본운동,다리 올려 의자넘기,4,0.0
성인,M,본운동,2단 줄넘기,4,0.0
성인,M,본운동,엎드려 다리 들어올리기,4,0.0
성인,M,본운동,거북이 스트레칭,4,0.0
성인,M,본운동,후굴자세 해봐요,4,0.0
성인,M,본운동,알을 낳아요,4,0.0
성인,M,본운동,공을 옮겨요(옆),4,0.0
성인,M,본운동,딩딩링을 끼워요,4,0.0
성인,M,본운동,뽁뽁이를 눌러요,4,0.0
성인,M,본운동,의자 이용하기,3,0.0
성인,M,본운동,무릎 당겨올리기,3,0.0
성인,M,본운동,뒤로 팔 뻗기,3,0.0
성인,M,본운동,의자에 앉아 가슴 뒤로 젖히기,3,0.0
성인,M,본운동,다리모아 무릎 누르기,3,0.0
성인,M,본운동,의자에 앉아 옆구리 숙이기,3,0.0
성인,M,본운동,의자에 앉아 볼 돌리기,3,0.0
성인,M,본운동,한발 앞뒤 교차 뛰기,3,0.0
성인,M,본운동,다리 넓게 벌려 앉았다 일어서기,3,0.0
성인,M,본운동,앞차기하며 뛰기,3,0.0
성인,M,본운동,사이드 한발 뛰기,3,0.0
성인,M,본운동,복식호흡,3,0.0
성인,M,본운동,양발 나란히 서기,3,0.0
성인,M,본운동,좌우 찍기,3,0.0
성인,M,본운동,무릎 들어 연속 뛰기,3,0.0
성인,M,본운동,뒷발 교차 뛰기,3,0.0
성인,M,본운동,베개 밟고 서기,3,0.0
성인,M,본운동,의자 잡고 측면으로 한발 들기,3,0.0
성인,M,본운동,짐볼 앉아 뒤꿈치 들기,3,0.0
성인,M,본운동,엎드려 팔로 걷기,3,0.0
성인,M,본운동,빠르게 앞무릎 올리기,3,0.0
성인,M,본운동,다리 꼬아 상체 앞으로 숙이기,3,0.0
성인,M,본운동,다리 굽혀(W자) 상체 뒤로 눕기,3,0.0
성인,M,본운동,두발모아 걷기,3,0.0
성인,M,본운동,발 뒤꿈치 들어올리기,3,0.0
성인,M,본운동,앉아서 한 발 앞으로 굽히기,3,0.0
성인,M,본운동,막대 잡고 대각선으로 팔 들어올리기,3,0.0
성인,M,본운동,소방훈련 해요,3,0.0
성인,M,본운동,빠른 발 안팎 뛰기,3,0.0
성인,M,본운동,팔꿈치 맞닿아 원그리기,2,0.0
성인,M,본운동,공 잡고 들어올리기,2,0.0
성인,M,본운동,아쿠아로빅-몸 기울이기/회전하기,2,0.0
성인,M,본운동,아쿠아로빅-발 닿기,2,0.0
성인,M,본운동,아쿠아로빅-물누르기/올리기,2,0.0
성인,M,본운동,아쿠아로빅-옆구리 늘리기,2,0.0
성인,M,본운동,아쿠아로빅-물당기기/밀기,2,0.0
성인,M,본운동,아쿠아로빅-엉덩관절 회전하기,2,0.0
성인,M,본운동,공에 엎드려서 상체 들어올리기,2,0.0
성인,M,본운동,엎드려 한발 원 그리기,2,0.0
성인,M,본운동,누워 발목 당겨주기,2,0.0
성인,M,본운동,서서 팔꿈치 펴기,2,0.0
성인,M,본운동,목 돌리기,2,0.0
성인,M,본운동,다리굽혀 허리 비틀기,2,0.0
성인,M,본운동,다리로 짐볼 들어올리기,2,0.0
성인,M,본운동,메디신 볼 잡고 런지하며 상체비틀기,2,0.0
성인,M,본운동,의자에 앉아 가슴 몸통 말아주기,2,0.0
성인,M,본운동,좌우 이동하며 팔굽혀펴기,2,0.0
성인,M,본운동,한 발 끌어당기기,2,0.0
성인,M,본운동,메디신 볼 잡고 팔굽혀펴기,2,0.0
성인,M,본운동,덤벨 잡고 몸통 옆으로 굽히기,2,0.0
성인,M,본운동,시소우,2,0.0
성인,M,본운동,등 대고 대퇴이두근 스트레칭,2,0.0
성인,M,본운동,다리 앞뒤로 벌려 굽혔다 펴기,2,0.0
성인,M,본운동,팔로 써클링 누르기,2,0.0
성인,M,본운동,앉아서 밴드 당기기,2,0.0
성인,M,본운동,서서 다리로 탄력밴드 당겨 중심 잡기 루틴 운동,2,0.0
성인,M,본운동,분리배출 해요,2,0.0
성인,M,본운동,공을 옮겨요(앞),2,0.0
성인,M,본운동,밸런스 보드에 서요,2,0.0
성인,M,본운동,알록달록 붙여요,2,0.0
성인,M,본운동,밴드 앞 옆으로 들어올리기,2,0.0
성인,M,본운동,밴드 앞으로 당기기,2,0.0
성인,M,본운동,공 받고 던져요,2,0.0
성인,M,본운동,좌 우 굴곡(목 좌 우 굴곡),1,0.0
성인,M,본운동,좌 우 회전(목 좌 우 회전),1,0.0
성인,M,본운동,발가락 폄근 스트레칭,1,0.0
성인,M,본운동,앞뒤로 선넘기,1,0.0
성인,M,본운동,좌우로 선넘기,1,0.0
성인,M,본운동,목 당기기,1,0.0
성인,M,본운동,복부 스트레칭,1,0.0
성인,M,본운동,등 스트레칭,1,0.0
성인,M,본운동,전신 비틀며 전진하기,1,0.0
성인,M,본운동,뛰어 밀기,1,0.0
성인,M,본운동,무릎당겨 다리 올리기,1,0.0
성인,M,본운동,무릎 들어올리기,1,0.0
성인,M,본운동,발에 밴드걸고 윗몸일으키기,1,0.0
성인,M,본운동,종아리 스트레칭,1,0.0
성인,M,본운동,깍지끼고 목 들어올리기,1,0.0
성인,M,본운동,가슴 스트레칭,1,0.0
성인,M,본운동,소머리 자세,1,0.0
성인,M,본운동,팔꿈치 원 그리기,1,0.0
성인,M,본운동,반달자세,1,0.0
성인,M,본운동,누워 한발 원 그리기,1,0.0
성인,M,본운동,팔 당기기,1,0.0
성인,M,본운동,크게 다리벌려 교차 뛰기,1,0.0
성인,M,본운동,베개 밟고 두발 모아 서기,1,0.0
성인,M,본운동,의자 잡고 서기,1,0.0
성인,M,본운동,누워서 다리 굽히기,1,0.0
성인,M,본운동,팔꿈치 고정 후 벌리기,1,0.0
성인,M,본운동,볼 잡고 점프하기,1,0.0
성인,M,본운동,전진 점프하며 발바닥 찍기,1,0.0
성인,M,본운동,발등 동시에 늘리기,1,0.0
성인,M,본운동,양발 점프 착지하기,1,0.0
성인,M,본운동,머리 위로 공 넘기기,1,0.0
성인,M,본운동,풍선 튕기기,1,0.0
성인,M,본운동,옆으로 누워 폼롤러 굴려주기,1,0.0
성인,M,본운동,폼롤러 앞으로 굴리기,1,0.0
성인,M,본운동,폼롤러 밀며 몸 앞으로 숙이기,1,0.0
성인,M,본운동,양발 모아 좌우 뛰기,1,0.0
성인,M,본운동,다리 모았다 벌려 뛰기,1,0.0
성인,M,본운동,앞발 들어올리기,1,0.0
성인,M,본운동,앉아서 어깨 위로 밀기,1,0.0
성인,M,본운동,발바닥 마주대고 끌어당기기,1,0.0
성인,M,본운동,짐볼 앉아 한발 들기,1,0.0
성인,M,본운동,엇박자 뛰기,1,0.0
성인,M,본운동,마주 앉아 대퇴이두근 스트레칭,1,0.0
성인,M,본운동,흔들어 체조,1,0.0
성인,M,본운동,W 스텝,1,0.0
성인,M,본운동,지게발 걸어요,1,0.0
성인,M,본운동,다리자세,1,0.0
성인,M,본운동,짝 스트레칭 루틴프로그램,1,0.0
성인,M,본운동,우리 모두 다같이,1,0.0
성인,M,본운동,측면 팔대고 버티기,1,0.0
성인,M,본운동,양발 모았다 벌려뛰기,1,0.0
성인,M,정리운동,전신 루틴 스트레칭,7247,16.07
성인,M,정리운동,하지 루틴 스트레칭2,4773,10.59
성인,M,정리운동,상지 루틴 스트레칭,4401,9.76
성인,M,정리운동,하지 루틴 스트레칭1,4254,9.43
성인,M,정리운동,넙다리 뒤쪽 스트레칭,2380,5.28
성인,M,정리운동,넙다리 안쪽 스트레칭,1968,4.36
성인,M,정리운동,허리 스트레칭,1867,4.14
성인,M,정리운동,엉덩이 스트레칭,1804,4.0
성인,M,정리운동,배스트레칭,1669,3.7
성인,M,정리운동,자가근막이완술 루틴 스트레칭,1626,3.61
성인,M,정리운동,넙다리 앞쪽 스트레칭,1195,2.65
성인,M,정리운동,정적 스트레칭 루틴프로그램,1041,2.31
성인,M,정리운동,목 스트레칭,864,1.92
성인,M,정리운동,등/어깨 뒤쪽 스트레칭,757,1.68
성인,M,정리운동,옆구리 스트레칭,750,1.66
성인,M,정리운동,달리기,646,1.43
성인,M,정리운동,실내 자전거타기,640,1.42
성인,M,정리운동,걷기,614,1.36
성인,M,정리운동,트레드밀에서 걷기,547,1.21
성인,M,정리운동,가슴/어깨 앞쪽 스트레칭,507,1.12
성인,M,정리운동,아래 팔 스트레칭,489,1.08
성인,M,정리운동,엉덩이 스트레칭2,337,0.75
성인,M,정리운동,작은 공을 이용한 동적 루틴 스트레칭,332,0.74
성인,M,정리운동,유산소 운동 전 동적 루틴 스트레칭,312,0.69
성인,M,정리운동,계단 올라갔다 내려오기,263,0.58
성인,M,정리운동,줄넘기,239,0.53
성인,M,정리운동,좌식생활자를 위한 동적 루틴 스트레칭,214,0.47
성인,M,정리운동,짐볼을 이용한 동적 루틴 스트레칭,208,0.46
성인,M,정리운동,동적 스트레칭 루틴프로그램,177,0.39
성인,M,정리운동,대퇴사두근 스트레칭,160,0.35
성인,M,정리운동,누워서 전신 뻗기,121,0.27
성인,M,정리운동,어깨 양 옆으로 돌리기,119,0.26
성인,M,정리운동,고정식 트레드밀에서 걷기,112,0.25
성인,M,정리운동,수영,110,0.24
성인,M,정리운동,몸통 스트레칭,83,0.18
성인,M,정리운동,요가 및 필라테스 루틴프로그램,83,0.18
성인,M,정리운동,조깅,78,0.17
성인,M,정리운동,앉았다 일어서기,74,0.16
성인,M,정리운동,깍지 끼고 상체 숙이기,65,0.14
성인,M,정리운동,계단 뛰어 오르기,57,0.13
성인,M,정리운동,팔벌려뛰기,56,0.12
성인,M,정리운동,누워서 다리 들어올리기,48,0.11
성인,M,정리운동,어깨 뒤쪽 스트레칭,47,0.1
성인,M,정리운동,윗몸 말아 올리기,44,0.1
성인,M,정리운동,고양이 자세,44,0.1
성인,M,정리운동,엎드려 버티기,40,0.09
성인,M,정리운동,골반 스트레칭2,33,0.07
성인,M,정리운동,뒤꿈치 높이들어 뛰기,33,0.07
성인,M,정리운동,옆으로 누워서팔 앞으로 당기기,32,0.07
성인,M,정리운동,몸통 비틀기,30,0.07
성인,M,정리운동,고정식 자전거 타기,29,0.06
성인,M,정리운동,배 스트레칭,29,0.06
성인,M,정리운동,앉아서 다리 밀기,28,0.06
성인,M,정리운동,누워서 하늘 자전거,28,0.06
성인,M,정리운동,버피운동,27,0.06
성인,M,정리운동,누워서 엉덩이 들어올리기,25,0.06
성인,M,정리운동,실외 자전거타기,25,0.06
성인,M,정리운동,거북이 스트레칭,25,0.06
성인,M,정리운동,앉아서 다리 펴기,24,0.05
성인,M,정리운동,윗몸올리기,23,0.05
성인,M,정리운동,골반 스트레칭,23,0.05
성인,M,정리운동,후굴자세 해봐요,23,0.05
성인,M,정리운동,흔들어 체조,23,0.05
성인,M,정리운동,덤벨 옆으로 들어올리기,23,0.05
성인,M,정리운동,서서 뒤꿈치 들기,22,0.05
성인,M,정리운동,비복근 스트레칭,22,0.05
성인,M,정리운동,서서 발목 뒤로 당기기,21,0.05
성인,M,정리운동,앞굽이 앉았다 일어서기,21,0.05
성인,M,정리운동,연속 사이드 스쿼드,21,0.05
성인,M,정리운동,대퇴이두근 스트레칭,19,0.04
성인,M,정리운동,옆으로 누워 버티기,18,0.04
성인,M,정리운동,양팔 벌려 전신 비틀기,17,0.04
성인,M,정리운동,양발 교차하여 서서 몸통 숙이기,17,0.04
성인,M,정리운동,다리들어 옆으로 올리기,16,0.04
성인,M,정리운동,스텝퍼 뛰어서 오르내리기,15,0.03
성인,M,정리운동,대퇴이두근 스트레칭2,15,0.03
성인,M,정리운동,사다리 좌우 뛰기,14,0.03
성인,M,정리운동,무릎굽혀 원 그리기,14,0.03
성인,M,정리운동,나무자세,14,0.03
성인,M,정리운동,팔굽혀펴기,13,0.03
성인,M,정리운동,스텝퍼 뛰어서 넘어가기,13,0.03
성인,M,정리운동,상체 앞으로 숙이기,13,0.03
성인,M,정리운동,스텝퍼 올라가서 점프하여 착지하기,12,0.03
성인,M,정리운동,스텝퍼 옆으로 뛰어넘기,12,0.03
성인,M,정리운동,누워서 수직으로 다리 들어올리기,12,0.03
성인,M,정리운동,사다리 옆으로 발 옮기기,12,0.03
성인,M,정리운동,자전거타기,12,0.03
성인,M,정리운동,뒤꿈치 들기,11,0.02
성인,M,정리운동,엎드려서 팔 다리 들기,11,0.02
성인,M,정리운동,내전근 스트레칭,11,0.02
성인,M,정리운동,턱걸이,11,0.02
성인,M,정리운동,테이블 이용하여 팔 들어 올리기,11,0.02
성인,M,정리운동,앉아서 다리 굽히기,10,0.02
성인,M,정리운동,한발 앞으로 내밀고 앉았다 일어서기,10,0.02
성인,M,정리운동,등 대고 대퇴이두근 스트레칭,10,0.02
성인,M,정리운동,스텝퍼 오르내리기,10,0.02
성인,M,정리운동,바벨 들어 팔꿈치 굽히기,10,0.02
성인,M,정리운동,계단 두 칸씩 뛰기,10,0.02
성인,M,정리운동,회전근개 스트레칭,10,0.02
성인,M,정리운동,누워서 머리 위로 팔꿈치 펴기,10,0.02
성인,M,정리운동,짝 스트레칭 루틴프로그램,10,0.02
성인,M,정리운동,무릎 높여 제자리 달리기,9,0.02
성인,M,정리운동,앉았다 일어서면서 점프하기,9,0.02
성인,M,정리운동,진자운동,9,0.02
성인,M,정리운동,손목 펴기/굽히기,9,0.02
성인,M,정리운동,엉덩관절 회전하기,9,0.02
성인,M,정리운동,척추 들어올리기,9,0.02
성인,M,정리운동,옆구리늘리기,8,0.02
성인,M,정리운동,뛰어 내렸다가 바로 점프하기,8,0.02
성인,M,정리운동,휴식자세,8,0.02
성인,M,정리운동,몸 기울이기/회전하기,8,0.02
성인,M,정리운동,스텝박스 오르내리기,8,0.02
성인,M,정리운동,몸통 앞으로 굽혀 걷기,8,0.02
성인,M,정리운동,탄력밴드 어깨 가쪽 돌림,8,0.02
성인,M,정리운동,앉아서 팔꿈치 굽히기/펴기,8,0.02
성인,M,정리운동,테이블 이용하여 팔 옆으로 벌리기,8,0.02
성인,M,정리운동,물속에서 걷기,7,0.02
성인,M,정리운동,서서 상체 일으키기,7,0.02
성인,M,정리운동,사다리 안팎 뛰기,7,0.02
성인,M,정리운동,앉아서 밀기,7,0.02
성인,M,정리운동,서서 어깨 들어올리기,7,0.02
성인,M,정리운동,양발 벌려 무릎 밀어내기,7,0.02
성인,M,정리운동,빠르게 걷기,7,0.02
성인,M,정리운동,온 몸 뻗어주기,7,0.02
성인,M,정리운동,네발기기 자세에서 손바닥으로 바닥밀기,7,0.02
성인,M,정리운동,고정한 상태에서 덤벨 들고 팔꿈치 굽히기,7,0.02
성인,M,정리운동,짐볼 윗몸올리기,7,0.02
성인,M,정리운동,엎드려서 다리 차올리기,7,0.02
성인,M,정리운동,옆으로 펀치하기,6,0.01
성인,M,정리운동,팔꿈치 굽히기,6,0.01
성인,M,정리운동,물병 옆으로 들어올리기,6,0.01
성인,M,정리운동,누워서 다리 좌우로 움직이기,6,0.01
성인,M,정리운동,누워서 팔 다리 동시에 들어올리기,6,0.01
성인,M,정리운동,수건 이용하여 장딴지 늘리기,6,0.01
성인,M,정리운동,계단 두발 뛰기,6,0.01
성인,M,정리운동,팔꿈치 머리 뒤로 젖히기,6,0.01
성인,M,정리운동,팔 벌려 뛰기,6,0.01
성인,M,정리운동,고관절 스트레칭,6,0.01
성인,M,정리운동,허리 굽혀 덤벨 들기,6,0.01
성인,M,정리운동,한발 서서 균형잡기,6,0.01
성인,M,정리운동,다리뻗어 상체 숙이기,6,0.01
성인,M,정리운동,소파를 이용한 윗몸올리기,6,0.01
성인,M,정리운동,서서 다리 뒤로 차기,5,0.01
성인,M,정리운동,허리 굽혀 팔 뒤로 들기,5,0.01
성인,M,정리운동,등척성운동-안쪽 돌림,5,0.01
성인,M,정리운동,등척성운동-바깥돌림,5,0.01
성인,M,정리운동,등척성운동-벌림,5,0.01
성인,M,정리운동,벌림 밸런스 운동-60~120도 사이,5,0.01
성인,M,정리운동,굽힘 밸런스운동-60~120도 사이,5,0.01
성인,M,정리운동,마주 앉아 대퇴이두근 스트레칭,5,0.01
성인,M,정리운동,서서 바벨 위로 밀기,5,0.01
성인,M,정리운동,어깨 스트레칭,5,0.01
성인,M,정리운동,서서 발목 누르기,5,0.01
성인,M,정리운동,복식호흡,5,0.01
성인,M,정리운동,엎드려 상체 들어올리기,5,0.01
성인,M,정리운동,누워서 굽힌 다리 펴기,5,0.01
성인,M,정리운동,점프 팔굽혀펴기,5,0.01
성인,M,정리운동,발등굽힘/발바닥굽힘,5,0.01
성인,M,정리운동,허리 굽혀 덤벨 뒤로 들기,5,0.01
성인,M,정리운동,좌 우 회전(목 좌 우 회전),4,0.01
성인,M,정리운동,좌 우 굴곡(목 좌 우 굴곡),4,0.01
성인,M,정리운동,앞 뒤 굴곡(목 앞 뒤 굴곡),4,0.01
성인,M,정리운동,목 당기기,4,0.01
성인,M,정리운동,서서 한팔 들어 오른쪽 왼쪽 뻗기,4,0.01
성인,M,정리운동,발 닿기,4,0.01
성인,M,정리운동,앉아서 한 발 앞으로 굽히기,4,0.01
성인,M,정리운동,다리 꼬아 상체 앞으로 숙이기,4,0.01
성인,M,정리운동,활 자세,4,0.01
성인,M,정리운동,엎드려 교차 발 잡아당기기,4,0.01
성인,M,정리운동,네발기기 자세로 팔 다리 들기,4,0.01
성인,M,정리운동,수동적 관절가동범위 운동,4,0.01
성인,M,정리운동,서서 탄력밴드 당겨내리기/올리기,4,0.01
성인,M,정리운동,엎드려서 균형잡기,4,0.01
성인,M,정리운동,매달려서 다리 들기,4,0.01
성인,M,정리운동,알을 낳아요,4,0.01
성인,M,정리운동,전신 비틀며 전진하기,4,0.01
성인,M,정리운동,서서 균형잡으며 몸통 회전하기,3,0.01
성인,M,정리운동,의자 앞에서 앉았다 일어서기,3,0.01
성인,M,정리운동,누워서 공들고 몸 기울이기,3,0.01
성인,M,정리운동,목 굽힘/ 폄 I,3,0.01
성인,M,정리운동,목 굽힘/ 폄 III,3,0.01
성인,M,정리운동,목 돌림 스트레칭,3,0.01
성인,M,정리운동,물누르기/올리기,3,0.01
성인,M,정리운동,V자 싸이클,3,0.01
성인,M,정리운동,가슴 스트레칭,3,0.01
성인,M,정리운동,폼롤러 앞으로 굴리기,3,0.01
성인,M,정리운동,발목 돌리기,3,0.01
성인,M,정리운동,누워서 배가로근 수축 II,3,0.01
성인,M,정리운동,수건잡고 팔 들어올리기,3,0.01
성인,M,정리운동,서서 다리로 탄력밴드 당기기 I,3,0.01
성인,M,정리운동,바벨 끌어당기기,3,0.01
성인,M,정리운동,마주보고 종아리 펴기,3,0.01
성인,M,정리운동,누워서 덤벨 들어올리기,3,0.01
성인,M,정리운동,막대 잡고 팔 안쪽/바깥 돌림,3,0.01
성인,M,정리운동,짝 운동,2,0.0
성인,M,정리운동,앉아서 위로 밀기,2,0.0
성인,M,정리운동,앉아서 다리 모으기,2,0.0
성인,M,정리운동,팔다리 교차 버티기,2,0.0
성인,M,정리운동,목 굽힘/ 폄 II,2,0.0
성인,M,정리운동,줄넘기 운동,2,0.0
성인,M,정리운동,합장하여 앞으로 숙이기,2,0.0
성인,M,정리운동,물당기기/밀기,2,0.0
성인,M,정리운동,폼롤러 밀며 몸 앞으로 숙이기,2,0.0
성인,M,정리운동,깍지끼고 목 들어올리기,2,0.0
성인,M,정리운동,누워 발목 당겨주기,2,0.0
성인,M,정리운동,옆으로 누워 폼롤러 굴려주기,2,0.0
성인,M,정리운동,종아리 스트레칭,2,0.0
성인,M,정리운동,척추 스트레칭,2,0.0
성인,M,정리운동,무릎 굽혀 가슴 닿기,2,0.0
성인,M,정리운동,겨드랑이 늘리기,2,0.0
성인,M,정리운동,팔 당기기,2,0.0
성인,M,정리운동,마주보고 상체 좌우 비틀기,2,0.0
성인,M,정리운동,앉아서 모으기,2,0.0
성인,M,정리운동,팔굽혀펴기(무릎대고 실시),2,0.0
성인,M,정리운동,누워서 배가로근 수축 I,2,0.0
성인,M,정리운동,서서 다리로 탄력밴드 당기기 II,2,0.0
성인,M,정리운동,누워서 막대 잡고 팔 회전하기,2,0.0
성인,M,정리운동,영차영차 올라요,2,0.0
성인,M,정리운동,한쪽 다리펴고 상체 숙이기,2,0.0
성인,M,정리운동,점핑점핑해요,2,0.0
성인,M,정리운동,의자에 한 다리 올리고 앉앗다 일어서기,2,0.0
성인,M,정리운동,서서 균형잡기,2,0.0
성인,M,정리운동,누워서 덤벨 모아들기,2,0.0
성인,M,정리운동,꼬리를 떼어요,2,0.0
성인,M,정리운동,웨이트 트레이닝 루틴프로그램,2,0.0
성인,M,정리운동,밴드잡고 머리 위에서 팔꿈치 펴기,2,0.0
성인,M,정리운동,가슴 어깨 펴기,2,0.0
성인,M,정리운동,의자에 앉아 다리 뻗어 올리기,2,0.0
성인,M,정리운동,앉아서 몸통 움츠리기,2,0.0
성인,M,정리운동,스텝박스,1,0.0
성인,M,정리운동,엎드려서 다리 굽히기,1,0.0
성인,M,정리운동,덤벨 잡고 뒤꿈치 들기,1,0.0
성인,M,정리운동,엎드려 양팔 및 다리 들어올리기,1,0.0
성인,M,정리운동,덤벨 잡고 앉았다 일어서기,1,0.0
성인,M,정리운동,앉아서 다리 벌리기,1,0.0
성인,M,정리운동,사다리 이용 루틴 운동,1,0.0
성인,M,정리운동,다리굽혀 허리 비틀기,1,0.0
성인,M,정리운동,아기자세,1,0.0
성인,M,정리운동,런지하며 상체 비틀기,1,0.0
성인,M,정리운동,앉은 산 자세,1,0.0
성인,M,정리운동,전진 점프하며 발 뒤꿈치 찍기,1,0.0
성인,M,정리운동,아쿠아로빅,1,0.0
성인,M,정리운동,의자에 앉아 가슴 뒤로 젖히기,1,0.0
성인,M,정리운동,다리모아 무릎 누르기,1,0.0
성인,M,정리운동,발바닥 치기,1,0.0
성인,M,정리운동,의자 잡고 한발 들기,1,0.0
성인,M,정리운동,의자 잡고 측면으로 한발 들기,1,0.0
성인,M,정리운동,베개 밟고 측면으로 양팔 들기,1,0.0
성인,M,정리운동,전신 틀어 손벽 마주치기,1,0.0
성인,M,정리운동,가슴/어깨 스트레칭,1,0.0
성인,M,정리운동,회전근개 스트레칭2,1,0.0
성인,M,정리운동,팔꿈치 맞닿아 원그리기,1,0.0
성인,M,정리운동,몸 앞으로 굽히기,1,0.0
성인,M,정리운동,발가락 폄근 스트레칭,1,0.0
성인,M,정리운동,짐볼 앞으로 밀기,1,0.0
성인,M,정리운동,짐볼 양옆으로 굴리기,1,0.0
성인,M,정리운동,짐볼 옆에 두고 어깨 누르기,1,0.0
성인,M,정리운동,짐볼 양팔로 밀기,1,0.0
성인,M,정리운동,무릎 아래에서 양옆으로 굴리기,1,0.0
성인,M,정리운동,복부 스트레칭,1,0.0
성인,M,정리운동,등 스트레칭,1,0.0
성인,M,정리운동,어깨 올리기,1,0.0
성인,M,정리운동,팔 교대로 올리기,1,0.0
성인,M,정리운동,옆으로 누워 가슴 열기,1,0.0
성인,M,정리운동,마주 앉아 대퇴이두근 스트레칭2,1,0.0
성인,M,정리운동,엎드려 어깨 늘리기,1,0.0
성인,M,정리운동,짐볼에 다리 올리고 엉덩이 들어올리기,1,0.0
성인,M,정리운동,누워서 밀기,1,0.0
성인,M,정리운동,비스듬히 누워서 밀기,1,0.0
성인,M,정리운동,뒤로 팔굽혀펴기,1,0.0
성인,M,정리운동,막대 잡고 대각선으로 팔 들어올리기,1,0.0
성인,M,정리운동,바벨들어올리기,1,0.0
성인,M,정리운동,밴드를 당겨요,1,0.0
성인,M,정리운동,동물처럼 걸어요,1,0.0
성인,M,정리운동,조심조심 걸어요,1,0.0
성인,M,정리운동,밸런스 보드에 서요,1,0.0
성인,M,정리운동,밸런스 볼에 서요,1,0.0
성인,M,정리운동,지게발 걸어요,1,0.0
성인,M,정리운동,계단 한발 뛰기,1,0.0
성인,M,정리운동,줄넘기 해요,1,0.0
성인,M,정리운동,왕복달리기,1,0.0
성인,M,정리운동,전사자세,1,0.0
성인,M,정리운동,매달려서 뒤로 팔굽혀 펴기,1,0.0
성인,M,정리운동,아쿠아로빅 운동 프로그램 루틴,1,0.0
성인,M,정리운동,소방훈련 해요,1,0.0
성인,M,정리운동,우리 모두 다같이,1,0.0
성인,M,정리운동,끌어요 당겨요,1,0.0
성인,M,정리운동,엉금엉금 기어요,1,0.0
성인,M,정리운동,앉아서 당겨 내리기,1,0.0
성인,M,정리운동,짐볼에 엎드려서 팔 다리 들기,1,0.0
성인,M,정리운동,짐볼에 엎드려서 몸통 젖히기,1,0.0
성인,M,정리운동,짐볼에 다리 올리고 좌우로 움직이기,1,0.0
성인,M,정리운동,몸통 들어올리기,1,0.0
성장기,F,준비운동,동적 스트레칭 루틴프로그램,5017,9.11
성장기,F,준비운동,정적 스트레칭 루틴프로그램,2934,5.33
성장기,F,준비운동,걷기,1772,3.22
성장기,F,준비운동,발목 돌리기,1222,2.22
성장기,F,준비운동,유산소 운동 전 동적 루틴 스트레칭,1176,2.14
성장기,F,준비운동,조깅,1139,2.07
성장기,F,준비운동,하지 루틴 스트레칭1,1044,1.9
성장기,F,준비운동,요가 및 필라테스 루틴프로그램,1002,1.82
성장기,F,준비운동,상지 루틴 스트레칭,944,1.71
성장기,F,준비운동,목 스트레칭,851,1.55
성장기,F,준비운동,발 끝 당기기,847,1.54
성장기,F,준비운동,전신 루틴 스트레칭,794,1.44
성장기,F,준비운동,하지 루틴 스트레칭2,690,1.25
성장기,F,준비운동,팔굽혀펴기,680,1.24
성장기,F,준비운동,팔 벌려 뛰기,676,1.23
성장기,F,준비운동,자전거타기,610,1.11
성장기,F,준비운동,제자리 뛰기,602,1.09
성장기,F,준비운동,엎드려 한발 원 그리기,590,1.07
성장기,F,준비운동,나비자세,573,1.04
성장기,F,준비운동,양발 벌려 무릎 밀어내기,538,0.98
성장기,F,준비운동,옆구리 스트레칭,534,0.97
성장기,F,준비운동,몸통 비틀기,518,0.94
성장기,F,준비운동,엎드려 버티기,476,0.86
성장기,F,준비운동,팔굽혀 펴기,475,0.86
성장기,F,준비운동,앉았다 일어서기,460,0.84
성장기,F,준비운동,팔꿈치 원 그리기,439,0.8
성장기,F,준비운동,온 몸 뻗어주기,389,0.71
성장기,F,준비운동,발목 얹고 다리 잡아당기기,389,0.71
성장기,F,준비운동,발바닥 마주대고 끌어당기기,380,0.69
성장기,F,준비운동,엎드려서 팔 다리 들기,375,0.68
성장기,F,준비운동,목 돌리기,363,0.66
성장기,F,준비운동,무릎 굽혀 가슴 닿기,355,0.64
성장기,F,준비운동,줄넘기 운동,354,0.64
성장기,F,준비운동,다리 굽혀(W자) 상체 뒤로 눕기,350,0.64
성장기,F,준비운동,다리 벌려 앞으로 상체 숙이기,346,0.63
성장기,F,준비운동,허리 스트레칭,332,0.6
성장기,F,준비운동,다리모아 무릎 누르기,327,0.59
성장기,F,준비운동,메디신볼 운동 루틴프로그램,317,0.58
성장기,F,준비운동,왜가리 자세,314,0.57
성장기,F,준비운동,깍지끼고 목 들어올리기,308,0.56
성장기,F,준비운동,등/어깨 뒤쪽 스트레칭,290,0.53
성장기,F,준비운동,척추 들어올리기,283,0.51
성장기,F,준비운동,몸통 스트레칭,276,0.5
성장기,F,준비운동,줄넘기,265,0.48
성장기,F,준비운동,달리기,264,0.48
성장기,F,준비운동,엉덩이 스트레칭,255,0.46
성장기,F,준비운동,자가근막이완술 루틴 스트레칭,255,0.46
성장기,F,준비운동,양발 교차하여 서서 몸통 숙이기,253,0.46
성장기,F,준비운동,팔 당기기,252,0.46
성장기,F,준비운동,시소우,250,0.45
성장기,F,준비운동,엎드려 상체 들어올리기,250,0.45
성장기,F,준비운동,누워서 뒤로 팔굽혀펴기,250,0.45
성장기,F,준비운동,배스트레칭,244,0.44
성장기,F,준비운동,팔꿈치 머리 뒤로 젖히기,243,0.44
성장기,F,준비운동,수영,242,0.44
성장기,F,준비운동,앉은 산 자세,239,0.43
성장기,F,준비운동,겨드랑이 늘리기,233,0.42
성장기,F,준비운동,짐볼 운동 루틴프로그램,233,0.42
성장기,F,준비운동,다리굽혀 허리 비틀기,227,0.41
성장기,F,준비운동,결가부좌,220,0.4
성장기,F,준비운동,허리숙여 양팔 돌리기,218,0.4
성장기,F,준비운동,공 양손으로 주고 받기,217,0.39
성장기,F,준비운동,트레드밀에서 걷기,210,0.38
성장기,F,준비운동,상체 앞으로 숙이기,208,0.38
성장기,F,준비운동,어깨 누르기,205,0.37
성장기,F,준비운동,벽패스,205,0.37
성장기,F,준비운동,소머리 자세,204,0.37
성장기,F,준비운동,고양이 자세,203,0.37
성장기,F,준비운동,목 돌림 스트레칭,190,0.35
성장기,F,준비운동,맨몸운동 루틴프로그램,190,0.35
성장기,F,준비운동,넙다리 뒤쪽 스트레칭,188,0.34
성장기,F,준비운동,무릎 당겨올리기,185,0.34
성장기,F,준비운동,어깨 스트레칭,184,0.33
성장기,F,준비운동,나란히 서서 손잡고 끌어당기기,183,0.33
성장기,F,준비운동,윗몸올리기,181,0.33
성장기,F,준비운동,다리 벌려 옆으로 상체 숙이기,180,0.33
성장기,F,준비운동,1단 줄넘기,180,0.33
성장기,F,준비운동,좌식생활자를 위한 동적 루틴 스트레칭,179,0.33
성장기,F,준비운동,앉아서 엉덩이 들고 이동하기,179,0.33
성장기,F,준비운동,왕복달리기,176,0.32
성장기,F,준비운동,다리 모아 상체 숙이기,175,0.32
성장기,F,준비운동,나무자세,174,0.32
성장기,F,준비운동,골반 스트레칭,171,0.31
성장기,F,준비운동,팔벌려뛰기,170,0.31
성장기,F,준비운동,한쪽 다리펴고 상체 숙이기,168,0.31
성장기,F,준비운동,앉아서 상체 앞 옆으로 기울기,161,0.29
성장기,F,준비운동,엉덩이 늘리기,161,0.29
성장기,F,준비운동,실내 자전거타기,161,0.29
성장기,F,준비운동,서서 한팔 들어 오른쪽 왼쪽 뻗기,158,0.29
성장기,F,준비운동,아래 팔 스트레칭,155,0.28
성장기,F,준비운동,무릎 높여 제자리 달리기,154,0.28
성장기,F,준비운동,다리 꼬아 상체 앞으로 숙이기,154,0.28
성장기,F,준비운동,전사자세,153,0.28
성장기,F,준비운동,의자에 앉아 가슴 뒤로 젖히기,153,0.28
성장기,F,준비운동,누워 발목 당겨주기,152,0.28
성장기,F,준비운동,윗몸말아올리기,151,0.27
성장기,F,준비운동,발등 동시에 늘리기,150,0.27
성장기,F,준비운동,아기자세,145,0.26
성장기,F,준비운동,휴식자세,145,0.26
성장기,F,준비운동,뒤로 팔굽혀펴기,143,0.26
성장기,F,준비운동,버피 테스트,141,0.26
성장기,F,준비운동,합장하여 앞으로 숙이기,140,0.25
성장기,F,준비운동,무릎굽혀 원 그리기,140,0.25
성장기,F,준비운동,버피운동,140,0.25
성장기,F,준비운동,윗몸 일으키기,138,0.25
성장기,F,준비운동,가슴 어깨 펴기,137,0.25
성장기,F,준비운동,가슴/어깨 앞쪽 스트레칭,136,0.25
성장기,F,준비운동,목 당기기,136,0.25
성장기,F,준비운동,무릎 들어올리기,133,0.24
성장기,F,준비운동,네발 걷기,132,0.24
성장기,F,준비운동,회전근개 스트레칭,132,0.24
성장기,F,준비운동,모관운동,131,0.24
성장기,F,준비운동,양 손 번갈아 공 튀기기,131,0.24
성장기,F,준비운동,짝 스트레칭 루틴프로그램,130,0.24
성장기,F,준비운동,다리뻗어 상체 숙이기,128,0.23
성장기,F,준비운동,누워서 다리 들어올리기,125,0.23
성장기,F,준비운동,깍지 끼고 상체 숙이기,125,0.23
성장기,F,준비운동,의자에 앉아 몸통비틀기,125,0.23
성장기,F,준비운동,다리자세,124,0.23
성장기,F,준비운동,서서 뒤꿈치 들기,124,0.23
성장기,F,준비운동,서서 발목 뒤로 당기기,121,0.22
성장기,F,준비운동,엎드려 팔로 걷기,120,0.22
성장기,F,준비운동,크런치 사이클,117,0.21
성장기,F,준비운동,저항밴드 운동 루틴프로그램,117,0.21
성장기,F,준비운동,의자에 앉아 가슴 몸통 말아주기,113,0.21
성장기,F,준비운동,엎드려 무릎 연속 차기,113,0.21
성장기,F,준비운동,전진 점프하며 발 뒤꿈치 찍기,112,0.2
성장기,F,준비운동,무릎당겨 다리 올리기,110,0.2
성장기,F,준비운동,누워서 전신 뻗기,110,0.2
성장기,F,준비운동,마주보고 상체 좌우 비틀기,103,0.19
성장기,F,준비운동,의자에 앉아 옆구리 숙이기,103,0.19
성장기,F,준비운동,누워 다리 들어올리기,102,0.19
성장기,F,준비운동,한 발 앞굽이 팔 위로 뻗어 가슴 내밀기,101,0.18
성장기,F,준비운동,전완대고 버티기,99,0.18
성장기,F,준비운동,넙다리 안쪽 스트레칭,95,0.17
성장기,F,준비운동,앉아서 밴드 잡고 몸통 돌리기,94,0.17
성장기,F,준비운동,넙다리 앞쪽 스트레칭,94,0.17
성장기,F,준비운동,웅크리고 앉아 손잡고 상체 숙이기,92,0.17
성장기,F,준비운동,어깨 뒤쪽 스트레칭,92,0.17
성장기,F,준비운동,서서 발목 누르기,92,0.17
성장기,F,준비운동,작은 공을 이용한 동적 루틴 스트레칭,91,0.17
성장기,F,준비운동,마주보고 종아리 펴기,90,0.16
성장기,F,준비운동,옆으로 팔 벌리며 점프하기,90,0.16
성장기,F,준비운동,훌라후프하며 앞으로 가기,90,0.16
성장기,F,준비운동,복식호흡,89,0.16
성장기,F,준비운동,계단 오르기,88,0.16
성장기,F,준비운동,몸통 들어올리기,87,0.16
성장기,F,준비운동,바벨들어올리기,87,0.16
성장기,F,준비운동,반복 옆뛰기,86,0.16
성장기,F,준비운동,누워서 엉덩이 들어올리기,85,0.15
성장기,F,준비운동,레그 스윙,83,0.15
성장기,F,준비운동,빠른 발 뛰기,83,0.15
성장기,F,준비운동,짐볼을 이용한 동적 루틴 스트레칭,83,0.15
성장기,F,준비운동,밴드 잡고 몸통 옆으로 굽히기,82,0.15
성장기,F,준비운동,한 발 뒤로 빼고 앞으로 굽히기,81,0.15
성장기,F,준비운동,한발 앞으로 내밀고 앉았다 일어서기,80,0.15
성장기,F,준비운동,바운딩 운동 루틴프로그램,78,0.14
성장기,F,준비운동,한발 연속 뛰기,77,0.14
성장기,F,준비운동,전갈자세,76,0.14
성장기,F,준비운동,다리들어 옆으로 올리기,76,0.14
성장기,F,준비운동,앉아 윗몸 앞으로 굽히기,75,0.14
성장기,F,준비운동,훌라후프로 공 끌고 가기,75,0.14
성장기,F,준비운동,엇박자 뛰기,74,0.13
성장기,F,준비운동,무릎-허리 높이로 공 튀기기,74,0.13
성장기,F,준비운동,의자 앞에서 앉았다 일어서기,73,0.13
성장기,F,준비운동,다리 들어올리기,72,0.13
성장기,F,준비운동,측면 팔대고 버티기,70,0.13
성장기,F,준비운동,스타 투 니 풀,70,0.13
성장기,F,준비운동,회전 초승달 자세,70,0.13
성장기,F,준비운동,옆으로 누워 버티기,69,0.13
성장기,F,준비운동,계단 올라갔다 내려오기,66,0.12
성장기,F,준비운동,무릎 높이 들어 뛰기,64,0.12
성장기,F,준비운동,라켓으로 공 치며 앞으로 가기,64,0.12
성장기,F,준비운동,앉아서 한 발 앞으로 굽히기,64,0.12
성장기,F,준비운동,팔다리 교차 버티기,63,0.11
성장기,F,준비운동,물병 옆으로 들어올리기,63,0.11
성장기,F,준비운동,전신 비틀며 전진하기,62,0.11
성장기,F,준비운동,팔로 써클링 누르기,62,0.11
성장기,F,준비운동,양팔 벌려 전신 비틀기,61,0.11
성장기,F,준비운동,뒤꿈치 높이들어 뛰기,60,0.11
성장기,F,준비운동,앉아서 옆구리 늘려주기,60,0.11
성장기,F,준비운동,밴드 앞 옆으로 들어올리기,57,0.1
성장기,F,준비운동,발 바꿔 뛰기,55,0.1
성장기,F,준비운동,팔 돌리며 점프하기,55,0.1
성장기,F,준비운동,슈퍼맨자세,55,0.1
성장기,F,준비운동,벽에서 팔굽혀 펴기,52,0.09
성장기,F,준비운동,앉았다 일어서면서 점프하기,52,0.09
성장기,F,준비운동,밴드 어깨 뒤로 들어올리기,52,0.09
성장기,F,준비운동,짐볼에 엎드려서 팔 다리 들기,51,0.09
성장기,F,준비운동,공 위로 던지고 제자리 돌아 받기,51,0.09
성장기,F,준비운동,짐볼에 엎드려서 몸통 젖히기,50,0.09
성장기,F,준비운동,엎드려 교차 발 잡아당기기,49,0.09
성장기,F,준비운동,골반 스트레칭2,48,0.09
성장기,F,준비운동,옆으로 누워 다리 들어올리기,47,0.09
성장기,F,준비운동,의자에 앉아 물병 들고 몸통 돌리기,46,0.08
성장기,F,준비운동,계단 뛰어 오르기,45,0.08
성장기,F,준비운동,엎드려 어깨 늘리기,45,0.08
성장기,F,준비운동,밴드 앞으로 당기기,45,0.08
성장기,F,준비운동,무릎 대고 상체 뒤로 젖히기,44,0.08
성장기,F,준비운동,엎드려 팔 대고 버티기,44,0.08
성장기,F,준비운동,사다리 안팎 뛰기,43,0.08
성장기,F,준비운동,사이드 스텝,42,0.08
성장기,F,준비운동,자세낮춰 이동하기,42,0.08
성장기,F,준비운동,양발 모아 좌우 뛰기,42,0.08
성장기,F,준비운동,누워서 팔 다리 동시에 들어올리기,40,0.07
성장기,F,준비운동,다리벌려 풍차돌기,40,0.07
성장기,F,준비운동,무릎 대고 옆으로 기울이기,40,0.07
성장기,F,준비운동,턱걸이,39,0.07
성장기,F,준비운동,양발 모았다 벌려뛰기,37,0.07
성장기,F,준비운동,다리 넓게 벌려 앉았다 일어서기,36,0.07
성장기,F,준비운동,메디신 볼 잡고 런지하며 상체비틀기,36,0.07
성장기,F,준비운동,다리 모아 뒤로 눕기,36,0.07
성장기,F,준비운동,박스 오르내리기,36,0.07
성장기,F,준비운동,앉아서 다리 펴서 들어올리기,36,0.07
성장기,F,준비운동,엎드려 다리 들어올리기,35,0.06
성장기,F,준비운동,아령 앞으로 들어올리기,35,0.06
성장기,F,준비운동,W 스텝,34,0.06
성장기,F,준비운동,누워서 굽힌 다리 펴기,34,0.06
성장기,F,준비운동,팔꿈치-무릎 교차 닿기,34,0.06
성장기,F,준비운동,전진 점프하며 발바닥 찍기,33,0.06
성장기,F,준비운동,반달자세,33,0.06
성장기,F,준비운동,순간반응 콘 찍기,32,0.06
성장기,F,준비운동,볼 잡고 점프하기,32,0.06
성장기,F,준비운동,누워서 다리 펴고 원 그리기,32,0.06
성장기,F,준비운동,잔발치기,32,0.06
성장기,F,준비운동,웨이트 트레이닝 루틴프로그램,30,0.05
성장기,F,준비운동,사이드 지그재그 뛰기,29,0.05
성장기,F,준비운동,의자에 앉아 다리 뻗어 올리기,29,0.05
성장기,F,준비운동,바로서서 상체 숙이기,28,0.05
성장기,F,준비운동,메디신 볼 잡고 팔굽혀펴기,28,0.05
성장기,F,준비운동,벽잡고 빨리 뛰기,27,0.05
성장기,F,준비운동,앞굽이 앉았다 일어서기,26,0.05
성장기,F,준비운동,다리 모았다 벌려 뛰기,26,0.05
성장기,F,준비운동,V자 버티기,26,0.05
성장기,F,준비운동,네발기기 자세로 팔 다리 들기,25,0.05
성장기,F,준비운동,베개 밟고 서기,25,0.05
성장기,F,준비운동,균형 걷기,25,0.05
성장기,F,준비운동,의자 잡고 팔 뒤로 굽히기,25,0.05
성장기,F,준비운동,빠르게 무릎 올려 찍기,23,0.04
성장기,F,준비운동,서서 균형잡기,23,0.04
성장기,F,준비운동,다리 뻗어 올리기,23,0.04
성장기,F,준비운동,점프해서 발바닥 치기,23,0.04
성장기,F,준비운동,뛰어 내렸다가 바로 점프하기,22,0.04
성장기,F,준비운동,발에 밴드걸고 윗몸일으키기,22,0.04
성장기,F,준비운동,밴드로 다리 들어 올려 버티기,22,0.04
성장기,F,준비운동,밴드 다리 올려 버티기,22,0.04
성장기,F,준비운동,대퇴사두근 스트레칭,21,0.04
성장기,F,준비운동,공 던져 색깔 맞추기,21,0.04
성장기,F,준비운동,허리 비틀어 볼 주고받기,21,0.04
성장기,F,준비운동,손 뻗어 윗몸 일으키기,20,0.04
성장기,F,준비운동,점프해서 손 발끝 닿기,20,0.04
성장기,F,준비운동,런지하며 상체 비틀기,19,0.03
성장기,F,준비운동,팔 들어 올리며 런지,19,0.03
성장기,F,준비운동,탄력밴드 어깨 가쪽 돌림,19,0.03
성장기,F,준비운동,몸통 앞으로 굽혀 걷기,19,0.03
성장기,F,준비운동,대퇴이두근 스트레칭,18,0.03
성장기,F,준비운동,비복근 스트레칭,18,0.03
성장기,F,준비운동,한 발 뒤로 들어올리기,18,0.03
성장기,F,준비운동,팔 빨리 흔들기,18,0.03
성장기,F,준비운동,앉아서 뒤로 당기기,17,0.03
성장기,F,준비운동,누워서 밀기,17,0.03
성장기,F,준비운동,네발기기 자세에서 다리 위로 뻗어올리기,17,0.03
성장기,F,준비운동,누워서 배가로근 수축 II,17,0.03
성장기,F,준비운동,배 스트레칭,17,0.03
성장기,F,준비운동,양손 모아 균형 잡기,17,0.03
성장기,F,준비운동,활 자세,17,0.03
성장기,F,준비운동,박스 옆으로 번갈아 뛰기,17,0.03
성장기,F,준비운동,누워 무릎 기울기,17,0.03
성장기,F,준비운동,뒤꿈치 들기,16,0.03
성장기,F,준비운동,앉아서 다리 굽히기,16,0.03
성장기,F,준비운동,앉았다 일어나며 점프하기,16,0.03
성장기,F,준비운동,한 발 들어올리기,16,0.03
성장기,F,준비운동,다리 앞뒤로 벌려 굽혔다 펴기,16,0.03
성장기,F,준비운동,앉아서 밴드 당기기,16,0.03
성장기,F,준비운동,옆으로 팔 대고 버티기,16,0.03
성장기,F,준비운동,뒤로 팔 뻗기,16,0.03
성장기,F,준비운동,앉아서 엉덩관절 굽히기,15,0.03
성장기,F,준비운동,앉아서 다리 밀기,15,0.03
성장기,F,준비운동,앉아서 다리 펴기,15,0.03
성장기,F,준비운동,앞으로 나가며 앉았다 일어서기,15,0.03
성장기,F,준비운동,사다리 운동 루틴프로그램,14,0.03
성장기,F,준비운동,스텝퍼 옆으로 뛰어넘기,14,0.03
성장기,F,준비운동,볼 튕기면서 스쿼트,14,0.03
성장기,F,준비운동,네발기기 자세에서 손바닥으로 바닥밀기,14,0.03
성장기,F,준비운동,옆으로 누워 무릎 벌리기,14,0.03
성장기,F,준비운동,옆으로 다리 뻗기,14,0.03
성장기,F,준비운동,아령 뒤로 들어올리기,14,0.03
성장기,F,준비운동,연속 무릎 올리기,13,0.02
성장기,F,준비운동,제자리 멀리 뛰기,13,0.02
성장기,F,준비운동,무릎 올려 공 닿기,12,0.02
성장기,F,준비운동,팔 구부려 등 모으기,12,0.02
성장기,F,준비운동,팔꿈치 고정 후 벌리기,12,0.02
성장기,F,준비운동,양팔 크게 벌리기,11,0.02
성장기,F,준비운동,한 발 무릎위 올려차기,11,0.02
성장기,F,준비운동,상체 감아올리기,11,0.02
성장기,F,준비운동,한발 들기,10,0.02
성장기,F,준비운동,가슴 스트레칭,10,0.02
성장기,F,준비운동,십(十)자 드리블,10,0.02
성장기,F,준비운동,2단 줄넘기,10,0.02
성장기,F,준비운동,의자 잡고 반복 옆 뛰기,10,0.02
성장기,F,준비운동,무릎 구부려 상체 비틀기,10,0.02
성장기,F,준비운동,순간반응 콘 찍기 2,9,0.02
성장기,F,준비운동,종아리 사이 감아 돌리기,9,0.02
성장기,F,준비운동,발 뒤꿈치 들어올리기,9,0.02
성장기,F,준비운동,교차 다리 굽히기,9,0.02
성장기,F,준비운동,스텝퍼 뛰어서 오르내리기,8,0.01
성장기,F,준비운동,콘 뛰어넘기,8,0.01
성장기,F,준비운동,전후 교차 뛰기,7,0.01
성장기,F,준비운동,양발 연속 뛰기,7,0.01
성장기,F,준비운동,박스 운동 루틴프로그램,7,0.01
성장기,F,준비운동,엉덩이 스트레칭2,7,0.01
성장기,F,준비운동,뒷발 의자 올려 굽히기,7,0.01
성장기,F,준비운동,50M 달리기,7,0.01
성장기,F,준비운동,공 잡고 상체 들어올리기,7,0.01
성장기,F,준비운동,양발 교차 뛰기,6,0.01
성장기,F,준비운동,팔꿈치 굽히기,6,0.01
성장기,F,준비운동,4방향 콘 찍고 달리기,6,0.01
성장기,F,준비운동,허리 비틀어 앉았다 일어서기,6,0.01
성장기,F,준비운동,V자 싸이클,5,0.01
성장기,F,준비운동,콘운동 루틴프로그램,5,0.01
성장기,F,준비운동,점프 팔굽혀펴기,5,0.01
성장기,F,준비운동,점프 후 버티기,5,0.01
성장기,F,준비운동,사다리 옆으로 발 옮기기,5,0.01
성장기,F,준비운동,스텝퍼 뛰어서 넘어가기,5,0.01
성장기,F,준비운동,스텝퍼 올라가서 점프하여 착지하기,5,0.01
성장기,F,준비운동,연속 사이드 스쿼드,5,0.01
성장기,F,준비운동,써클휠로 다리 끌어당기기,5,0.01
성장기,F,준비운동,다리 옆으로 들어올리기,5,0.01
성장기,F,준비운동,밴드 잡고 다리 옆으로 벌리기,5,0.01
성장기,F,준비운동,덤벨 옆으로 들어올리기,4,0.01
성장기,F,준비운동,짐볼 전완대고 버티기,4,0.01
성장기,F,준비운동,짐볼 배에 대고 버티기,4,0.01
성장기,F,준비운동,앞차기하며 뛰기,4,0.01
성장기,F,준비운동,밴드 잡고 무릎펴기,4,0.01
성장기,F,준비운동,누워서 다리 굽히기,4,0.01
성장기,F,준비운동,다리 감아올리기,4,0.01
성장기,F,준비운동,한발들어 좌우 돌리기,4,0.01
성장기,F,준비운동,앉아서 다리 벌리기,3,0.01
성장기,F,준비운동,앉아서 당겨 내리기,3,0.01
성장기,F,준비운동,손목 펴기/굽히기,3,0.01
성장기,F,준비운동,엎드려서 균형잡기,3,0.01
성장기,F,준비운동,엎드려 팔다리 교차올리기,3,0.01
성장기,F,준비운동,팔꿈치 맞닿아 원그리기,3,0.01
성장기,F,준비운동,물통으로 양팔 들어올리기,3,0.01
성장기,F,준비운동,밴드 머리 뒤로 들어올리기,3,0.01
성장기,F,준비운동,물병 들고 한발 앞으로 내밀고 앉았다 일어서기,3,0.01
성장기,F,준비운동,엎드려 뒤로 다리 올리기,3,0.01
성장기,F,준비운동,덤벨 잡고 뒤꿈치 들기,3,0.01
성장기,F,준비운동,점프하며 뛰기,3,0.01
성장기,F,준비운동,실외 자전거타기,3,0.01
성장기,F,준비운동,서서 상체 일으키기,3,0.01
성장기,F,준비운동,의자 이용 중심 잡기 루틴 운동,3,0.01
성장기,F,준비운동,윗몸 말아 올리기,3,0.01
성장기,F,준비운동,옆으로 누워 가슴 열기,3,0.01
성장기,F,준비운동,다리 교대로 들어올리기,3,0.01
성장기,F,준비운동,스텝박스 오르내리기,3,0.01
성장기,F,준비운동,앉아서 밀기,3,0.01
성장기,F,준비운동,허리 굽혀 팔 뒤로 들기,3,0.01
성장기,F,준비운동,물속에서 걷기,3,0.01
성장기,F,준비운동,아쿠아로빅,3,0.01
성장기,F,준비운동,베개 밟고 교차 서기,3,0.01
성장기,F,준비운동,베개 밟고 대각방향으로 서기,3,0.01
성장기,F,준비운동,무릎 아래에서 양옆으로 굴리기,3,0.01
성장기,F,준비운동,머리 위로 볼 돌리기,3,0.01
성장기,F,준비운동,볼 잡고 몸통 기울이기,3,0.01
성장기,F,준비운동,앞발 의자 올려 굽히기,3,0.01
성장기,F,준비운동,S자 달리기,3,0.01
성장기,F,준비운동,무릎 들어 연속 뛰기,3,0.01
성장기,F,준비운동,빠른 발 안팎 뛰기,3,0.01
성장기,F,준비운동,대(大)자 점프 뛰기,3,0.01
성장기,F,준비운동,한 발 끌어당기기,3,0.01
성장기,F,준비운동,앞발 들어올리기,3,0.01
성장기,F,준비운동,크게 다리벌려 교차 뛰기,3,0.01
성장기,F,준비운동,앉아서 다리 모으기,2,0.0
성장기,F,준비운동,파워클린,2,0.0
성장기,F,준비운동,소파를 이용한 윗몸올리기,2,0.0
성장기,F,준비운동,내전근 스트레칭,2,0.0
성장기,F,준비운동,의자에 한 다리 올리고 앉앗다 일어서기,2,0.0
성장기,F,준비운동,짐볼 윗몸일으키기,2,0.0
성장기,F,준비운동,짐볼 앉아 중심 잡기 루틴 운동,2,0.0
성장기,F,준비운동,짐볼 앉아 한발 들기,2,0.0
성장기,F,준비운동,짐볼 윗몸올리기,2,0.0
성장기,F,준비운동,팔 교대로 올리기,2,0.0
성장기,F,준비운동,옆으로 누워 폼롤러 굴려주기,2,0.0
성장기,F,준비운동,폼롤러 앞으로 굴리기,2,0.0
성장기,F,준비운동,폼롤러 밀며 몸 앞으로 숙이기,2,0.0
성장기,F,준비운동,계단 두 칸씩 뛰기,2,0.0
성장기,F,준비운동,계단 한발 뛰기,2,0.0
성장기,F,준비운동,빠르게 걷기,2,0.0
성장기,F,준비운동,비스듬히 누워서 밀기,2,0.0
성장기,F,준비운동,거꾸로 누워서 밀기,2,0.0
성장기,F,준비운동,누워서 머리 위로 팔꿈치 펴기,2,0.0
성장기,F,준비운동,사이드 스텝 점프하기,2,0.0
성장기,F,준비운동,허리 감아 볼 돌리기,2,0.0
성장기,F,준비운동,밴드 한 발 뒤로 들기,2,0.0
성장기,F,준비운동,앉아서 양팔 당기기,2,0.0
성장기,F,준비운동,바벨 끌어당기기,2,0.0
성장기,F,준비운동,서서 바벨 위로 밀기,2,0.0
성장기,F,준비운동,의자에 앉아 다리 펴서 들어올리기,2,0.0
성장기,F,준비운동,십(十)자 달리기,2,0.0
성장기,F,준비운동,점프하며 앞으로 나가기,2,0.0
성장기,F,준비운동,다리 올려 의자넘기,2,0.0
성장기,F,준비운동,무릎 굽혀 엉덩이 들어올리기,2,0.0
성장기,F,준비운동,머리 뒤로 깍지 끼고 상체 숙이기,2,0.0
성장기,F,준비운동,앉아서 무릎 굽히기,2,0.0
성장기,F,준비운동,뒷발 교차 뛰기,2,0.0
성장기,F,준비운동,옆으로 굽히기,2,0.0
성장기,F,준비운동,서서 어깨 들어올리기,1,0.0
성장기,F,준비운동,몸통 옆으로 굽히기,1,0.0
성장기,F,준비운동,허리 굽혀 덤벨 뒤로 들기,1,0.0
성장기,F,준비운동,서서 다리 뒤로 차기,1,0.0
성장기,F,준비운동,회전근개 스트레칭2,1,0.0
성장기,F,준비운동,백 슬라이드,1,0.0
성장기,F,준비운동,뛰어 밀기,1,0.0
성장기,F,준비운동,누워 한발 원 그리기,1,0.0
성장기,F,준비운동,양발 점프 착지하기,1,0.0
성장기,F,준비운동,밴드 걸고 옆으로 누워 다리 올리기,1,0.0
성장기,F,준비운동,어깨 올리기,1,0.0
성장기,F,준비운동,서서 탄력밴드 당겨내리기/올리기,1,0.0
성장기,F,준비운동,옆으로 펀치하기,1,0.0
성장기,F,준비운동,팔굽혀펴기 후 점프하기,1,0.0
성장기,F,준비운동,한발로 점프하기,1,0.0
성장기,F,준비운동,바벨 당겨 올리기,1,0.0
성장기,F,준비운동,누워서 배가로근 수축 I,1,0.0
성장기,F,준비운동,물누르기/올리기,1,0.0
성장기,F,준비운동,발 닿기,1,0.0
성장기,F,준비운동,몸 기울이기/회전하기,1,0.0
성장기,F,준비운동,연속 상향 점프하기,1,0.0
성장기,F,준비운동,누워서 팔 밀기,1,0.0
성장기,F,준비운동,앉았다 일어서며 팔 들어올리기,1,0.0
성장기,F,준비운동,양발 교차 올리기,1,0.0
성장기,F,준비운동,의자 잡고 서기,1,0.0
성장기,F,준비운동,의자 잡고 한발 들기,1,0.0
성장기,F,준비운동,의자 잡고 측면으로 한발 들기,1,0.0
성장기,F,준비운동,고정식 트레드밀에서 걷기,1,0.0
성장기,F,준비운동,덤벨 잡고 앉았다 일어서기,1,0.0
성장기,F,준비운동,등 대고 대퇴이두근 스트레칭,1,0.0
성장기,F,준비운동,발바닥 치기,1,0.0
성장기,F,준비운동,앉아서 가슴 모으기,1,0.0
성장기,F,준비운동,고정한 상태에서 덤벨 들고 팔꿈치 굽히기,1,0.0
성장기,F,준비운동,앞뒤 지그재그 뛰기,1,0.0
성장기,F,준비운동,바벨 들어 팔꿈치 굽히기,1,0.0
성장기,F,준비운동,앉아서 팔꿈치 굽히기/펴기,1,0.0
성장기,F,준비운동,사이드 한발 뛰기,1,0.0
성장기,F,준비운동,다리 뻗어 점프하기,1,0.0
성장기,F,준비운동,누워 무릎 교차 올리기,1,0.0
성장기,F,준비운동,앞굽이 뛰기,1,0.0
성장기,F,준비운동,앉아서 다리 올리기,1,0.0
성장기,F,준비운동,엎드려 무릎 당기기,1,0.0
성장기,F,준비운동,앉아서 몸통 움츠리기,1,0.0
성장기,F,준비운동,계이름 치기,1,0.0
성장기,F,본운동,맨몸운동 루틴프로그램,4803,4.85
성장기,F,본운동,조깅,4528,4.58
성장기,F,본운동,줄넘기 운동,3749,3.79
성장기,F,본운동,앉았다 일어서기,3076,3.11
성장기,F,본운동,수영,2771,2.8
성장기,F,본운동,자전거타기,2709,2.74
성장기,F,본운동,버피 테스트,2519,2.55
성장기,F,본운동,전완대고 버티기,2359,2.38
성장기,F,본운동,팔굽혀 펴기,1861,1.88
성장기,F,본운동,저항밴드 운동 루틴프로그램,1797,1.82
성장기,F,본운동,걷기,1774,1.79
성장기,F,본운동,달리기,1623,1.64
성장기,F,본운동,웨이트 트레이닝 루틴프로그램,1311,1.32
성장기,F,본운동,몸통 들어올리기,1258,1.27
성장기,F,본운동,윗몸 일으키기,1217,1.23
성장기,F,본운동,팔굽혀펴기,1064,1.08
성장기,F,본운동,바운딩 운동 루틴프로그램,1022,1.03
성장기,F,본운동,팔다리 교차 버티기,947,0.96
성장기,F,본운동,발 바꿔 뛰기,932,0.94
성장기,F,본운동,계단 올라갔다 내려오기,917,0.93
성장기,F,본운동,누워 다리 들어올리기,908,0.92
성장기,F,본운동,앞굽이 앉았다 일어서기,904,0.91
성장기,F,본운동,순간반응 콘 찍기,845,0.85
성장기,F,본운동,엎드려 버티기,829,0.84
성장기,F,본운동,무릎 높이 들어 뛰기,788,0.8
성장기,F,본운동,뒤로 팔굽혀펴기,786,0.79
성장기,F,본운동,왕복달리기,769,0.78
성장기,F,본운동,요가 및 필라테스 루틴프로그램,678,0.69
성장기,F,본운동,줄넘기,668,0.68
성장기,F,본운동,윗몸올리기,662,0.67
성장기,F,본운동,팔 벌려 뛰기,659,0.67
성장기,F,본운동,벽패스,651,0.66
성장기,F,본운동,사다리 운동 루틴프로그램,613,0.62
성장기,F,본운동,버피운동,600,0.61
성장기,F,본운동,엎드려 팔 대고 버티기,594,0.6
성장기,F,본운동,사이드 지그재그 뛰기,570,0.58
성장기,F,본운동,뒤꿈치 높이들어 뛰기,561,0.57
성장기,F,본운동,공 양손으로 주고 받기,560,0.57
성장기,F,본운동,엎드려 팔다리 교차올리기,552,0.56
성장기,F,본운동,실내 자전거타기,551,0.56
성장기,F,본운동,정적 스트레칭 루틴프로그램,533,0.54
성장기,F,본운동,윗몸말아올리기,532,0.54
성장기,F,본운동,크런치 사이클,531,0.54
성장기,F,본운동,손 뻗어 윗몸 일으키기,514,0.52
성장기,F,본운동,바로서서 상체 숙이기,514,0.52
성장기,F,본운동,메디신볼 운동 루틴프로그램,506,0.51
성장기,F,본운동,앉았다 일어나며 점프하기,478,0.48
성장기,F,본운동,1단 줄넘기,455,0.46
성장기,F,본운동,무릎 높여 제자리 달리기,429,0.43
성장기,F,본운동,V자 싸이클,427,0.43
성장기,F,본운동,종아리 사이 감아 돌리기,415,0.42
성장기,F,본운동,엎드려 팔로 걷기,412,0.42
성장기,F,본운동,짐볼 운동 루틴프로그램,406,0.41
성장기,F,본운동,박스 운동 루틴프로그램,402,0.41
성장기,F,본운동,한발 앞으로 내밀고 앉았다 일어서기,401,0.41
성장기,F,본운동,계단 오르기,371,0.37
성장기,F,본운동,허리 굽혀 팔 뒤로 들기,367,0.37
성장기,F,본운동,누워 무릎 기울기,365,0.37
성장기,F,본운동,볼 잡고 점프하기,356,0.36
성장기,F,본운동,실외 자전거타기,356,0.36
성장기,F,본운동,하지 루틴 스트레칭2,347,0.35
성장기,F,본운동,넙다리 뒤쪽 스트레칭,337,0.34
성장기,F,본운동,누워서 엉덩이 들어올리기,335,0.34
성장기,F,본운동,연속 사이드 스쿼드,332,0.34
성장기,F,본운동,잔발치기,328,0.33
성장기,F,본운동,엉덩이 스트레칭,327,0.33
성장기,F,본운동,사다리 안팎 뛰기,326,0.33
성장기,F,본운동,엎드려 무릎 연속 차기,324,0.33
성장기,F,본운동,누워서 뒤로 팔굽혀펴기,319,0.32
성장기,F,본운동,앉아서 당겨 내리기,317,0.32
성장기,F,본운동,순간반응 콘 찍기 2,316,0.32
성장기,F,본운동,제자리 뛰기,313,0.32
성장기,F,본운동,양 손 번갈아 공 튀기기,311,0.31
성장기,F,본운동,메디신 볼 잡고 팔굽혀펴기,310,0.31
성장기,F,본운동,목 스트레칭,305,0.31
성장기,F,본운동,한발 연속 뛰기,305,0.31
성장기,F,본운동,점프하며 뛰기,303,0.31
성장기,F,본운동,하지 루틴 스트레칭1,295,0.3
성장기,F,본운동,앉았다 일어서면서 점프하기,291,0.29
성장기,F,본운동,트레드밀에서 걷기,283,0.29
성장기,F,본운동,콘운동 루틴프로그램,280,0.28
성장기,F,본운동,다리 뻗어 점프하기,277,0.28
성장기,F,본운동,훌라후프하며 앞으로 가기,266,0.27
성장기,F,본운동,다리자세,261,0.26
성장기,F,본운동,전신 루틴 스트레칭,252,0.25
성장기,F,본운동,슈퍼맨자세,251,0.25
성장기,F,본운동,팔 돌리며 점프하기,249,0.25
성장기,F,본운동,상지 루틴 스트레칭,246,0.25
성장기,F,본운동,엎드려 상체 들어올리기,242,0.24
성장기,F,본운동,훌라후프로 공 끌고 가기,241,0.24
성장기,F,본운동,척추 들어올리기,239,0.24
성장기,F,본운동,제자리 멀리 뛰기,235,0.24
성장기,F,본운동,다리 뻗어 올리기,234,0.24
성장기,F,본운동,사이드 스텝,230,0.23
성장기,F,본운동,옆으로 팔 벌리며 점프하기,229,0.23
성장기,F,본운동,다리 들어올리기,227,0.23
성장기,F,본운동,스텝퍼 옆으로 뛰어넘기,224,0.23
성장기,F,본운동,누워서 다리 들어올리기,218,0.22
성장기,F,본운동,측면 팔대고 버티기,216,0.22
성장기,F,본운동,옆으로 누워 버티기,215,0.22
성장기,F,본운동,옆구리 스트레칭,214,0.22
성장기,F,본운동,빠르게 무릎들어 뛰기,210,0.21
성장기,F,본운동,벽잡고 빨리 뛰기,210,0.21
성장기,F,본운동,뛰어 내렸다가 바로 점프하기,198,0.2
성장기,F,본운동,엎드려 다리 들어올리기,193,0.2
성장기,F,본운동,계단 뛰어 오르기,192,0.19
성장기,F,본운동,스텝박스 오르내리기,190,0.19
성장기,F,본운동,몸통 스트레칭,187,0.19
성장기,F,본운동,앉아서 다리 펴기,182,0.18
성장기,F,본운동,엇박자 뛰기,182,0.18
성장기,F,본운동,팔벌려뛰기,178,0.18
성장기,F,본운동,몸통 옆으로 굽히기,178,0.18
성장기,F,본운동,전사자세,177,0.18
성장기,F,본운동,앉아서 다리 모으기,177,0.18
성장기,F,본운동,공 위로 던지고 제자리 돌아 받기,177,0.18
성장기,F,본운동,좌식생활자를 위한 동적 루틴 스트레칭,176,0.18
성장기,F,본운동,팔꿈치 굽히기,174,0.18
성장기,F,본운동,허리 스트레칭,174,0.18
성장기,F,본운동,앉아서 엉덩이 들고 이동하기,174,0.18
성장기,F,본운동,나비자세,172,0.17
성장기,F,본운동,동적 스트레칭 루틴프로그램,171,0.17
성장기,F,본운동,다리 감아올리기,170,0.17
성장기,F,본운동,양발 모아 좌우 뛰기,169,0.17
성장기,F,본운동,무릎-허리 높이로 공 튀기기,169,0.17
성장기,F,본운동,넙다리 안쪽 스트레칭,168,0.17
성장기,F,본운동,2단 줄넘기,167,0.17
성장기,F,본운동,한발 들기,162,0.16
성장기,F,본운동,옆으로 굽히기,161,0.16
성장기,F,본운동,스텝퍼 올라가서 점프하여 착지하기,156,0.16
성장기,F,본운동,파워클린,156,0.16
성장기,F,본운동,아기자세,154,0.16
성장기,F,본운동,등/어깨 뒤쪽 스트레칭,154,0.16
성장기,F,본운동,박스 옆으로 번갈아 뛰기,154,0.16
성장기,F,본운동,빠른 발 뛰기,153,0.15
성장기,F,본운동,턱걸이,151,0.15
성장기,F,본운동,한쪽 다리펴고 상체 숙이기,150,0.15
성장기,F,본운동,왜가리 자세,149,0.15
성장기,F,본운동,팔로 써클링 누르기,149,0.15
성장기,F,본운동,박스 오르내리기,146,0.15
성장기,F,본운동,물속에서 걷기,145,0.15
성장기,F,본운동,점프해서 손 발끝 닿기,144,0.15
성장기,F,본운동,스텝퍼 뛰어서 오르내리기,143,0.14
성장기,F,본운동,콘 뛰어넘기,139,0.14
성장기,F,본운동,양발 교차하여 서서 몸통 숙이기,138,0.14
성장기,F,본운동,상체 앞으로 숙이기,137,0.14
성장기,F,본운동,의자에 앉아 옆구리 숙이기,134,0.14
성장기,F,본운동,양발 교차 뛰기,134,0.14
성장기,F,본운동,런지하며 상체 비틀기,131,0.13
성장기,F,본운동,반복 옆뛰기,131,0.13
성장기,F,본운동,양발 연속 뛰기,129,0.13
성장기,F,본운동,엎드려 무릎 당기기,128,0.13
성장기,F,본운동,양팔 벌려 높이 뛰기,127,0.13
성장기,F,본운동,물병 옆으로 들어올리기,125,0.13
성장기,F,본운동,옆으로 누워 다리 들어올리기,124,0.13
성장기,F,본운동,앉아서 밀기,123,0.12
성장기,F,본운동,의자 잡고 반복 옆 뛰기,123,0.12
성장기,F,본운동,스텝퍼 오르내리기,122,0.12
성장기,F,본운동,앞뒤 지그재그 뛰기,122,0.12
성장기,F,본운동,W 스텝,122,0.12
성장기,F,본운동,엎드려서 팔 다리 들기,121,0.12
성장기,F,본운동,몸통 앞으로 굽혀 걷기,121,0.12
성장기,F,본운동,바벨들어올리기,120,0.12
성장기,F,본운동,누워서 팔 다리 동시에 들어올리기,120,0.12
성장기,F,본운동,앉아서 다리 밀기,118,0.12
성장기,F,본운동,십(十)자 달리기,118,0.12
성장기,F,본운동,십(十)자 드리블,118,0.12
성장기,F,본운동,양손 모아 균형 잡기,117,0.12
성장기,F,본운동,계단 두발 뛰기,117,0.12
성장기,F,본운동,고정식 자전거 타기,117,0.12
성장기,F,본운동,서서 상체 일으키기,115,0.12
성장기,F,본운동,크게 다리벌려 교차 뛰기,115,0.12
성장기,F,본운동,점프해서 발바닥 치기,113,0.11
성장기,F,본운동,앉아서 상체 앞 옆으로 기울기,112,0.11
성장기,F,본운동,발 끝 당기기,110,0.11
성장기,F,본운동,상체 감아올리기,109,0.11
성장기,F,본운동,다리모아 무릎 누르기,109,0.11
성장기,F,본운동,고양이 자세,107,0.11
성장기,F,본운동,온 몸 뻗어주기,106,0.11
성장기,F,본운동,앉아서 뒤로 당기기,106,0.11
성장기,F,본운동,아쿠아로빅,105,0.11
성장기,F,본운동,한 발 무릎위 올려차기,105,0.11
성장기,F,본운동,전후 교차 뛰기,104,0.11
성장기,F,본운동,다리 교대로 들어올리기,103,0.1
성장기,F,본운동,앉아서 위로 밀기,102,0.1
성장기,F,본운동,아령 앞으로 들어올리기,102,0.1
성장기,F,본운동,한 발 뒤로 들어올리기,101,0.1
성장기,F,본운동,짝 스트레칭 루틴프로그램,100,0.1
성장기,F,본운동,깍지 끼고 상체 숙이기,98,0.1
성장기,F,본운동,다리굽혀 허리 비틀기,97,0.1
성장기,F,본운동,무릎 들어 연속 뛰기,97,0.1
성장기,F,본운동,서서 뒤꿈치 들기,96,0.1
성장기,F,본운동,뒷발 교차 뛰기,95,0.1
성장기,F,본운동,팔굽혀펴기 후 점프하기,94,0.09
성장기,F,본운동,어깨 뒤쪽 스트레칭,94,0.09
성장기,F,본운동,의자 잡고 팔 뒤로 굽히기,94,0.09
성장기,F,본운동,연속 무릎 올리기,94,0.09
성장기,F,본운동,점프 후 버티기,93,0.09
성장기,F,본운동,발목 돌리기,93,0.09
성장기,F,본운동,소파를 이용한 윗몸올리기,90,0.09
성장기,F,본운동,나무자세,89,0.09
성장기,F,본운동,빠른 발 안팎 뛰기,89,0.09
성장기,F,본운동,백 슬라이드,89,0.09
성장기,F,본운동,양발 모았다 벌려뛰기,89,0.09
성장기,F,본운동,합장하여 앞으로 숙이기,88,0.09
성장기,F,본운동,허리숙여 양팔 돌리기,88,0.09
성장기,F,본운동,넙다리 앞쪽 스트레칭,86,0.09
성장기,F,본운동,앉아서 몸통 움츠리기,85,0.09
성장기,F,본운동,양발 벌려 무릎 밀어내기,85,0.09
성장기,F,본운동,허리 감아 볼 돌리기,84,0.08
성장기,F,본운동,네발기기 자세로 팔 다리 들기,84,0.08
성장기,F,본운동,배스트레칭,83,0.08
성장기,F,본운동,한 발 끌어당기기,83,0.08
성장기,F,본운동,의자에 앉아 물병 들고 몸통 돌리기,82,0.08
성장기,F,본운동,볼 잡고 몸통 기울이기,82,0.08
성장기,F,본운동,옆으로 펀치하기,81,0.08
성장기,F,본운동,윗몸 말아 올리기,81,0.08
성장기,F,본운동,누워서 전신 뻗기,81,0.08
성장기,F,본운동,엉덩이 스트레칭2,81,0.08
성장기,F,본운동,50M 달리기,81,0.08
성장기,F,본운동,다리 모았다 벌려 뛰기,80,0.08
성장기,F,본운동,다리뻗어 상체 숙이기,80,0.08
성장기,F,본운동,뒤로 팔 뻗기,78,0.08
성장기,F,본운동,서서 다리 뒤로 차기,77,0.08
성장기,F,본운동,서서 한팔 들어 오른쪽 왼쪽 뻗기,74,0.07
성장기,F,본운동,다리 앞뒤로 벌려 굽혔다 펴기,74,0.07
성장기,F,본운동,팔 빨리 흔들기,74,0.07
성장기,F,본운동,앞차기하며 뛰기,72,0.07
성장기,F,본운동,양팔 크게 벌리기,72,0.07
성장기,F,본운동,뛰어 밀기,72,0.07
성장기,F,본운동,누워 발목 당겨주기,71,0.07
성장기,F,본운동,물통으로 양팔 들어올리기,71,0.07
성장기,F,본운동,서서 발목 뒤로 당기기,70,0.07
성장기,F,본운동,밴드 어깨 뒤로 들어올리기,70,0.07
성장기,F,본운동,다리 굽혀(W자) 상체 뒤로 눕기,69,0.07
성장기,F,본운동,볼 튕기면서 스쿼트,68,0.07
성장기,F,본운동,소머리 자세,67,0.07
성장기,F,본운동,가슴/어깨 앞쪽 스트레칭,67,0.07
성장기,F,본운동,S자 달리기,67,0.07
성장기,F,본운동,누워서 다리 좌우로 움직이기,66,0.07
성장기,F,본운동,점프하며 앞으로 나가기,66,0.07
성장기,F,본운동,머리 뒤로 깍지 끼고 상체 숙이기,66,0.07
성장기,F,본운동,목 돌리기,65,0.07
성장기,F,본운동,발바닥 마주대고 끌어당기기,65,0.07
성장기,F,본운동,뒤꿈치 들기,64,0.06
성장기,F,본운동,사이드 한발 뛰기,64,0.06
성장기,F,본운동,벽에서 팔굽혀 펴기,63,0.06
성장기,F,본운동,의자 앞에서 앉았다 일어서기,63,0.06
성장기,F,본운동,허리 비틀어 앉았다 일어서기,63,0.06
성장기,F,본운동,앉아서 양팔 당기기,62,0.06
성장기,F,본운동,짐볼 전완대고 버티기,62,0.06
성장기,F,본운동,밴드 앞 옆으로 들어올리기,62,0.06
성장기,F,본운동,누워 무릎 교차 올리기,61,0.06
성장기,F,본운동,한 발 들어올리기,61,0.06
성장기,F,본운동,짐볼 배에 대고 버티기,60,0.06
성장기,F,본운동,네발 걷기,59,0.06
성장기,F,본운동,의자에 앉아 몸통비틀기,59,0.06
성장기,F,본운동,사다리 옆으로 발 옮기기,59,0.06
성장기,F,본운동,서서 바벨 위로 밀기,59,0.06
성장기,F,본운동,연속 상향 점프하기,57,0.06
성장기,F,본운동,앉아서 다리 굽히기,57,0.06
성장기,F,본운동,앉아서 가슴 모으기,57,0.06
성장기,F,본운동,고정식 트레드밀에서 걷기,57,0.06
성장기,F,본운동,엉덩이 늘리기,56,0.06
성장기,F,본운동,누워서 팔 밀기,56,0.06
성장기,F,본운동,아령 뒤로 들어올리기,55,0.06
성장기,F,본운동,앉은 산 자세,54,0.05
성장기,F,본운동,덤벨 잡고 뒤꿈치 들기,54,0.05
성장기,F,본운동,어깨 누르기,53,0.05
성장기,F,본운동,다리벌려 풍차돌기,53,0.05
성장기,F,본운동,옆으로 다리 뻗기,53,0.05
성장기,F,본운동,머리 위로 볼 돌리기,52,0.05
성장기,F,본운동,빠르게 앞무릎 올리기,52,0.05
성장기,F,본운동,유산소 운동 전 동적 루틴 스트레칭,52,0.05
성장기,F,본운동,서서 발목 누르기,52,0.05
성장기,F,본운동,발에 밴드걸고 윗몸일으키기,51,0.05
성장기,F,본운동,누워서 가슴 밀기,51,0.05
성장기,F,본운동,손목 펴기/굽히기,50,0.05
성장기,F,본운동,사이드 스텝 점프하기,50,0.05
성장기,F,본운동,대퇴이두근 스트레칭2,50,0.05
성장기,F,본운동,팔꿈치 원 그리기,49,0.05
성장기,F,본운동,반달자세,49,0.05
성장기,F,본운동,무릎 굽혀 엉덩이 들어올리기,49,0.05
성장기,F,본운동,V자 버티기,49,0.05
성장기,F,본운동,양발 교차 올리기,48,0.05
성장기,F,본운동,메디신 볼 잡고 런지하며 상체비틀기,48,0.05
성장기,F,본운동,균형 걷기,48,0.05
성장기,F,본운동,전갈자세,47,0.05
성장기,F,본운동,사다리 좌우 뛰기,47,0.05
성장기,F,본운동,전신 비틀며 전진하기,46,0.05
성장기,F,본운동,엎드려 한발 원 그리기,46,0.05
성장기,F,본운동,밴드 걸고 누워서 다리 들어올리기,46,0.05
성장기,F,본운동,회전 초승달 자세,45,0.05
성장기,F,본운동,겨드랑이 늘리기,45,0.05
성장기,F,본운동,라켓으로 공 치며 앞으로 가기,45,0.05
성장기,F,본운동,의자에 앉아 가슴 뒤로 젖히기,44,0.04
성장기,F,본운동,누워서 공 뒤로 내리고 당기기,44,0.04
성장기,F,본운동,앉아서 다리 펴서 들어올리기,44,0.04
성장기,F,본운동,짐볼 앉아 중심 잡기 루틴 운동,44,0.04
성장기,F,본운동,물병 들고 한발 앞으로 내밀고 앉았다 일어서기,43,0.04
성장기,F,본운동,의자에 앉아 등 굽혔다 펴기,43,0.04
성장기,F,본운동,팔 들어 올리며 런지,42,0.04
성장기,F,본운동,서서 다리로 탄력밴드 당기기 II,42,0.04
성장기,F,본운동,연속 하향 점프하기,42,0.04
성장기,F,본운동,서서 다리로 탄력밴드 당기기 I,42,0.04
성장기,F,본운동,스텝박스,42,0.04
성장기,F,본운동,전진 점프하며 발바닥 찍기,42,0.04
성장기,F,본운동,앉아서 다리 올리기,42,0.04
성장기,F,본운동,짐볼에서 몸통 돌리기,42,0.04
성장기,F,본운동,목봉잡고 앉았다 일어나기,42,0.04
성장기,F,본운동,스텝퍼 뛰어서 넘어가기,40,0.04
성장기,F,본운동,한발로 점프하기,40,0.04
성장기,F,본운동,한발 앞뒤 교차 뛰기,40,0.04
성장기,F,본운동,짐볼 윗몸일으키기,40,0.04
성장기,F,본운동,옆으로 팔 대고 버티기,39,0.04
성장기,F,본운동,계단 두 칸씩 뛰기,38,0.04
성장기,F,본운동,누워 한발 원 그리기,38,0.04
성장기,F,본운동,밴드 다리 올려 버티기,38,0.04
성장기,F,본운동,다리 올려 의자넘기,38,0.04
성장기,F,본운동,전진 점프하며 발 뒤꿈치 찍기,37,0.04
성장기,F,본운동,대(大)자 점프 뛰기,37,0.04
성장기,F,본운동,좌우 양발모아 점프하기,36,0.04
성장기,F,본운동,앉았다 일어서며 팔 들어올리기,36,0.04
성장기,F,본운동,누워서 다리 펴고 원 그리기,35,0.04
성장기,F,본운동,덤벨 옆으로 들어올리기,34,0.03
성장기,F,본운동,팔꿈치 고정 후 벌리기,34,0.03
성장기,F,본운동,앞굽이 뛰기,34,0.03
성장기,F,본운동,빠르게 무릎 올려 찍기,34,0.03
성장기,F,본운동,누워서 배가로근 수축 I,33,0.03
성장기,F,본운동,의자에 앉아 가슴 몸통 말아주기,33,0.03
성장기,F,본운동,팔꿈치-무릎 교차 닿기,33,0.03
성장기,F,본운동,네발기기 자세에서 다리 위로 뻗어올리기,32,0.03
성장기,F,본운동,다리 넓게 벌려 앉았다 일어서기,32,0.03
성장기,F,본운동,누워서 다리 굽히기,31,0.03
성장기,F,본운동,누워서 밀기,31,0.03
성장기,F,본운동,앉아서 한 발 앞으로 굽히기,31,0.03
성장기,F,본운동,공 던져 색깔 맞추기,31,0.03
성장기,F,본운동,바벨 들어 팔꿈치 굽히기,30,0.03
성장기,F,본운동,누워서 배가로근 수축 II,30,0.03
성장기,F,본운동,계단 한발 뛰기,29,0.03
성장기,F,본운동,좌우 이동하며 팔굽혀펴기,28,0.03
성장기,F,본운동,무릎 구부려 상체 비틀기,28,0.03
성장기,F,본운동,시소우,27,0.03
성장기,F,본운동,앉아서 밴드 당기기,27,0.03
성장기,F,본운동,다리 벌려 옆으로 상체 숙이기,27,0.03
성장기,F,본운동,다리 꼬아 상체 앞으로 숙이기,27,0.03
성장기,F,본운동,무릎 올려 공 닿기,27,0.03
성장기,F,본운동,웅크리고 앉아 손잡고 상체 숙이기,26,0.03
성장기,F,본운동,작은 공을 이용한 동적 루틴 스트레칭,26,0.03
성장기,F,본운동,무릎 당겨올리기,26,0.03
성장기,F,본운동,발 뒤꿈치 들어올리기,26,0.03
성장기,F,본운동,공 잡고 상체 들어올리기,26,0.03
성장기,F,본운동,4방향 콘 찍고 달리기,25,0.03
성장기,F,본운동,몸통 비틀기,24,0.02
성장기,F,본운동,마주보고 상체 좌우 비틀기,24,0.02
성장기,F,본운동,바벨 끌어당기기,24,0.02
성장기,F,본운동,앉아서 옆구리 늘려주기,24,0.02
성장기,F,본운동,다리 벌려 앞으로 상체 숙이기,23,0.02
성장기,F,본운동,의자에 앉아 다리 펴서 들어올리기,23,0.02
성장기,F,본운동,누워서 하늘 자전거,22,0.02
성장기,F,본운동,네발기기 자세에서 손바닥으로 바닥밀기,22,0.02
성장기,F,본운동,다리 모아 상체 숙이기,22,0.02
성장기,F,본운동,밴드로 다리 들어 올려 버티기,22,0.02
성장기,F,본운동,고정한 상태에서 덤벨 들고 팔꿈치 굽히기,21,0.02
성장기,F,본운동,옆으로 누워 무릎 벌리기,21,0.02
성장기,F,본운동,앉아서 무릎 굽히기,20,0.02
성장기,F,본운동,덤벨 잡고 앉았다 일어서기,20,0.02
성장기,F,본운동,의자에 한 다리 올리고 앉앗다 일어서기,19,0.02
성장기,F,본운동,자가근막이완술 루틴 스트레칭,19,0.02
성장기,F,본운동,발목 얹고 다리 잡아당기기,19,0.02
성장기,F,본운동,한 발 앞굽이 팔 위로 뻗어 가슴 내밀기,19,0.02
성장기,F,본운동,무릎 굽혀 가슴 닿기,19,0.02
성장기,F,본운동,밴드 앞으로 당기기,19,0.02
성장기,F,본운동,레그 스윙,18,0.02
성장기,F,본운동,허리 비틀어 볼 주고받기,18,0.02
성장기,F,본운동,자세낮춰 이동하기,18,0.02
성장기,F,본운동,결가부좌,18,0.02
성장기,F,본운동,앞발 들어올리기,18,0.02
성장기,F,본운동,팔 구부려 등 모으기,17,0.02
성장기,F,본운동,써클휠로 다리 끌어당기기,17,0.02
성장기,F,본운동,팔 당기기,16,0.02
성장기,F,본운동,의자에 앉아 다리 뻗어 올리기,16,0.02
성장기,F,본운동,밴드 한 발 뒤로 들기,16,0.02
성장기,F,본운동,스타 투 니 풀,15,0.02
성장기,F,본운동,아래 팔 스트레칭,15,0.02
성장기,F,본운동,한발들어 좌우 돌리기,15,0.02
성장기,F,본운동,앉아 윗몸 앞으로 굽히기,15,0.02
성장기,F,본운동,유소년테스트,15,0.02
성장기,F,본운동,휴식자세,14,0.01
성장기,F,본운동,종아리 스트레칭,14,0.01
성장기,F,본운동,대퇴이두근 스트레칭,14,0.01
성장기,F,본운동,고관절 스트레칭,14,0.01
성장기,F,본운동,다리들어 옆으로 올리기,13,0.01
성장기,F,본운동,팔굽혀펴기(무릎대고 실시),13,0.01
성장기,F,본운동,밴드 잡고 무릎펴기,13,0.01
성장기,F,본운동,앉아서 엉덩관절 굽히기,12,0.01
성장기,F,본운동,누워서 덤벨 들어올리기,12,0.01
성장기,F,본운동,매달려서 다리 들기,12,0.01
성장기,F,본운동,다리 옆으로 들어올리기,12,0.01
성장기,F,본운동,앞발 의자 올려 굽히기,12,0.01
성장기,F,본운동,무릎당겨 다리 올리기,12,0.01
성장기,F,본운동,원판던지기,11,0.01
성장기,F,본운동,밴드 잡고 다리 옆으로 벌리기,11,0.01
성장기,F,본운동,양발 점프 착지하기,10,0.01
성장기,F,본운동,앉아서 다리 벌리기,10,0.01
성장기,F,본운동,다리 모아 뒤로 눕기,10,0.01
성장기,F,본운동,마주보고 종아리 펴기,9,0.01
성장기,F,본운동,짐볼을 이용한 동적 루틴 스트레칭,9,0.01
성장기,F,본운동,플렉스 바 비틀기,9,0.01
성장기,F,본운동,탄력밴드 어깨 가쪽 돌림,9,0.01
성장기,F,본운동,목 당기기,9,0.01
성장기,F,본운동,복식호흡,9,0.01
성장기,F,본운동,짐볼에 다리 올리고 엉덩이 들어올리기,9,0.01
성장기,F,본운동,앞으로 나가며 앉았다 일어서기,9,0.01
성장기,F,본운동,모관운동,9,0.01
성장기,F,본운동,앉아서 모으기,8,0.01
성장기,F,본운동,엎드려서 균형잡기,8,0.01
성장기,F,본운동,짐볼에 엎드려서 몸통 젖히기,8,0.01
성장기,F,본운동,짐볼 이용해 앉았다 일어서기,8,0.01
성장기,F,본운동,엎드려서 다리 차올리기,8,0.01
성장기,F,본운동,협응력 향상 프로그램_계이름 치기,8,0.01
성장기,F,본운동,계이름 치기,8,0.01
성장기,F,본운동,교차 다리 굽히기,8,0.01
성장기,F,본운동,발등 동시에 늘리기,7,0.01
성장기,F,본운동,한발 서서 균형잡기,7,0.01
성장기,F,본운동,골반 스트레칭,7,0.01
성장기,F,본운동,바벨 당겨 올리기,7,0.01
성장기,F,본운동,앉아서 덤벨로 손목 굽히기,7,0.01
성장기,F,본운동,바벨 잡고 들어올리기,7,0.01
성장기,F,본운동,앉아서 밴드 잡고 몸통 돌리기,7,0.01
성장기,F,본운동,누워서 굽힌 다리 펴기,7,0.01
성장기,F,본운동,발바닥 치기,7,0.01
성장기,F,본운동,아쿠아로빅 운동 프로그램 루틴,7,0.01
성장기,F,본운동,뒷발 의자 올려 굽히기,7,0.01
성장기,F,본운동,볼 위에 앉아 밴드 양옆으로 당기기,6,0.01
성장기,F,본운동,짐볼 윗몸올리기,6,0.01
성장기,F,본운동,깍지끼고 목 들어올리기,6,0.01
성장기,F,본운동,골반 스트레칭2,6,0.01
성장기,F,본운동,서서 균형잡으며 몸통 회전하기,6,0.01
성장기,F,본운동,밴드 머리 뒤로 들어올리기,5,0.01
성장기,F,본운동,허리 굽혀 덤벨 뒤로 들기,5,0.01
성장기,F,본운동,누워서 수직으로 다리 들어올리기,5,0.01
성장기,F,본운동,밴드 걸고 앉아서 발등 굽힘,5,0.01
성장기,F,본운동,밴드 걸고 옆으로 누워 다리 올리기,5,0.01
성장기,F,본운동,가슴 어깨 펴기,4,0.0
성장기,F,본운동,나란히 서서 손잡고 끌어당기기,4,0.0
성장기,F,본운동,밴드 잡고 몸통 옆으로 굽히기,4,0.0
성장기,F,본운동,엎드려 어깨 늘리기,4,0.0
성장기,F,본운동,무릎 대고 옆으로 기울이기,4,0.0
성장기,F,본운동,짐볼에 엎드려서 팔 다리 들기,3,0.0
성장기,F,본운동,발등굽힘/발바닥굽힘,3,0.0
성장기,F,본운동,팔꿈치 머리 뒤로 젖히기,3,0.0
성장기,F,본운동,앉아서 팔꿈치 굽히기,3,0.0
성장기,F,본운동,누워서 공들고 몸 기울이기,3,0.0
성장기,F,본운동,앉아서 팔꿈치 굽히기/펴기,3,0.0
성장기,F,본운동,서서 탄력밴드 당겨내리기/올리기,2,0.0
성장기,F,본운동,짐볼에 다리 올리고 좌우로 움직이기,2,0.0
성장기,F,본운동,서서 어깨 들어올리기,2,0.0
성장기,F,본운동,짐볼에서 윗몸 일으키기,2,0.0
성장기,F,본운동,서서 균형잡기,2,0.0
성장기,F,본운동,허리 굽혀 덤벨 들기,2,0.0
성장기,F,본운동,짐볼에서 엉덩이 돌리기,2,0.0
성장기,F,본운동,다리로 짐볼 들어올리기,2,0.0
성장기,F,본운동,엎드려 양팔 및 다리 들어올리기,2,0.0
성장기,F,본운동,비스듬히 누워서 밀기,2,0.0
성장기,F,본운동,거꾸로 누워서 밀기,2,0.0
성장기,F,본운동,옆으로 걷기,2,0.0
성장기,F,본운동,줄 따라 걷기,2,0.0
성장기,F,본운동,풍선차기,2,0.0
성장기,F,본운동,풍선 튕기기,2,0.0
성장기,F,본운동,무릎 대고 상체 뒤로 젖히기,2,0.0
성장기,F,본운동,한 발 뒤로 빼고 앞으로 굽히기,2,0.0
성장기,F,본운동,비복근 스트레칭,1,0.0
성장기,F,본운동,빠르게 걷기,1,0.0
성장기,F,본운동,목 굽힘/ 폄 I,1,0.0
성장기,F,본운동,목 굽힘/ 폄 III,1,0.0
성장기,F,본운동,목 굽힘/ 폄 II,1,0.0
성장기,F,본운동,누워서 덤벨 모아들기,1,0.0
성장기,F,본운동,점프 팔굽혀펴기,1,0.0
성장기,F,본운동,양팔 벌려 전신 비틀기,1,0.0
성장기,F,본운동,내전근 스트레칭,1,0.0
성장기,F,본운동,활 자세,1,0.0
성장기,F,본운동,엉덩관절 회전하기,1,0.0
성장기,F,본운동,물당기기/밀기,1,0.0
성장기,F,본운동,옆구리늘리기,1,0.0
성장기,F,본운동,물누르기/올리기,1,0.0
성장기,F,본운동,발 닿기,1,0.0
성장기,F,본운동,몸 기울이기/회전하기,1,0.0
성장기,F,본운동,아쿠아로빅-엉덩관절 회전하기,1,0.0
성장기,F,본운동,아쿠아로빅-물당기기/밀기,1,0.0
성장기,F,본운동,아쿠아로빅-옆구리 늘리기,1,0.0
성장기,F,본운동,아쿠아로빅-물누르기/올리기,1,0.0
성장기,F,본운동,아쿠아로빅-발 닿기,1,0.0
성장기,F,본운동,아쿠아로빅-몸 기울이기/회전하기,1,0.0
성장기,F,본운동,엎드려서 다리 굽히기,1,0.0
성장기,F,본운동,덤벨 잡고 한발 내밀어 굽혔다 펴기,1,0.0
성장기,F,본운동,서서 다리 모으고 벌리기,1,0.0
성장기,F,본운동,덤벨 잡고 몸통 옆으로 굽히기,1,0.0
성장기,F,본운동,서서 팔꿈치 펴기,1,0.0
성장기,F,본운동,앉아서 어깨 위로 밀기,1,0.0
성장기,F,본운동,공 잡고 들어올리기,1,0.0
성장기,F,본운동,밴드 걸고 엎드려서 다리 구부리기,1,0.0
성장기,F,본운동,의자 앉아 다리로 짐볼 쥐기,1,0.0
성장기,F,본운동,밴드 잡고 누워서 다리 밀기,1,0.0
성장기,F,본운동,엎드려 뒤로 다리 올리기,1,0.0
성장기,F,본운동,짐볼 들고 양옆으로 돌리기,1,0.0
성장기,F,본운동,의자에 앉아 볼 돌리기,1,0.0
성장기,F,본운동,사다리 이용 루틴 운동,1,0.0
성장기,F,본운동,두발모아 걷기,1,0.0
성장기,F,정리운동,정적 스트레칭 루틴프로그램,5577,20.44
성장기,F,정리운동,전신 루틴 스트레칭,1431,5.24
성장기,F,정리운동,걷기,1048,3.84
성장기,F,정리운동,동적 스트레칭 루틴프로그램,896,3.28
성장기,F,정리운동,요가 및 필라테스 루틴프로그램,849,3.11
성장기,F,정리운동,온 몸 뻗어주기,674,2.47
성장기,F,정리운동,하지 루틴 스트레칭1,666,2.44
성장기,F,정리운동,복식호흡,665,2.44
성장기,F,정리운동,상지 루틴 스트레칭,608,2.23
성장기,F,정리운동,고양이 자세,522,1.91
성장기,F,정리운동,엎드려 상체 들어올리기,510,1.87
성장기,F,정리운동,다리 모아 상체 숙이기,486,1.78
성장기,F,정리운동,하지 루틴 스트레칭2,478,1.75
성장기,F,정리운동,휴식자세,459,1.68
성장기,F,정리운동,목 스트레칭,397,1.45
성장기,F,정리운동,양발 벌려 무릎 밀어내기,387,1.42
성장기,F,정리운동,조깅,367,1.34
성장기,F,정리운동,아기자세,309,1.13
성장기,F,정리운동,허리 스트레칭,292,1.07
성장기,F,정리운동,짝 스트레칭 루틴프로그램,290,1.06
성장기,F,정리운동,몸통 스트레칭,278,1.02
성장기,F,정리운동,자전거타기,271,0.99
성장기,F,정리운동,다리 벌려 앞으로 상체 숙이기,260,0.95
성장기,F,정리운동,발목 돌리기,246,0.9
성장기,F,정리운동,옆구리 스트레칭,231,0.85
성장기,F,정리운동,줄넘기 운동,227,0.83
성장기,F,정리운동,앉아 윗몸 앞으로 굽히기,221,0.81
성장기,F,정리운동,넙다리 앞쪽 스트레칭,191,0.7
성장기,F,정리운동,다리 꼬아 상체 앞으로 숙이기,182,0.67
성장기,F,정리운동,상체 앞으로 숙이기,171,0.63
성장기,F,정리운동,엎드려 교차 발 잡아당기기,169,0.62
성장기,F,정리운동,넙다리 안쪽 스트레칭,168,0.62
성장기,F,정리운동,깍지 끼고 상체 숙이기,167,0.61
성장기,F,정리운동,배스트레칭,163,0.6
성장기,F,정리운동,모관운동,160,0.59
성장기,F,정리운동,팔 당기기,155,0.57
성장기,F,정리운동,한 발 뒤로 빼고 앞으로 굽히기,149,0.55
성장기,F,정리운동,앉아서 한 발 앞으로 굽히기,149,0.55
성장기,F,정리운동,발 끝 당기기,135,0.49
성장기,F,정리운동,누워서 굽힌 다리 펴기,135,0.49
성장기,F,정리운동,엉덩이 스트레칭,133,0.49
성장기,F,정리운동,엉덩이 스트레칭2,130,0.48
성장기,F,정리운동,활 자세,127,0.47
성장기,F,정리운동,넙다리 뒤쪽 스트레칭,125,0.46
성장기,F,정리운동,발목 얹고 다리 잡아당기기,125,0.46
성장기,F,정리운동,엎드려 어깨 늘리기,125,0.46
성장기,F,정리운동,척추 들어올리기,124,0.45
성장기,F,정리운동,다리 벌려 옆으로 상체 숙이기,124,0.45
성장기,F,정리운동,서서 발목 뒤로 당기기,123,0.45
성장기,F,정리운동,아래 팔 스트레칭,122,0.45
성장기,F,정리운동,앉아서 옆구리 늘려주기,119,0.44
성장기,F,정리운동,무릎 대고 상체 뒤로 젖히기,117,0.43
성장기,F,정리운동,등/어깨 뒤쪽 스트레칭,110,0.4
성장기,F,정리운동,다리모아 무릎 누르기,110,0.4
성장기,F,정리운동,무릎 당겨올리기,108,0.4
성장기,F,정리운동,다리 모아 뒤로 눕기,107,0.39
성장기,F,정리운동,왜가리 자세,103,0.38
성장기,F,정리운동,무릎 대고 옆으로 기울이기,103,0.38
성장기,F,정리운동,레그 스윙,102,0.37
성장기,F,정리운동,무릎 굽혀 가슴 닿기,102,0.37
성장기,F,정리운동,목 돌리기,101,0.37
성장기,F,정리운동,자가근막이완술 루틴 스트레칭,99,0.36
성장기,F,정리운동,엉덩이 늘리기,96,0.35
성장기,F,정리운동,다리 굽혀(W자) 상체 뒤로 눕기,96,0.35
성장기,F,정리운동,나비자세,90,0.33
성장기,F,정리운동,수영,89,0.33
성장기,F,정리운동,측면 팔대고 버티기,87,0.32
성장기,F,정리운동,발바닥 마주대고 끌어당기기,86,0.32
성장기,F,정리운동,전진 점프하며 발 뒤꿈치 찍기,85,0.31
성장기,F,정리운동,누워서 전신 뻗기,85,0.31
성장기,F,정리운동,1단 줄넘기,79,0.29
성장기,F,정리운동,누워 발목 당겨주기,75,0.27
성장기,F,정리운동,한 발 앞굽이 팔 위로 뻗어 가슴 내밀기,72,0.26
성장기,F,정리운동,스타 투 니 풀,71,0.26
성장기,F,정리운동,다리뻗어 상체 숙이기,70,0.26
성장기,F,정리운동,앉은 산 자세,70,0.26
성장기,F,정리운동,다리자세,69,0.25
성장기,F,정리운동,팔꿈치 원 그리기,68,0.25
성장기,F,정리운동,배 스트레칭,65,0.24
성장기,F,정리운동,목 당기기,64,0.23
성장기,F,정리운동,서서 발목 누르기,64,0.23
성장기,F,정리운동,공 위로 던지고 제자리 돌아 받기,63,0.23
성장기,F,정리운동,실내 자전거타기,61,0.22
성장기,F,정리운동,트레드밀에서 걷기,59,0.22
성장기,F,정리운동,양발 교차하여 서서 몸통 숙이기,58,0.21
성장기,F,정리운동,팔꿈치 머리 뒤로 젖히기,57,0.21
성장기,F,정리운동,의자에 앉아 몸통비틀기,57,0.21
성장기,F,정리운동,다리굽혀 허리 비틀기,54,0.2
성장기,F,정리운동,왕복달리기,47,0.17
성장기,F,정리운동,어깨 누르기,46,0.17
성장기,F,정리운동,다리들어 옆으로 올리기,46,0.17
성장기,F,정리운동,전진 점프하며 발바닥 찍기,45,0.16
성장기,F,정리운동,무릎 들어올리기,45,0.16
성장기,F,정리운동,가슴/어깨 앞쪽 스트레칭,45,0.16
성장기,F,정리운동,의자에 앉아 옆구리 숙이기,43,0.16
성장기,F,정리운동,대퇴이두근 스트레칭,43,0.16
성장기,F,정리운동,제자리 뛰기,43,0.16
성장기,F,정리운동,다리 들어올리기,42,0.15
성장기,F,정리운동,합장하여 앞으로 숙이기,41,0.15
성장기,F,정리운동,무릎굽혀 원 그리기,40,0.15
성장기,F,정리운동,엎드려 한발 원 그리기,39,0.14
성장기,F,정리운동,깍지끼고 목 들어올리기,38,0.14
성장기,F,정리운동,가슴 어깨 펴기,38,0.14
성장기,F,정리운동,소머리 자세,37,0.14
성장기,F,정리운동,누워 한발 원 그리기,35,0.13
성장기,F,정리운동,엎드려 무릎 연속 차기,34,0.12
성장기,F,정리운동,무릎당겨 다리 올리기,31,0.11
성장기,F,정리운동,의자에 앉아 가슴 뒤로 젖히기,31,0.11
성장기,F,정리운동,전신 비틀며 전진하기,30,0.11
성장기,F,정리운동,엎드려 버티기,30,0.11
성장기,F,정리운동,옆으로 누워 버티기,30,0.11
성장기,F,정리운동,콘운동 루틴프로그램,29,0.11
성장기,F,정리운동,한쪽 다리펴고 상체 숙이기,28,0.1
성장기,F,정리운동,마주보고 종아리 펴기,27,0.1
성장기,F,정리운동,결가부좌,26,0.1
성장기,F,정리운동,의자에 앉아 가슴 몸통 말아주기,26,0.1
성장기,F,정리운동,허리숙여 양팔 돌리기,25,0.09
성장기,F,정리운동,좌식생활자를 위한 동적 루틴 스트레칭,25,0.09
성장기,F,정리운동,라켓으로 공 치며 앞으로 가기,25,0.09
성장기,F,정리운동,벽패스,25,0.09
성장기,F,정리운동,양 손 번갈아 공 튀기기,24,0.09
성장기,F,정리운동,회전근개 스트레칭,23,0.08
성장기,F,정리운동,십(十)자 드리블,23,0.08
성장기,F,정리운동,앉아서 상체 앞 옆으로 기울기,22,0.08
성장기,F,정리운동,겨드랑이 늘리기,22,0.08
성장기,F,정리운동,대퇴사두근 스트레칭,22,0.08
성장기,F,정리운동,계단 오르기,22,0.08
성장기,F,정리운동,비복근 스트레칭,21,0.08
성장기,F,정리운동,앉았다 일어서기,21,0.08
성장기,F,정리운동,한발들어 좌우 돌리기,19,0.07
성장기,F,정리운동,서서 한팔 들어 오른쪽 왼쪽 뻗기,19,0.07
성장기,F,정리운동,공 던져 색깔 맞추기,19,0.07
성장기,F,정리운동,빠르게 무릎 올려 찍기,18,0.07
성장기,F,정리운동,앞굽이 앉았다 일어서기,17,0.06
성장기,F,정리운동,연속 사이드 스쿼드,17,0.06
성장기,F,정리운동,발등 동시에 늘리기,16,0.06
성장기,F,정리운동,팔벌려뛰기,15,0.05
성장기,F,정리운동,사다리 이용 루틴 운동,14,0.05
성장기,F,정리운동,다리벌려 풍차돌기,12,0.04
성장기,F,정리운동,전갈자세,12,0.04
성장기,F,정리운동,물고기 자세,12,0.04
성장기,F,정리운동,어깨 뒤쪽 스트레칭,11,0.04
성장기,F,정리운동,공 양손으로 주고 받기,11,0.04
성장기,F,정리운동,반달자세,10,0.04
성장기,F,정리운동,나란히 서서 손잡고 끌어당기기,10,0.04
성장기,F,정리운동,몸통 비틀기,10,0.04
성장기,F,정리운동,달리기,10,0.04
성장기,F,정리운동,골반 스트레칭,10,0.04
성장기,F,정리운동,다리 모았다 벌려 뛰기,10,0.04
성장기,F,정리운동,웅크리고 앉아 손잡고 상체 숙이기,10,0.04
성장기,F,정리운동,앉아서 다리 펴기,9,0.03
성장기,F,정리운동,다리 뻗어 올리기,9,0.03
성장기,F,정리운동,앉아서 무릎 굽히기,9,0.03
성장기,F,정리운동,척추 스트레칭,8,0.03
성장기,F,정리운동,마주보고 상체 좌우 비틀기,8,0.03
성장기,F,정리운동,박스 옆으로 번갈아 뛰기,8,0.03
성장기,F,정리운동,반복 옆뛰기,8,0.03
성장기,F,정리운동,의자 잡고 반복 옆 뛰기,8,0.03
성장기,F,정리운동,양발 교차 뛰기,8,0.03
성장기,F,정리운동,양손 모아 균형 잡기,8,0.03
성장기,F,정리운동,백 슬라이드,8,0.03
성장기,F,정리운동,네발 걷기,7,0.03
성장기,F,정리운동,골반 스트레칭2,7,0.03
성장기,F,정리운동,박스 오르내리기,7,0.03
성장기,F,정리운동,버피 테스트,7,0.03
성장기,F,정리운동,크게 다리벌려 교차 뛰기,7,0.03
성장기,F,정리운동,누워서 다리 굽히기,7,0.03
성장기,F,정리운동,엉덩관절 회전하기,6,0.02
성장기,F,정리운동,옆으로 팔 벌리며 점프하기,6,0.02
성장기,F,정리운동,팔 돌리며 점프하기,6,0.02
성장기,F,정리운동,S자 달리기,6,0.02
성장기,F,정리운동,한발 앞뒤 교차 뛰기,6,0.02
성장기,F,정리운동,십(十)자 달리기,6,0.02
성장기,F,정리운동,전사자세,5,0.02
성장기,F,정리운동,계단 뛰어 오르기,5,0.02
성장기,F,정리운동,옆으로 다리 뻗기,5,0.02
성장기,F,정리운동,자세낮춰 이동하기,5,0.02
성장기,F,정리운동,시소우,5,0.02
성장기,F,정리운동,나무자세,5,0.02
성장기,F,정리운동,메디신볼 운동 루틴프로그램,5,0.02
성장기,F,정리운동,무릎-허리 높이로 공 튀기기,5,0.02
성장기,F,정리운동,훌라후프하며 앞으로 가기,5,0.02
성장기,F,정리운동,발 바꿔 뛰기,5,0.02
성장기,F,정리운동,양발 모았다 벌려뛰기,5,0.02
성장기,F,정리운동,빠른 발 안팎 뛰기,5,0.02
성장기,F,정리운동,다리 교대로 들어올리기,5,0.02
성장기,F,정리운동,앉아서 다리 밀기,4,0.01
성장기,F,정리운동,회전 초승달 자세,4,0.01
성장기,F,정리운동,목 돌림 스트레칭,4,0.01
성장기,F,정리운동,팔다리 교차 버티기,4,0.01
성장기,F,정리운동,한발 앞으로 내밀고 앉았다 일어서기,4,0.01
성장기,F,정리운동,윗몸올리기,4,0.01
성장기,F,정리운동,옆구리늘리기,4,0.01
성장기,F,정리운동,유산소 운동 전 동적 루틴 스트레칭,4,0.01
성장기,F,정리운동,복부 스트레칭,4,0.01
성장기,F,정리운동,콘 뛰어넘기,4,0.01
성장기,F,정리운동,짐볼 운동 루틴프로그램,4,0.01
성장기,F,정리운동,훌라후프로 공 끌고 가기,4,0.01
성장기,F,정리운동,연속 무릎 올리기,4,0.01
성장기,F,정리운동,제자리 멀리 뛰기,4,0.01
성장기,F,정리운동,앉아서 다리 올리기,4,0.01
성장기,F,정리운동,앉아서 다리 굽히기,3,0.01
성장기,F,정리운동,줄넘기,3,0.01
성장기,F,정리운동,계단 올라갔다 내려오기,3,0.01
성장기,F,정리운동,몸통 앞으로 굽혀 걷기,3,0.01
성장기,F,정리운동,어깨 스트레칭,3,0.01
성장기,F,정리운동,고관절 스트레칭,3,0.01
성장기,F,정리운동,다리 앞뒤로 벌려 굽혔다 펴기,3,0.01
성장기,F,정리운동,앞굽이 뛰기,3,0.01
성장기,F,정리운동,점프해서 발바닥 치기,3,0.01
성장기,F,정리운동,아령 앞으로 들어올리기,3,0.01
성장기,F,정리운동,빠르게 무릎들어 뛰기,3,0.01
성장기,F,정리운동,한 발 들어올리기,3,0.01
성장기,F,정리운동,2단 줄넘기,3,0.01
성장기,F,정리운동,양발 연속 뛰기,3,0.01
성장기,F,정리운동,맨몸운동 루틴프로그램,3,0.01
성장기,F,정리운동,저항밴드 운동 루틴프로그램,3,0.01
성장기,F,정리운동,엎드려 다리 들어올리기,3,0.01
성장기,F,정리운동,누워서 하늘 자전거,2,0.01
성장기,F,정리운동,엎드려서 팔 다리 들기,2,0.01
성장기,F,정리운동,목 굽힘/ 폄 I,2,0.01
성장기,F,정리운동,목 굽힘/ 폄 II,2,0.01
성장기,F,정리운동,목 굽힘/ 폄 III,2,0.01
성장기,F,정리운동,가슴/어깨 스트레칭,2,0.01
성장기,F,정리운동,작은 공을 이용한 동적 루틴 스트레칭,2,0.01
성장기,F,정리운동,가슴 스트레칭,2,0.01
성장기,F,정리운동,등 대고 대퇴이두근 스트레칭,2,0.01
성장기,F,정리운동,뒷발 교차 뛰기,2,0.01
성장기,F,정리운동,점프하며 앞으로 나가기,2,0.01
성장기,F,정리운동,윗몸 일으키기,2,0.01
성장기,F,정리운동,누워 무릎 기울기,2,0.01
성장기,F,정리운동,한 발 무릎위 올려차기,2,0.01
성장기,F,정리운동,의자에 앉아 다리 펴서 들어올리기,2,0.01
성장기,F,정리운동,무릎 굽혀 엉덩이 들어올리기,2,0.01
성장기,F,정리운동,밴드 다리 올려 버티기,2,0.01
성장기,F,정리운동,무릎 구부려 상체 비틀기,2,0.01
성장기,F,정리운동,발 뒤꿈치 들어올리기,2,0.01
성장기,F,정리운동,밴드 한 발 뒤로 들기,2,0.01
성장기,F,정리운동,앉았다 일어나며 점프하기,2,0.01
성장기,F,정리운동,앉아서 다리 펴서 들어올리기,2,0.01
성장기,F,정리운동,누워서 다리 펴고 원 그리기,2,0.01
성장기,F,정리운동,50M 달리기,2,0.01
성장기,F,정리운동,빠른 발 뛰기,2,0.01
성장기,F,정리운동,계이름 치기,2,0.01
성장기,F,정리운동,점프해서 손 발끝 닿기,2,0.01
성장기,F,정리운동,벽잡고 빨리 뛰기,2,0.01
성장기,F,정리운동,엎드려 팔로 걷기,2,0.01
성장기,F,정리운동,팔로 써클링 누르기,2,0.01
성장기,F,정리운동,한 발 끌어당기기,2,0.01
성장기,F,정리운동,볼 잡고 점프하기,2,0.01
성장기,F,정리운동,허리 비틀어 볼 주고받기,2,0.01
성장기,F,정리운동,엎드려 무릎 당기기,2,0.01
성장기,F,정리운동,박스 운동 루틴프로그램,2,0.01
성장기,F,정리운동,웨이트 트레이닝 루틴프로그램,2,0.01
성장기,F,정리운동,앉아서 엉덩이 들고 이동하기,2,0.01
성장기,F,정리운동,W 스텝,2,0.01
성장기,F,정리운동,앞뒤 지그재그 뛰기,2,0.01
성장기,F,정리운동,한발 연속 뛰기,2,0.01
성장기,F,정리운동,의자 잡고 팔 뒤로 굽히기,2,0.01
성장기,F,정리운동,머리 위로 볼 돌리기,2,0.01
성장기,F,정리운동,몸통 들어올리기,2,0.01
성장기,F,정리운동,누워 다리 들어올리기,2,0.01
성장기,F,정리운동,발에 밴드걸고 윗몸일으키기,2,0.01
성장기,F,정리운동,짐볼 윗몸일으키기,2,0.01
성장기,F,정리운동,물속에서 걷기,1,0.0
성장기,F,정리운동,계단 두 칸씩 뛰기,1,0.0
성장기,F,정리운동,고정식 자전거 타기,1,0.0
성장기,F,정리운동,양팔 벌려 전신 비틀기,1,0.0
성장기,F,정리운동,어깨 양 옆으로 돌리기,1,0.0
성장기,F,정리운동,전신 틀어 손벽 마주치기,1,0.0
성장기,F,정리운동,회전근개 스트레칭2,1,0.0
성장기,F,정리운동,대퇴이두근 스트레칭2,1,0.0
성장기,F,정리운동,종아리 스트레칭,1,0.0
성장기,F,정리운동,팔꿈치 맞닿아 원그리기,1,0.0
성장기,F,정리운동,몸 앞으로 굽히기,1,0.0
성장기,F,정리운동,내전근 스트레칭,1,0.0
성장기,F,정리운동,발가락 폄근 스트레칭,1,0.0
성장기,F,정리운동,짐볼 앞으로 밀기,1,0.0
성장기,F,정리운동,짐볼 양옆으로 굴리기,1,0.0
성장기,F,정리운동,짐볼 옆에 두고 어깨 누르기,1,0.0
성장기,F,정리운동,짐볼 양팔로 밀기,1,0.0
성장기,F,정리운동,무릎 아래에서 양옆으로 굴리기,1,0.0
성장기,F,정리운동,등 스트레칭,1,0.0
성장기,F,정리운동,어깨 올리기,1,0.0
성장기,F,정리운동,팔 교대로 올리기,1,0.0
성장기,F,정리운동,옆으로 누워 가슴 열기,1,0.0
성장기,F,정리운동,옆으로 누워 폼롤러 굴려주기,1,0.0
성장기,F,정리운동,폼롤러 앞으로 굴리기,1,0.0
성장기,F,정리운동,폼롤러 밀며 몸 앞으로 숙이기,1,0.0
성장기,F,정리운동,마주 앉아 대퇴이두근 스트레칭,1,0.0
성장기,F,정리운동,마주 앉아 대퇴이두근 스트레칭2,1,0.0
성장기,F,정리운동,V자 버티기,1,0.0
성장기,F,정리운동,교차 다리 굽히기,1,0.0
성장기,F,정리운동,밴드 앞으로 당기기,1,0.0
성장기,F,정리운동,무릎 올려 공 닿기,1,0.0
성장기,F,정리운동,허리 비틀어 앉았다 일어서기,1,0.0
성장기,F,정리운동,밴드 잡고 무릎펴기,1,0.0
성장기,F,정리운동,옆으로 팔 대고 버티기,1,0.0
성장기,F,정리운동,대(大)자 점프 뛰기,1,0.0
성장기,F,정리운동,팔 빨리 흔들기,1,0.0
성장기,F,정리운동,팔굽혀펴기,1,0.0
성장기,F,정리운동,팔꿈치-무릎 교차 닿기,1,0.0
성장기,F,정리운동,팔 구부려 등 모으기,1,0.0
성장기,F,정리운동,뒤꿈치 들기,1,0.0
성장기,F,정리운동,팔 벌려 뛰기,1,0.0
성장기,F,정리운동,메디신 볼 잡고 런지하며 상체비틀기,1,0.0
성장기,F,정리운동,사이드 지그재그 뛰기,1,0.0
성장기,F,정리운동,밴드로 다리 들어 올려 버티기,1,0.0
성장기,F,정리운동,순간반응 콘 찍기 2,1,0.0
성장기,F,정리운동,점프하며 뛰기,1,0.0
성장기,F,정리운동,머리 뒤로 깍지 끼고 상체 숙이기,1,0.0
성장기,F,정리운동,앉아서 가슴 모으기,1,0.0
성장기,F,정리운동,뒷발 의자 올려 굽히기,1,0.0
성장기,F,정리운동,다리 옆으로 들어올리기,1,0.0
성장기,F,정리운동,앞발 들어올리기,1,0.0
성장기,F,정리운동,옆으로 누워 무릎 벌리기,1,0.0
성장기,F,정리운동,다리 올려 의자넘기,1,0.0
성장기,F,정리운동,누워서 뒤로 팔굽혀펴기,1,0.0
성장기,F,정리운동,양발 교차 올리기,1,0.0
성장기,F,정리운동,전완대고 버티기,1,0.0
성장기,F,정리운동,손 뻗어 윗몸 일으키기,1,0.0
성장기,F,정리운동,엇박자 뛰기,1,0.0
성장기,F,정리운동,아령 뒤로 들어올리기,1,0.0
성장기,F,정리운동,크런치 사이클,1,0.0
성장기,F,정리운동,의자에 앉아 물병 들고 몸통 돌리기,1,0.0
성장기,F,정리운동,앉아서 몸통 움츠리기,1,0.0
성장기,F,정리운동,볼 잡고 몸통 기울이기,1,0.0
성장기,F,정리운동,전후 교차 뛰기,1,0.0
성장기,F,정리운동,순간반응 콘 찍기,1,0.0
성장기,F,정리운동,허리 감아 볼 돌리기,1,0.0
성장기,M,준비운동,동적 스트레칭 루틴프로그램,6603,10.05
성장기,M,준비운동,정적 스트레칭 루틴프로그램,3151,4.79
성장기,M,준비운동,걷기,2077,3.16
성장기,M,준비운동,발목 돌리기,1907,2.9
성장기,M,준비운동,조깅,1779,2.71
성장기,M,준비운동,발 끝 당기기,1595,2.43
성장기,M,준비운동,요가 및 필라테스 루틴프로그램,1349,2.05
성장기,M,준비운동,유산소 운동 전 동적 루틴 스트레칭,1264,1.92
성장기,M,준비운동,엎드려 한발 원 그리기,1157,1.76
성장기,M,준비운동,줄넘기 운동,1054,1.6
성장기,M,준비운동,나비자세,1004,1.53
성장기,M,준비운동,전신 루틴 스트레칭,997,1.52
성장기,M,준비운동,자전거타기,939,1.43
성장기,M,준비운동,하지 루틴 스트레칭1,920,1.4
성장기,M,준비운동,목 스트레칭,850,1.29
성장기,M,준비운동,상지 루틴 스트레칭,831,1.26
성장기,M,준비운동,팔굽혀펴기,755,1.15
성장기,M,준비운동,팔 벌려 뛰기,701,1.07
성장기,M,준비운동,팔꿈치 원 그리기,657,1.0
성장기,M,준비운동,옆구리 스트레칭,642,0.98
성장기,M,준비운동,몸통 비틀기,639,0.97
성장기,M,준비운동,제자리 뛰기,638,0.97
성장기,M,준비운동,양발 벌려 무릎 밀어내기,635,0.97
성장기,M,준비운동,팔굽혀 펴기,612,0.93
성장기,M,준비운동,하지 루틴 스트레칭2,598,0.91
성장기,M,준비운동,등/어깨 뒤쪽 스트레칭,514,0.78
성장기,M,준비운동,앉았다 일어서기,478,0.73
성장기,M,준비운동,다리 벌려 앞으로 상체 숙이기,478,0.73
성장기,M,준비운동,목 돌리기,477,0.73
성장기,M,준비운동,몸통 스트레칭,441,0.67
성장기,M,준비운동,온 몸 뻗어주기,440,0.67
성장기,M,준비운동,무릎 굽혀 가슴 닿기,423,0.64
성장기,M,준비운동,발바닥 마주대고 끌어당기기,422,0.64
성장기,M,준비운동,발목 얹고 다리 잡아당기기,418,0.64
성장기,M,준비운동,왜가리 자세,398,0.61
성장기,M,준비운동,다리 굽혀(W자) 상체 뒤로 눕기,389,0.59
성장기,M,준비운동,수영,387,0.59
성장기,M,준비운동,짝 스트레칭 루틴프로그램,371,0.56
성장기,M,준비운동,엎드려 상체 들어올리기,358,0.54
성장기,M,준비운동,깍지끼고 목 들어올리기,345,0.52
성장기,M,준비운동,척추 들어올리기,336,0.51
성장기,M,준비운동,허리 스트레칭,329,0.5
성장기,M,준비운동,전사자세,317,0.48
성장기,M,준비운동,엎드려 버티기,313,0.48
성장기,M,준비운동,트레드밀에서 걷기,308,0.47
성장기,M,준비운동,시소우,295,0.45
성장기,M,준비운동,다리모아 무릎 누르기,295,0.45
성장기,M,준비운동,다리 벌려 옆으로 상체 숙이기,295,0.45
성장기,M,준비운동,아래 팔 스트레칭,287,0.44
성장기,M,준비운동,윗몸 일으키기,284,0.43
성장기,M,준비운동,팔 당기기,283,0.43
성장기,M,준비운동,1단 줄넘기,282,0.43
성장기,M,준비운동,맨몸운동 루틴프로그램,274,0.42
성장기,M,준비운동,다리굽혀 허리 비틀기,270,0.41
성장기,M,준비운동,엉덩이 스트레칭,265,0.4
성장기,M,준비운동,합장하여 앞으로 숙이기,264,0.4
성장기,M,준비운동,누워서 뒤로 팔굽혀펴기,263,0.4
성장기,M,준비운동,가슴/어깨 앞쪽 스트레칭,250,0.38
성장기,M,준비운동,양발 교차하여 서서 몸통 숙이기,246,0.37
성장기,M,준비운동,엎드려서 팔 다리 들기,242,0.37
성장기,M,준비운동,다리 모아 상체 숙이기,241,0.37
성장기,M,준비운동,의자에 앉아 몸통비틀기,238,0.36
성장기,M,준비운동,허리숙여 양팔 돌리기,236,0.36
성장기,M,준비운동,의자에 앉아 가슴 뒤로 젖히기,233,0.35
성장기,M,준비운동,아기자세,229,0.35
성장기,M,준비운동,왕복달리기,226,0.34
성장기,M,준비운동,무릎굽혀 원 그리기,222,0.34
성장기,M,준비운동,실내 자전거타기,217,0.33
성장기,M,준비운동,휴식자세,216,0.33
성장기,M,준비운동,무릎 들어올리기,213,0.32
성장기,M,준비운동,상체 앞으로 숙이기,211,0.32
성장기,M,준비운동,팔꿈치 머리 뒤로 젖히기,210,0.32
성장기,M,준비운동,넙다리 뒤쪽 스트레칭,210,0.32
성장기,M,준비운동,결가부좌,206,0.31
성장기,M,준비운동,버피 테스트,203,0.31
성장기,M,준비운동,앉은 산 자세,202,0.31
성장기,M,준비운동,고양이 자세,201,0.31
성장기,M,준비운동,앉아서 엉덩이 들고 이동하기,201,0.31
성장기,M,준비운동,서서 발목 뒤로 당기기,197,0.3
성장기,M,준비운동,전진 점프하며 발 뒤꿈치 찍기,197,0.3
성장기,M,준비운동,서서 한팔 들어 오른쪽 왼쪽 뻗기,194,0.3
성장기,M,준비운동,누워 발목 당겨주기,194,0.3
성장기,M,준비운동,무릎 높여 제자리 달리기,194,0.3
성장기,M,준비운동,버피운동,191,0.29
성장기,M,준비운동,나란히 서서 손잡고 끌어당기기,187,0.28
성장기,M,준비운동,배스트레칭,187,0.28
성장기,M,준비운동,겨드랑이 늘리기,185,0.28
성장기,M,준비운동,한쪽 다리펴고 상체 숙이기,183,0.28
성장기,M,준비운동,모관운동,181,0.28
성장기,M,준비운동,네발 걷기,180,0.27
성장기,M,준비운동,팔벌려뛰기,179,0.27
성장기,M,준비운동,엉덩이 늘리기,176,0.27
성장기,M,준비운동,다리들어 옆으로 올리기,173,0.26
성장기,M,준비운동,다리자세,172,0.26
성장기,M,준비운동,전완대고 버티기,169,0.26
성장기,M,준비운동,달리기,169,0.26
성장기,M,준비운동,어깨 뒤쪽 스트레칭,168,0.26
성장기,M,준비운동,바운딩 운동 루틴프로그램,167,0.25
성장기,M,준비운동,어깨 누르기,163,0.25
성장기,M,준비운동,의자에 앉아 가슴 몸통 말아주기,162,0.25
성장기,M,준비운동,깍지 끼고 상체 숙이기,161,0.24
성장기,M,준비운동,무릎 당겨올리기,157,0.24
성장기,M,준비운동,목 돌림 스트레칭,156,0.24
성장기,M,준비운동,누워 다리 들어올리기,155,0.24
성장기,M,준비운동,다리 꼬아 상체 앞으로 숙이기,154,0.23
성장기,M,준비운동,발등 동시에 늘리기,153,0.23
성장기,M,준비운동,어깨 스트레칭,153,0.23
성장기,M,준비운동,엎드려 무릎 연속 차기,149,0.23
성장기,M,준비운동,무릎당겨 다리 올리기,147,0.22
성장기,M,준비운동,엎드려 팔로 걷기,147,0.22
성장기,M,준비운동,옆으로 팔 벌리며 점프하기,144,0.22
성장기,M,준비운동,서서 뒤꿈치 들기,144,0.22
성장기,M,준비운동,넙다리 안쪽 스트레칭,143,0.22
성장기,M,준비운동,앉아서 상체 앞 옆으로 기울기,136,0.21
성장기,M,준비운동,서서 발목 누르기,136,0.21
성장기,M,준비운동,한 발 앞굽이 팔 위로 뻗어 가슴 내밀기,136,0.21
성장기,M,준비운동,의자에 앉아 옆구리 숙이기,135,0.21
성장기,M,준비운동,메디신볼 운동 루틴프로그램,134,0.2
성장기,M,준비운동,공 양손으로 주고 받기,134,0.2
성장기,M,준비운동,누워서 전신 뻗기,132,0.2
성장기,M,준비운동,가슴 어깨 펴기,131,0.2
성장기,M,준비운동,윗몸말아올리기,131,0.2
성장기,M,준비운동,나무자세,130,0.2
성장기,M,준비운동,다리뻗어 상체 숙이기,130,0.2
성장기,M,준비운동,소머리 자세,128,0.19
성장기,M,준비운동,벽패스,128,0.19
성장기,M,준비운동,빠르게 무릎 올려 찍기,127,0.19
성장기,M,준비운동,크런치 사이클,124,0.19
성장기,M,준비운동,자가근막이완술 루틴 스트레칭,124,0.19
성장기,M,준비운동,몸통 들어올리기,123,0.19
성장기,M,준비운동,뒤로 팔굽혀펴기,123,0.19
성장기,M,준비운동,좌식생활자를 위한 동적 루틴 스트레칭,121,0.18
성장기,M,준비운동,넙다리 앞쪽 스트레칭,118,0.18
성장기,M,준비운동,윗몸올리기,117,0.18
성장기,M,준비운동,앉아서 밴드 잡고 몸통 돌리기,116,0.18
성장기,M,준비운동,골반 스트레칭,116,0.18
성장기,M,준비운동,앉아 윗몸 앞으로 굽히기,116,0.18
성장기,M,준비운동,다리 들어올리기,115,0.17
성장기,M,준비운동,밴드 잡고 몸통 옆으로 굽히기,114,0.17
성장기,M,준비운동,앉아서 옆구리 늘려주기,109,0.17
성장기,M,준비운동,전신 비틀며 전진하기,104,0.16
성장기,M,준비운동,한 발 뒤로 빼고 앞으로 굽히기,104,0.16
성장기,M,준비운동,앉아서 한 발 앞으로 굽히기,103,0.16
성장기,M,준비운동,계단 오르기,100,0.15
성장기,M,준비운동,볼 잡고 점프하기,97,0.15
성장기,M,준비운동,바로서서 상체 숙이기,96,0.15
성장기,M,준비운동,계단 올라갔다 내려오기,94,0.14
성장기,M,준비운동,회전근개 스트레칭,94,0.14
성장기,M,준비운동,빠른 발 뛰기,93,0.14
성장기,M,준비운동,의자 앞에서 앉았다 일어서기,93,0.14
성장기,M,준비운동,엇박자 뛰기,90,0.14
성장기,M,준비운동,줄넘기,87,0.13
성장기,M,준비운동,앉았다 일어서면서 점프하기,87,0.13
성장기,M,준비운동,사이드 지그재그 뛰기,82,0.12
성장기,M,준비운동,발 바꿔 뛰기,81,0.12
성장기,M,준비운동,물병 옆으로 들어올리기,81,0.12
성장기,M,준비운동,반복 옆뛰기,80,0.12
성장기,M,준비운동,한발 연속 뛰기,79,0.12
성장기,M,준비운동,손 뻗어 윗몸 일으키기,79,0.12
성장기,M,준비운동,순간반응 콘 찍기,79,0.12
성장기,M,준비운동,팔로 써클링 누르기,79,0.12
성장기,M,준비운동,팔 돌리며 점프하기,77,0.12
성장기,M,준비운동,메디신 볼 잡고 팔굽혀펴기,76,0.12
성장기,M,준비운동,목 당기기,74,0.11
성장기,M,준비운동,짐볼 운동 루틴프로그램,74,0.11
성장기,M,준비운동,밴드 어깨 뒤로 들어올리기,71,0.11
성장기,M,준비운동,훌라후프하며 앞으로 가기,70,0.11
성장기,M,준비운동,전진 점프하며 발바닥 찍기,69,0.1
성장기,M,준비운동,앞굽이 앉았다 일어서기,68,0.1
성장기,M,준비운동,벽에서 팔굽혀 펴기,67,0.1
성장기,M,준비운동,라켓으로 공 치며 앞으로 가기,66,0.1
성장기,M,준비운동,마주보고 상체 좌우 비틀기,65,0.1
성장기,M,준비운동,밴드 앞 옆으로 들어올리기,65,0.1
성장기,M,준비운동,마주보고 종아리 펴기,64,0.1
성장기,M,준비운동,양 손 번갈아 공 튀기기,64,0.1
성장기,M,준비운동,무릎 대고 옆으로 기울이기,64,0.1
성장기,M,준비운동,누워서 다리 들어올리기,62,0.09
성장기,M,준비운동,옆으로 누워 버티기,60,0.09
성장기,M,준비운동,누워 무릎 기울기,60,0.09
성장기,M,준비운동,옆으로 누워 다리 들어올리기,60,0.09
성장기,M,준비운동,다리 뻗어 올리기,58,0.09
성장기,M,준비운동,양발 모아 좌우 뛰기,57,0.09
성장기,M,준비운동,누워서 굽힌 다리 펴기,57,0.09
성장기,M,준비운동,자세낮춰 이동하기,56,0.09
성장기,M,준비운동,짐볼에 엎드려서 팔 다리 들기,56,0.09
성장기,M,준비운동,짐볼에 엎드려서 몸통 젖히기,56,0.09
성장기,M,준비운동,밴드 앞으로 당기기,56,0.09
성장기,M,준비운동,레그 스윙,55,0.08
성장기,M,준비운동,저항밴드 운동 루틴프로그램,55,0.08
성장기,M,준비운동,박스 오르내리기,55,0.08
성장기,M,준비운동,무릎 대고 상체 뒤로 젖히기,54,0.08
성장기,M,준비운동,다리벌려 풍차돌기,53,0.08
성장기,M,준비운동,양팔 벌려 전신 비틀기,53,0.08
성장기,M,준비운동,의자에 앉아 물병 들고 몸통 돌리기,52,0.08
성장기,M,준비운동,대퇴사두근 스트레칭,51,0.08
성장기,M,준비운동,슈퍼맨자세,51,0.08
성장기,M,준비운동,웨이트 트레이닝 루틴프로그램,50,0.08
성장기,M,준비운동,한발 앞으로 내밀고 앉았다 일어서기,48,0.07
성장기,M,준비운동,엎드려 다리 들어올리기,48,0.07
성장기,M,준비운동,의자 잡고 팔 뒤로 굽히기,47,0.07
성장기,M,준비운동,엎드려 교차 발 잡아당기기,47,0.07
성장기,M,준비운동,몸통 앞으로 굽혀 걷기,45,0.07
성장기,M,준비운동,웅크리고 앉아 손잡고 상체 숙이기,44,0.07
성장기,M,준비운동,대퇴이두근 스트레칭,44,0.07
성장기,M,준비운동,비복근 스트레칭,44,0.07
성장기,M,준비운동,바벨들어올리기,43,0.07
성장기,M,준비운동,무릎 높이 들어 뛰기,43,0.07
성장기,M,준비운동,다리 넓게 벌려 앉았다 일어서기,42,0.06
성장기,M,준비운동,배 스트레칭,41,0.06
성장기,M,준비운동,무릎-허리 높이로 공 튀기기,40,0.06
성장기,M,준비운동,박스 옆으로 번갈아 뛰기,40,0.06
성장기,M,준비운동,훌라후프로 공 끌고 가기,40,0.06
성장기,M,준비운동,다리 모아 뒤로 눕기,39,0.06
성장기,M,준비운동,엎드려 팔 대고 버티기,39,0.06
성장기,M,준비운동,팔다리 교차 버티기,38,0.06
성장기,M,준비운동,뒤꿈치 높이들어 뛰기,38,0.06
성장기,M,준비운동,다리 모았다 벌려 뛰기,38,0.06
성장기,M,준비운동,누워서 다리 펴고 원 그리기,35,0.05
성장기,M,준비운동,볼 튕기면서 스쿼트,34,0.05
성장기,M,준비운동,메디신 볼 잡고 런지하며 상체비틀기,33,0.05
성장기,M,준비운동,반달자세,33,0.05
성장기,M,준비운동,골반 스트레칭2,32,0.05
성장기,M,준비운동,엎드려 어깨 늘리기,32,0.05
성장기,M,준비운동,공 위로 던지고 제자리 돌아 받기,32,0.05
성장기,M,준비운동,계단 뛰어 오르기,31,0.05
성장기,M,준비운동,V자 버티기,31,0.05
성장기,M,준비운동,서서 균형잡기,30,0.05
성장기,M,준비운동,턱걸이,30,0.05
성장기,M,준비운동,아령 앞으로 들어올리기,30,0.05
성장기,M,준비운동,앉아서 다리 펴서 들어올리기,30,0.05
성장기,M,준비운동,의자에 앉아 다리 뻗어 올리기,29,0.04
성장기,M,준비운동,양발 모았다 벌려뛰기,28,0.04
성장기,M,준비운동,팔 들어 올리며 런지,27,0.04
성장기,M,준비운동,V자 싸이클,27,0.04
성장기,M,준비운동,밴드로 다리 들어 올려 버티기,27,0.04
성장기,M,준비운동,박스 운동 루틴프로그램,26,0.04
성장기,M,준비운동,사다리 운동 루틴프로그램,26,0.04
성장기,M,준비운동,뛰어 내렸다가 바로 점프하기,25,0.04
성장기,M,준비운동,한 발 무릎위 올려차기,25,0.04
성장기,M,준비운동,종아리 사이 감아 돌리기,24,0.04
성장기,M,준비운동,엉덩이 스트레칭2,24,0.04
성장기,M,준비운동,W 스텝,24,0.04
성장기,M,준비운동,사이드 스텝,23,0.03
성장기,M,준비운동,스텝퍼 옆으로 뛰어넘기,23,0.03
성장기,M,준비운동,한발 들기,23,0.03
성장기,M,준비운동,한 발 들어올리기,23,0.03
성장기,M,준비운동,팔꿈치-무릎 교차 닿기,23,0.03
성장기,M,준비운동,누워서 엉덩이 들어올리기,22,0.03
성장기,M,준비운동,벽잡고 빨리 뛰기,22,0.03
성장기,M,준비운동,밴드 다리 올려 버티기,22,0.03
성장기,M,준비운동,복식호흡,21,0.03
성장기,M,준비운동,스텝퍼 뛰어서 오르내리기,20,0.03
성장기,M,준비운동,팔꿈치 맞닿아 원그리기,19,0.03
성장기,M,준비운동,짐볼을 이용한 동적 루틴 스트레칭,19,0.03
성장기,M,준비운동,팔꿈치 고정 후 벌리기,19,0.03
성장기,M,준비운동,교차 다리 굽히기,19,0.03
성장기,M,준비운동,전갈자세,18,0.03
성장기,M,준비운동,공 던져 색깔 맞추기,18,0.03
성장기,M,준비운동,양손 모아 균형 잡기,17,0.03
성장기,M,준비운동,다리 앞뒤로 벌려 굽혔다 펴기,17,0.03
성장기,M,준비운동,발 뒤꿈치 들어올리기,17,0.03
성장기,M,준비운동,무릎 구부려 상체 비틀기,17,0.03
성장기,M,준비운동,양발 연속 뛰기,17,0.03
성장기,M,준비운동,뒤로 팔 뻗기,17,0.03
성장기,M,준비운동,실외 자전거타기,16,0.02
성장기,M,준비운동,네발기기 자세로 팔 다리 들기,16,0.02
성장기,M,준비운동,옆으로 다리 뻗기,16,0.02
성장기,M,준비운동,한발들어 좌우 돌리기,15,0.02
성장기,M,준비운동,뒷발 교차 뛰기,15,0.02
성장기,M,준비운동,스텝퍼 올라가서 점프하여 착지하기,15,0.02
성장기,M,준비운동,허리 비틀어 볼 주고받기,15,0.02
성장기,M,준비운동,옆으로 누워 무릎 벌리기,15,0.02
성장기,M,준비운동,아령 뒤로 들어올리기,15,0.02
성장기,M,준비운동,런지하며 상체 비틀기,14,0.02
성장기,M,준비운동,옆으로 팔 대고 버티기,14,0.02
성장기,M,준비운동,팔 구부려 등 모으기,14,0.02
성장기,M,준비운동,점프 팔굽혀펴기,13,0.02
성장기,M,준비운동,의자 잡고 서기,13,0.02
성장기,M,준비운동,의자 잡고 한발 들기,13,0.02
성장기,M,준비운동,의자 잡고 측면으로 한발 들기,13,0.02
성장기,M,준비운동,활 자세,13,0.02
성장기,M,준비운동,상체 감아올리기,13,0.02
성장기,M,준비운동,잔발치기,13,0.02
성장기,M,준비운동,누워서 다리 굽히기,13,0.02
성장기,M,준비운동,회전 초승달 자세,12,0.02
성장기,M,준비운동,스타 투 니 풀,12,0.02
성장기,M,준비운동,사다리 안팎 뛰기,12,0.02
성장기,M,준비운동,앞차기하며 뛰기,12,0.02
성장기,M,준비운동,팔꿈치 굽히기,12,0.02
성장기,M,준비운동,측면 팔대고 버티기,11,0.02
성장기,M,준비운동,뒤꿈치 들기,11,0.02
성장기,M,준비운동,손목 펴기/굽히기,11,0.02
성장기,M,준비운동,엎드려 팔다리 교차올리기,11,0.02
성장기,M,준비운동,앉아서 다리 굽히기,10,0.02
성장기,M,준비운동,양팔 크게 벌리기,10,0.02
성장기,M,준비운동,발에 밴드걸고 윗몸일으키기,10,0.02
성장기,M,준비운동,작은 공을 이용한 동적 루틴 스트레칭,10,0.02
성장기,M,준비운동,앉아서 다리 펴기,10,0.02
성장기,M,준비운동,균형 걷기,10,0.02
성장기,M,준비운동,연속 사이드 스쿼드,10,0.02
성장기,M,준비운동,앉아서 밴드 당기기,10,0.02
성장기,M,준비운동,앞발 들어올리기,10,0.02
성장기,M,준비운동,스텝박스,9,0.01
성장기,M,준비운동,앉아서 다리 밀기,9,0.01
성장기,M,준비운동,앞으로 나가며 앉았다 일어서기,9,0.01
성장기,M,준비운동,팔 빨리 흔들기,9,0.01
성장기,M,준비운동,앉아서 뒤로 당기기,8,0.01
성장기,M,준비운동,누워 무릎 교차 올리기,8,0.01
성장기,M,준비운동,짐볼 전완대고 버티기,8,0.01
성장기,M,준비운동,누워서 팔 다리 동시에 들어올리기,8,0.01
성장기,M,준비운동,한 발 뒤로 들어올리기,8,0.01
성장기,M,준비운동,스텝퍼 뛰어서 넘어가기,8,0.01
성장기,M,준비운동,앉아서 다리 올리기,8,0.01
성장기,M,준비운동,앉아서 무릎 굽히기,8,0.01
성장기,M,준비운동,다리 교대로 들어올리기,7,0.01
성장기,M,준비운동,머리 위로 볼 돌리기,7,0.01
성장기,M,준비운동,파워클린,7,0.01
성장기,M,준비운동,고정식 트레드밀에서 걷기,7,0.01
성장기,M,준비운동,순간반응 콘 찍기 2,7,0.01
성장기,M,준비운동,네발기기 자세에서 손바닥으로 바닥밀기,7,0.01
성장기,M,준비운동,계단 두 칸씩 뛰기,7,0.01
성장기,M,준비운동,계단 한발 뛰기,7,0.01
성장기,M,준비운동,베개 밟고 서기,7,0.01
성장기,M,준비운동,몸통 옆으로 굽히기,6,0.01
성장기,M,준비운동,양발 교차 올리기,6,0.01
성장기,M,준비운동,짐볼 윗몸일으키기,6,0.01
성장기,M,준비운동,빠른 발 안팎 뛰기,6,0.01
성장기,M,준비운동,덤벨 잡고 앉았다 일어서기,6,0.01
성장기,M,준비운동,내전근 스트레칭,6,0.01
성장기,M,준비운동,탄력밴드 어깨 가쪽 돌림,6,0.01
성장기,M,준비운동,허리 굽혀 팔 뒤로 들기,6,0.01
성장기,M,준비운동,제자리 멀리 뛰기,6,0.01
성장기,M,준비운동,십(十)자 드리블,6,0.01
성장기,M,준비운동,무릎 아래에서 양옆으로 굴리기,6,0.01
성장기,M,준비운동,콘운동 루틴프로그램,6,0.01
성장기,M,준비운동,무릎 올려 공 닿기,6,0.01
성장기,M,준비운동,크게 다리벌려 교차 뛰기,6,0.01
성장기,M,준비운동,옆으로 굽히기,6,0.01
성장기,M,준비운동,다리 감아올리기,6,0.01
성장기,M,준비운동,앉아서 몸통 움츠리기,6,0.01
성장기,M,준비운동,의자 잡고 반복 옆 뛰기,6,0.01
성장기,M,준비운동,공 잡고 상체 들어올리기,6,0.01
성장기,M,준비운동,양발 교차 뛰기,5,0.01
성장기,M,준비운동,누워서 하늘 자전거,5,0.01
성장기,M,준비운동,한발로 점프하기,5,0.01
성장기,M,준비운동,옆으로 펀치하기,5,0.01
성장기,M,준비운동,앉았다 일어나며 점프하기,5,0.01
성장기,M,준비운동,누워서 밀기,5,0.01
성장기,M,준비운동,매달려서 다리 들기,5,0.01
성장기,M,준비운동,50M 달리기,5,0.01
성장기,M,준비운동,연속 무릎 올리기,5,0.01
성장기,M,준비운동,허리 비틀어 앉았다 일어서기,5,0.01
성장기,M,준비운동,앉아서 다리 모으기,4,0.01
성장기,M,준비운동,앉아서 다리 벌리기,4,0.01
성장기,M,준비운동,앉아서 당겨 내리기,4,0.01
성장기,M,준비운동,허리 굽혀 덤벨 뒤로 들기,4,0.01
성장기,M,준비운동,덤벨 옆으로 들어올리기,4,0.01
성장기,M,준비운동,점프 후 버티기,4,0.01
성장기,M,준비운동,가슴 스트레칭,4,0.01
성장기,M,준비운동,다리 뻗어 점프하기,4,0.01
성장기,M,준비운동,빠르게 앞무릎 올리기,4,0.01
성장기,M,준비운동,뛰어 밀기,4,0.01
성장기,M,준비운동,윗몸 말아 올리기,4,0.01
성장기,M,준비운동,유소년테스트,4,0.01
성장기,M,준비운동,밴드 한 발 뒤로 들기,4,0.01
성장기,M,준비운동,앞뒤 지그재그 뛰기,4,0.01
성장기,M,준비운동,콘 뛰어넘기,4,0.01
성장기,M,준비운동,써클휠로 다리 끌어당기기,4,0.01
성장기,M,준비운동,소파를 이용한 윗몸올리기,4,0.01
성장기,M,준비운동,서서 다리 뒤로 차기,3,0.0
성장기,M,준비운동,허리 감아 볼 돌리기,3,0.0
성장기,M,준비운동,한발 앞뒤 교차 뛰기,3,0.0
성장기,M,준비운동,옆으로 걷기,3,0.0
성장기,M,준비운동,밴드 머리 뒤로 들어올리기,3,0.0
성장기,M,준비운동,팔굽혀펴기 후 점프하기,3,0.0
성장기,M,준비운동,사다리 옆으로 발 옮기기,3,0.0
성장기,M,준비운동,서서 상체 일으키기,3,0.0
성장기,M,준비운동,엎드려 무릎 당기기,3,0.0
성장기,M,준비운동,누워서 머리 위로 팔꿈치 펴기,3,0.0
성장기,M,준비운동,점프하며 뛰기,3,0.0
성장기,M,준비운동,다리 옆으로 들어올리기,3,0.0
성장기,M,준비운동,앉아서 양팔 당기기,3,0.0
성장기,M,준비운동,계이름 치기,3,0.0
성장기,M,준비운동,사이드 스텝 점프하기,3,0.0
성장기,M,준비운동,볼 잡고 몸통 기울이기,3,0.0
성장기,M,준비운동,무릎 굽혀 엉덩이 들어올리기,3,0.0
성장기,M,준비운동,대(大)자 점프 뛰기,3,0.0
성장기,M,준비운동,2단 줄넘기,3,0.0
성장기,M,준비운동,다리 올려 의자넘기,3,0.0
성장기,M,준비운동,서서 어깨 들어올리기,2,0.0
성장기,M,준비운동,엎드려서 균형잡기,2,0.0
성장기,M,준비운동,네발기기 자세에서 다리 위로 뻗어올리기,2,0.0
성장기,M,준비운동,누워서 배가로근 수축 II,2,0.0
성장기,M,준비운동,의자에 한 다리 올리고 앉앗다 일어서기,2,0.0
성장기,M,준비운동,짐볼 배에 대고 버티기,2,0.0
성장기,M,준비운동,밴드 걸고 옆으로 누워 다리 올리기,2,0.0
성장기,M,준비운동,누워서 덤벨 들어올리기,2,0.0
성장기,M,준비운동,어깨 양 옆으로 돌리기,2,0.0
성장기,M,준비운동,원판던지기,2,0.0
성장기,M,준비운동,고정한 상태에서 덤벨 들고 팔꿈치 굽히기,2,0.0
성장기,M,준비운동,전후 교차 뛰기,2,0.0
성장기,M,준비운동,스텝박스 오르내리기,2,0.0
성장기,M,준비운동,바벨 끌어당기기,2,0.0
성장기,M,준비운동,앉아서 덤벨로 손목 굽히기,2,0.0
성장기,M,준비운동,머리 뒤로 깍지 끼고 상체 숙이기,2,0.0
성장기,M,준비운동,누워서 팔 밀기,2,0.0
성장기,M,준비운동,앉아서 가슴 모으기,2,0.0
성장기,M,준비운동,앞굽이 뛰기,2,0.0
성장기,M,준비운동,4방향 콘 찍고 달리기,2,0.0
성장기,M,준비운동,연속 상향 점프하기,2,0.0
성장기,M,준비운동,빠르게 무릎들어 뛰기,2,0.0
성장기,M,준비운동,무릎 들어 연속 뛰기,2,0.0
성장기,M,준비운동,앉아서 엉덩관절 굽히기,1,0.0
성장기,M,준비운동,앞뒤로 한발씩 걷기,1,0.0
성장기,M,준비운동,물통으로 양팔 들어올리기,1,0.0
성장기,M,준비운동,물병 들고 한발 앞으로 내밀고 앉았다 일어서기,1,0.0
성장기,M,준비운동,엎드려 뒤로 다리 올리기,1,0.0
성장기,M,준비운동,덤벨 잡고 뒤꿈치 들기,1,0.0
성장기,M,준비운동,의자 이용 중심 잡기 루틴 운동,1,0.0
성장기,M,준비운동,짐볼 앉아 중심 잡기 루틴 운동,1,0.0
성장기,M,준비운동,짐볼 앉아 한발 들기,1,0.0
성장기,M,준비운동,고정식 자전거 타기,1,0.0
성장기,M,준비운동,짐볼에서 엉덩이 돌리기,1,0.0
성장기,M,준비운동,스텝퍼 오르내리기,1,0.0
성장기,M,준비운동,서서 탄력밴드 당겨내리기/올리기,1,0.0
성장기,M,준비운동,서서 다리로 탄력밴드 당기기 II,1,0.0
성장기,M,준비운동,가슴/어깨 스트레칭,1,0.0
성장기,M,준비운동,좌우 이동하며 팔굽혀펴기,1,0.0
성장기,M,준비운동,앉았다 일어서며 팔 들어올리기,1,0.0
성장기,M,준비운동,앉아서 팔꿈치 굽히기/펴기,1,0.0
성장기,M,준비운동,바벨 들어 팔꿈치 굽히기,1,0.0
성장기,M,준비운동,폼롤러 밀며 몸 앞으로 숙이기,1,0.0
성장기,M,준비운동,폼롤러 앞으로 굴리기,1,0.0
성장기,M,준비운동,짐볼 윗몸올리기,1,0.0
성장기,M,준비운동,뒷발 의자 올려 굽히기,1,0.0
성장기,M,준비운동,허리 굽혀 덤벨 들기,1,0.0
성장기,M,준비운동,밴드 걸고 누워서 다리 들어올리기,1,0.0
성장기,M,준비운동,짐볼에 다리 올리고 엉덩이 들어올리기,1,0.0
성장기,M,준비운동,연속 하향 점프하기,1,0.0
성장기,M,준비운동,점프해서 손 발끝 닿기,1,0.0
성장기,M,준비운동,점프하며 앞으로 나가기,1,0.0
성장기,M,준비운동,앞발 의자 올려 굽히기,1,0.0
성장기,M,준비운동,양팔 벌려 높이 뛰기,1,0.0
성장기,M,준비운동,풍선 튕기기,1,0.0
성장기,M,준비운동,사다리 이용 루틴 운동,1,0.0
성장기,M,준비운동,의자 이용하기,1,0.0
성장기,M,준비운동,물고기 자세,1,0.0
성장기,M,준비운동,좌우 양발모아 점프하기,1,0.0
성장기,M,준비운동,계단 두발 뛰기,1,0.0
성장기,M,본운동,조깅,5387,4.28
성장기,M,본운동,맨몸운동 루틴프로그램,5128,4.07
성장기,M,본운동,줄넘기 운동,4770,3.79
성장기,M,본운동,앉았다 일어서기,4102,3.26
성장기,M,본운동,자전거타기,3713,2.95
성장기,M,본운동,수영,3660,2.91
성장기,M,본운동,버피 테스트,3592,2.85
성장기,M,본운동,전완대고 버티기,2761,2.19
성장기,M,본운동,팔굽혀 펴기,2621,2.08
성장기,M,본운동,저항밴드 운동 루틴프로그램,2349,1.87
성장기,M,본운동,웨이트 트레이닝 루틴프로그램,2228,1.77
성장기,M,본운동,걷기,2177,1.73
성장기,M,본운동,윗몸 일으키기,1946,1.55
성장기,M,본운동,발 바꿔 뛰기,1887,1.5
성장기,M,본운동,몸통 들어올리기,1616,1.28
성장기,M,본운동,누워 다리 들어올리기,1580,1.26
성장기,M,본운동,앞굽이 앉았다 일어서기,1554,1.23
성장기,M,본운동,팔다리 교차 버티기,1536,1.22
성장기,M,본운동,달리기,1412,1.12
성장기,M,본운동,사다리 운동 루틴프로그램,1228,0.98
성장기,M,본운동,팔굽혀펴기,1199,0.95
성장기,M,본운동,엎드려 버티기,1107,0.88
성장기,M,본운동,크런치 사이클,1089,0.87
성장기,M,본운동,뒤로 팔굽혀펴기,1035,0.82
성장기,M,본운동,엎드려 팔다리 교차올리기,963,0.77
성장기,M,본운동,순간반응 콘 찍기,950,0.75
성장기,M,본운동,박스 운동 루틴프로그램,938,0.75
성장기,M,본운동,요가 및 필라테스 루틴프로그램,928,0.74
성장기,M,본운동,계단 올라갔다 내려오기,902,0.72
성장기,M,본운동,왕복달리기,880,0.7
성장기,M,본운동,바운딩 운동 루틴프로그램,863,0.69
성장기,M,본운동,정적 스트레칭 루틴프로그램,825,0.66
성장기,M,본운동,무릎 높이 들어 뛰기,800,0.64
성장기,M,본운동,손 뻗어 윗몸 일으키기,723,0.57
성장기,M,본운동,사이드 지그재그 뛰기,696,0.55
성장기,M,본운동,메디신볼 운동 루틴프로그램,691,0.55
성장기,M,본운동,줄넘기,672,0.53
성장기,M,본운동,엎드려 팔 대고 버티기,648,0.51
성장기,M,본운동,실내 자전거타기,614,0.49
성장기,M,본운동,팔 벌려 뛰기,605,0.48
성장기,M,본운동,앉았다 일어나며 점프하기,601,0.48
성장기,M,본운동,연속 사이드 스쿼드,578,0.46
성장기,M,본운동,몸통 옆으로 굽히기,577,0.46
성장기,M,본운동,벽패스,575,0.46
성장기,M,본운동,뒤꿈치 높이들어 뛰기,569,0.45
성장기,M,본운동,윗몸올리기,557,0.44
성장기,M,본운동,윗몸말아올리기,537,0.43
성장기,M,본운동,V자 싸이클,534,0.42
성장기,M,본운동,공 양손으로 주고 받기,509,0.4
성장기,M,본운동,앉아서 당겨 내리기,507,0.4
성장기,M,본운동,바로서서 상체 숙이기,496,0.39
성장기,M,본운동,볼 잡고 점프하기,492,0.39
성장기,M,본운동,1단 줄넘기,491,0.39
성장기,M,본운동,버피운동,475,0.38
성장기,M,본운동,한발 앞으로 내밀고 앉았다 일어서기,469,0.37
성장기,M,본운동,짐볼 운동 루틴프로그램,453,0.36
성장기,M,본운동,누워 무릎 기울기,443,0.35
성장기,M,본운동,엎드려 팔로 걷기,438,0.35
성장기,M,본운동,앉았다 일어서면서 점프하기,433,0.34
성장기,M,본운동,사이드 스텝,425,0.34
성장기,M,본운동,다리 뻗어 올리기,413,0.33
성장기,M,본운동,점프하며 뛰기,411,0.33
성장기,M,본운동,종아리 사이 감아 돌리기,409,0.32
성장기,M,본운동,한발 연속 뛰기,407,0.32
성장기,M,본운동,넙다리 뒤쪽 스트레칭,402,0.32
성장기,M,본운동,실외 자전거타기,395,0.31
성장기,M,본운동,계단 오르기,381,0.3
성장기,M,본운동,엎드려 무릎 연속 차기,364,0.29
성장기,M,본운동,동적 스트레칭 루틴프로그램,362,0.29
성장기,M,본운동,하지 루틴 스트레칭2,361,0.29
성장기,M,본운동,턱걸이,351,0.28
성장기,M,본운동,척추 들어올리기,351,0.28
성장기,M,본운동,엎드려 상체 들어올리기,349,0.28
성장기,M,본운동,무릎 높여 제자리 달리기,346,0.27
성장기,M,본운동,누워서 뒤로 팔굽혀펴기,342,0.27
성장기,M,본운동,메디신 볼 잡고 팔굽혀펴기,341,0.27
성장기,M,본운동,하지 루틴 스트레칭1,338,0.27
성장기,M,본운동,순간반응 콘 찍기 2,336,0.27
성장기,M,본운동,제자리 뛰기,331,0.26
성장기,M,본운동,목 스트레칭,330,0.26
성장기,M,본운동,계단 뛰어 오르기,328,0.26
성장기,M,본운동,콘운동 루틴프로그램,327,0.26
성장기,M,본운동,누워서 엉덩이 들어올리기,320,0.25
성장기,M,본운동,엉덩이 스트레칭,317,0.25
성장기,M,본운동,트레드밀에서 걷기,305,0.24
성장기,M,본운동,빠르게 무릎들어 뛰기,301,0.24
성장기,M,본운동,슈퍼맨자세,294,0.23
성장기,M,본운동,다리 뻗어 점프하기,293,0.23
성장기,M,본운동,앉아서 다리 펴기,286,0.23
성장기,M,본운동,잔발치기,286,0.23
성장기,M,본운동,나무자세,281,0.22
성장기,M,본운동,사다리 안팎 뛰기,281,0.22
성장기,M,본운동,넙다리 안쪽 스트레칭,277,0.22
성장기,M,본운동,나비자세,271,0.22
성장기,M,본운동,전신 루틴 스트레칭,269,0.21
성장기,M,본운동,양발 교차하여 서서 몸통 숙이기,262,0.21
성장기,M,본운동,제자리 멀리 뛰기,259,0.21
성장기,M,본운동,옆구리 스트레칭,257,0.2
성장기,M,본운동,짝 스트레칭 루틴프로그램,257,0.2
성장기,M,본운동,팔 돌리며 점프하기,255,0.2
성장기,M,본운동,상지 루틴 스트레칭,254,0.2
성장기,M,본운동,양팔 크게 벌리기,252,0.2
성장기,M,본운동,앉아서 다리 밀기,250,0.2
성장기,M,본운동,엎드려 다리 들어올리기,248,0.2
성장기,M,본운동,훌라후프하며 앞으로 가기,246,0.2
성장기,M,본운동,허리 굽혀 팔 뒤로 들기,245,0.19
성장기,M,본운동,옆으로 누워 버티기,243,0.19
성장기,M,본운동,런지하며 상체 비틀기,243,0.19
성장기,M,본운동,다리자세,239,0.19
성장기,M,본운동,양 손 번갈아 공 튀기기,238,0.19
성장기,M,본운동,몸통 스트레칭,233,0.19
성장기,M,본운동,크게 다리벌려 교차 뛰기,231,0.18
성장기,M,본운동,왜가리 자세,229,0.18
성장기,M,본운동,앉아서 상체 앞 옆으로 기울기,227,0.18
성장기,M,본운동,상체 감아올리기,223,0.18
성장기,M,본운동,다리 들어올리기,222,0.18
성장기,M,본운동,허리 스트레칭,220,0.17
성장기,M,본운동,앉아서 엉덩이 들고 이동하기,219,0.17
성장기,M,본운동,옆으로 굽히기,218,0.17
성장기,M,본운동,팔굽혀펴기 후 점프하기,217,0.17
성장기,M,본운동,W 스텝,215,0.17
성장기,M,본운동,스텝퍼 옆으로 뛰어넘기,211,0.17
성장기,M,본운동,엇박자 뛰기,209,0.17
성장기,M,본운동,옆으로 팔 벌리며 점프하기,205,0.16
성장기,M,본운동,양발 모아 좌우 뛰기,201,0.16
성장기,M,본운동,다리뻗어 상체 숙이기,197,0.16
성장기,M,본운동,한쪽 다리펴고 상체 숙이기,197,0.16
성장기,M,본운동,연속 상향 점프하기,194,0.15
성장기,M,본운동,훌라후프로 공 끌고 가기,194,0.15
성장기,M,본운동,측면 팔대고 버티기,188,0.15
성장기,M,본운동,뛰어 내렸다가 바로 점프하기,185,0.15
성장기,M,본운동,발 끝 당기기,184,0.15
성장기,M,본운동,양발 연속 뛰기,183,0.15
성장기,M,본운동,다리 교대로 들어올리기,181,0.14
성장기,M,본운동,한 발 끌어당기기,180,0.14
성장기,M,본운동,박스 옆으로 번갈아 뛰기,180,0.14
성장기,M,본운동,좌식생활자를 위한 동적 루틴 스트레칭,179,0.14
성장기,M,본운동,아기자세,177,0.14
성장기,M,본운동,2단 줄넘기,175,0.14
성장기,M,본운동,양팔 벌려 높이 뛰기,174,0.14
성장기,M,본운동,앉아서 밀기,173,0.14
성장기,M,본운동,빠른 발 뛰기,172,0.14
성장기,M,본운동,짐볼 배에 대고 버티기,171,0.14
성장기,M,본운동,바벨들어올리기,171,0.14
성장기,M,본운동,박스 오르내리기,171,0.14
성장기,M,본운동,팔로 써클링 누르기,171,0.14
성장기,M,본운동,양발 교차 뛰기,170,0.14
성장기,M,본운동,소머리 자세,169,0.13
성장기,M,본운동,좌우 양발모아 점프하기,169,0.13
성장기,M,본운동,앉아서 위로 밀기,169,0.13
성장기,M,본운동,등/어깨 뒤쪽 스트레칭,168,0.13
성장기,M,본운동,점프 후 버티기,168,0.13
성장기,M,본운동,팔벌려뛰기,167,0.13
성장기,M,본운동,몸통 앞으로 굽혀 걷기,166,0.13
성장기,M,본운동,옆으로 누워 다리 들어올리기,165,0.13
성장기,M,본운동,엎드려 무릎 당기기,164,0.13
성장기,M,본운동,빠른 발 안팎 뛰기,162,0.13
성장기,M,본운동,스텝박스 오르내리기,162,0.13
성장기,M,본운동,서서 한팔 들어 오른쪽 왼쪽 뻗기,161,0.13
성장기,M,본운동,배스트레칭,159,0.13
성장기,M,본운동,뒷발 교차 뛰기,159,0.13
성장기,M,본운동,뒤꿈치 들기,157,0.12
성장기,M,본운동,전사자세,156,0.12
성장기,M,본운동,무릎-허리 높이로 공 튀기기,154,0.12
성장기,M,본운동,전후 교차 뛰기,151,0.12
성장기,M,본운동,뒤로 팔 뻗기,150,0.12
성장기,M,본운동,공 위로 던지고 제자리 돌아 받기,149,0.12
성장기,M,본운동,엎드려서 팔 다리 들기,148,0.12
성장기,M,본운동,스텝퍼 올라가서 점프하여 착지하기,148,0.12
성장기,M,본운동,메디신 볼 잡고 런지하며 상체비틀기,148,0.12
성장기,M,본운동,양발 모았다 벌려뛰기,148,0.12
성장기,M,본운동,전신 비틀며 전진하기,147,0.12
성장기,M,본운동,온 몸 뻗어주기,147,0.12
성장기,M,본운동,어깨 누르기,147,0.12
성장기,M,본운동,앉아서 뒤로 당기기,145,0.12
성장기,M,본운동,십(十)자 드리블,142,0.11
성장기,M,본운동,누워서 팔 다리 동시에 들어올리기,141,0.11
성장기,M,본운동,파워클린,141,0.11
성장기,M,본운동,백 슬라이드,139,0.11
성장기,M,본운동,상체 앞으로 숙이기,139,0.11
성장기,M,본운동,짐볼 이용해 앉았다 일어서기,138,0.11
성장기,M,본운동,팔꿈치 굽히기,137,0.11
성장기,M,본운동,겨드랑이 늘리기,137,0.11
성장기,M,본운동,양발 교차 올리기,136,0.11
성장기,M,본운동,의자에 앉아 옆구리 숙이기,136,0.11
성장기,M,본운동,앉아서 몸통 움츠리기,134,0.11
성장기,M,본운동,다리벌려 풍차돌기,133,0.11
성장기,M,본운동,사이드 한발 뛰기,132,0.1
성장기,M,본운동,네발기기 자세로 팔 다리 들기,131,0.1
성장기,M,본운동,허리 감아 볼 돌리기,131,0.1
성장기,M,본운동,다리 감아올리기,130,0.1
성장기,M,본운동,한 발 무릎위 올려차기,130,0.1
성장기,M,본운동,반달자세,129,0.1
성장기,M,본운동,합장하여 앞으로 숙이기,128,0.1
성장기,M,본운동,앉아서 다리 모으기,128,0.1
성장기,M,본운동,발에 밴드걸고 윗몸일으키기,128,0.1
성장기,M,본운동,볼 튕기면서 스쿼트,127,0.1
성장기,M,본운동,물병 옆으로 들어올리기,127,0.1
성장기,M,본운동,의자에 앉아 몸통비틀기,125,0.1
성장기,M,본운동,서서 바벨 위로 밀기,125,0.1
성장기,M,본운동,아령 앞으로 들어올리기,125,0.1
성장기,M,본운동,소파를 이용한 윗몸올리기,124,0.1
성장기,M,본운동,네발 걷기,123,0.1
성장기,M,본운동,한 발 뒤로 들어올리기,121,0.1
성장기,M,본운동,의자에 앉아 물병 들고 몸통 돌리기,119,0.09
성장기,M,본운동,목 돌리기,119,0.09
성장기,M,본운동,한발 들기,118,0.09
성장기,M,본운동,다리모아 무릎 누르기,117,0.09
성장기,M,본운동,십(十)자 달리기,117,0.09
성장기,M,본운동,점프해서 손 발끝 닿기,116,0.09
성장기,M,본운동,벽잡고 빨리 뛰기,116,0.09
성장기,M,본운동,의자 잡고 팔 뒤로 굽히기,114,0.09
성장기,M,본운동,점프해서 발바닥 치기,113,0.09
성장기,M,본운동,바벨 끌어당기기,110,0.09
성장기,M,본운동,다리굽혀 허리 비틀기,110,0.09
성장기,M,본운동,볼 잡고 몸통 기울이기,107,0.09
성장기,M,본운동,누워서 다리 들어올리기,107,0.09
성장기,M,본운동,누워 발목 당겨주기,107,0.09
성장기,M,본운동,의자 잡고 반복 옆 뛰기,107,0.09
성장기,M,본운동,무릎 들어 연속 뛰기,106,0.08
성장기,M,본운동,양손 모아 균형 잡기,105,0.08
성장기,M,본운동,발바닥 마주대고 끌어당기기,105,0.08
성장기,M,본운동,앉아서 양팔 당기기,104,0.08
성장기,M,본운동,깍지 끼고 상체 숙이기,104,0.08
성장기,M,본운동,양발 벌려 무릎 밀어내기,104,0.08
성장기,M,본운동,발목 돌리기,103,0.08
성장기,M,본운동,다리 굽혀(W자) 상체 뒤로 눕기,103,0.08
성장기,M,본운동,앞뒤 지그재그 뛰기,102,0.08
성장기,M,본운동,전진 점프하며 발바닥 찍기,102,0.08
성장기,M,본운동,머리 위로 볼 돌리기,101,0.08
성장기,M,본운동,윗몸 말아 올리기,100,0.08
성장기,M,본운동,누워서 팔 밀기,99,0.08
성장기,M,본운동,한발 앞뒤 교차 뛰기,99,0.08
성장기,M,본운동,손목 펴기/굽히기,99,0.08
성장기,M,본운동,고양이 자세,99,0.08
성장기,M,본운동,누워서 가슴 밀기,98,0.08
성장기,M,본운동,넙다리 앞쪽 스트레칭,97,0.08
성장기,M,본운동,콘 뛰어넘기,97,0.08
성장기,M,본운동,누워서 전신 뻗기,96,0.08
성장기,M,본운동,팔 들어 올리며 런지,95,0.08
성장기,M,본운동,전진 점프하며 발 뒤꿈치 찍기,95,0.08
성장기,M,본운동,대퇴이두근 스트레칭2,94,0.07
성장기,M,본운동,스텝퍼 뛰어서 오르내리기,93,0.07
성장기,M,본운동,50M 달리기,93,0.07
성장기,M,본운동,엉덩이 늘리기,92,0.07
성장기,M,본운동,짐볼 전완대고 버티기,92,0.07
성장기,M,본운동,한발로 점프하기,92,0.07
성장기,M,본운동,앉아서 다리 올리기,92,0.07
성장기,M,본운동,앉아서 다리 굽히기,90,0.07
성장기,M,본운동,엉덩이 스트레칭2,90,0.07
성장기,M,본운동,어깨 뒤쪽 스트레칭,89,0.07
성장기,M,본운동,서서 상체 일으키기,89,0.07
성장기,M,본운동,좌우 이동하며 팔굽혀펴기,88,0.07
성장기,M,본운동,다리 모았다 벌려 뛰기,88,0.07
성장기,M,본운동,팔꿈치 고정 후 벌리기,87,0.07
성장기,M,본운동,한 발 들어올리기,87,0.07
성장기,M,본운동,앉았다 일어서며 팔 들어올리기,86,0.07
성장기,M,본운동,점프하며 앞으로 나가기,86,0.07
성장기,M,본운동,서서 뒤꿈치 들기,85,0.07
성장기,M,본운동,웅크리고 앉아 손잡고 상체 숙이기,84,0.07
성장기,M,본운동,앞차기하며 뛰기,83,0.07
성장기,M,본운동,시소우,83,0.07
성장기,M,본운동,다리 앞뒤로 벌려 굽혔다 펴기,80,0.06
성장기,M,본운동,사이드 스텝 점프하기,79,0.06
성장기,M,본운동,연속 하향 점프하기,79,0.06
성장기,M,본운동,밴드 어깨 뒤로 들어올리기,78,0.06
성장기,M,본운동,반복 옆뛰기,77,0.06
성장기,M,본운동,허리숙여 양팔 돌리기,76,0.06
성장기,M,본운동,연속 무릎 올리기,76,0.06
성장기,M,본운동,서서 발목 누르기,75,0.06
성장기,M,본운동,허리 비틀어 앉았다 일어서기,75,0.06
성장기,M,본운동,의자에 앉아 가슴 뒤로 젖히기,74,0.06
성장기,M,본운동,팔꿈치 원 그리기,73,0.06
성장기,M,본운동,스텝퍼 오르내리기,71,0.06
성장기,M,본운동,머리 뒤로 깍지 끼고 상체 숙이기,71,0.06
성장기,M,본운동,빠르게 앞무릎 올리기,69,0.05
성장기,M,본운동,서서 발목 뒤로 당기기,69,0.05
성장기,M,본운동,아령 뒤로 들어올리기,69,0.05
성장기,M,본운동,밴드 앞 옆으로 들어올리기,68,0.05
성장기,M,본운동,뛰어 밀기,67,0.05
성장기,M,본운동,앉아서 한 발 앞으로 굽히기,67,0.05
성장기,M,본운동,회전 초승달 자세,66,0.05
성장기,M,본운동,누워서 다리 굽히기,65,0.05
성장기,M,본운동,몸통 비틀기,65,0.05
성장기,M,본운동,덤벨 잡고 뒤꿈치 들기,65,0.05
성장기,M,본운동,다리들어 옆으로 올리기,64,0.05
성장기,M,본운동,물속에서 걷기,64,0.05
성장기,M,본운동,옆으로 다리 뻗기,64,0.05
성장기,M,본운동,의자 앞에서 앉았다 일어서기,63,0.05
성장기,M,본운동,사다리 좌우 뛰기,63,0.05
성장기,M,본운동,바벨 들어 팔꿈치 굽히기,63,0.05
성장기,M,본운동,아쿠아로빅,63,0.05
성장기,M,본운동,전갈자세,63,0.05
성장기,M,본운동,앉아서 다리 펴서 들어올리기,63,0.05
성장기,M,본운동,다리 벌려 앞으로 상체 숙이기,63,0.05
성장기,M,본운동,다리 모아 상체 숙이기,62,0.05
성장기,M,본운동,가슴/어깨 앞쪽 스트레칭,61,0.05
성장기,M,본운동,다리 넓게 벌려 앉았다 일어서기,60,0.05
성장기,M,본운동,V자 버티기,60,0.05
성장기,M,본운동,팔 빨리 흔들기,60,0.05
성장기,M,본운동,옆으로 팔 대고 버티기,59,0.05
성장기,M,본운동,앞굽이 뛰기,58,0.05
성장기,M,본운동,다리 벌려 옆으로 상체 숙이기,58,0.05
성장기,M,본운동,매달려서 다리 들기,57,0.05
성장기,M,본운동,엎드려 한발 원 그리기,57,0.05
성장기,M,본운동,S자 달리기,57,0.05
성장기,M,본운동,누워 무릎 교차 올리기,56,0.04
성장기,M,본운동,앉은 산 자세,56,0.04
성장기,M,본운동,아래 팔 스트레칭,55,0.04
성장기,M,본운동,누워서 다리 펴고 원 그리기,55,0.04
성장기,M,본운동,유산소 운동 전 동적 루틴 스트레칭,54,0.04
성장기,M,본운동,계단 두발 뛰기,53,0.04
성장기,M,본운동,무릎 굽혀 엉덩이 들어올리기,53,0.04
성장기,M,본운동,4방향 콘 찍고 달리기,53,0.04
성장기,M,본운동,라켓으로 공 치며 앞으로 가기,51,0.04
성장기,M,본운동,짐볼 윗몸일으키기,49,0.04
성장기,M,본운동,앉아서 가슴 모으기,49,0.04
성장기,M,본운동,덤벨 잡고 앉았다 일어서기,48,0.04
성장기,M,본운동,다리 올려 의자넘기,48,0.04
성장기,M,본운동,옆으로 펀치하기,47,0.04
성장기,M,본운동,벽에서 팔굽혀 펴기,47,0.04
성장기,M,본운동,빠르게 무릎 올려 찍기,47,0.04
성장기,M,본운동,서서 다리 뒤로 차기,46,0.04
성장기,M,본운동,앉아서 엉덩관절 굽히기,45,0.04
성장기,M,본운동,작은 공을 이용한 동적 루틴 스트레칭,45,0.04
성장기,M,본운동,사다리 옆으로 발 옮기기,44,0.03
성장기,M,본운동,팔꿈치-무릎 교차 닿기,44,0.03
성장기,M,본운동,누워서 다리 좌우로 움직이기,41,0.03
성장기,M,본운동,의자에 앉아 다리 뻗어 올리기,41,0.03
성장기,M,본운동,발목 얹고 다리 잡아당기기,41,0.03
성장기,M,본운동,앉아 윗몸 앞으로 굽히기,40,0.03
성장기,M,본운동,무릎 당겨올리기,39,0.03
성장기,M,본운동,앉아서 무릎 굽히기,39,0.03
성장기,M,본운동,덤벨 옆으로 들어올리기,38,0.03
성장기,M,본운동,고정식 자전거 타기,38,0.03
성장기,M,본운동,무릎 굽혀 가슴 닿기,38,0.03
성장기,M,본운동,의자에 앉아 가슴 몸통 말아주기,37,0.03
성장기,M,본운동,앉아서 밴드 당기기,37,0.03
성장기,M,본운동,누워 한발 원 그리기,36,0.03
성장기,M,본운동,허리 비틀어 볼 주고받기,35,0.03
성장기,M,본운동,무릎당겨 다리 올리기,35,0.03
성장기,M,본운동,서서 다리로 탄력밴드 당기기 II,34,0.03
성장기,M,본운동,가슴 어깨 펴기,34,0.03
성장기,M,본운동,스타 투 니 풀,34,0.03
성장기,M,본운동,레그 스윙,34,0.03
성장기,M,본운동,고정식 트레드밀에서 걷기,34,0.03
성장기,M,본운동,계단 두 칸씩 뛰기,33,0.03
성장기,M,본운동,스텝박스,33,0.03
성장기,M,본운동,서서 다리로 탄력밴드 당기기 I,33,0.03
성장기,M,본운동,한 발 앞굽이 팔 위로 뻗어 가슴 내밀기,33,0.03
성장기,M,본운동,다리 꼬아 상체 앞으로 숙이기,33,0.03
성장기,M,본운동,앉아서 옆구리 늘려주기,33,0.03
성장기,M,본운동,누워서 배가로근 수축 II,32,0.03
성장기,M,본운동,계단 한발 뛰기,32,0.03
성장기,M,본운동,마주보고 상체 좌우 비틀기,31,0.02
성장기,M,본운동,스텝퍼 뛰어서 넘어가기,30,0.02
성장기,M,본운동,허리 굽혀 덤벨 들기,30,0.02
성장기,M,본운동,누워서 밀기,29,0.02
성장기,M,본운동,자세낮춰 이동하기,29,0.02
성장기,M,본운동,자가근막이완술 루틴 스트레칭,28,0.02
성장기,M,본운동,발 뒤꿈치 들어올리기,28,0.02
성장기,M,본운동,무릎 올려 공 닿기,28,0.02
성장기,M,본운동,누워서 덤벨 들어올리기,26,0.02
성장기,M,본운동,팔 구부려 등 모으기,26,0.02
성장기,M,본운동,앞으로 나가며 앉았다 일어서기,26,0.02
성장기,M,본운동,원판던지기,25,0.02
성장기,M,본운동,누워서 배가로근 수축 I,25,0.02
성장기,M,본운동,네발기기 자세에서 손바닥으로 바닥밀기,25,0.02
성장기,M,본운동,한발들어 좌우 돌리기,24,0.02
성장기,M,본운동,발등 동시에 늘리기,24,0.02
성장기,M,본운동,누워서 하늘 자전거,23,0.02
성장기,M,본운동,대(大)자 점프 뛰기,23,0.02
성장기,M,본운동,앞발 의자 올려 굽히기,23,0.02
성장기,M,본운동,다리 옆으로 들어올리기,23,0.02
성장기,M,본운동,공 던져 색깔 맞추기,23,0.02
성장기,M,본운동,밴드 다리 올려 버티기,23,0.02
성장기,M,본운동,의자에 앉아 다리 펴서 들어올리기,23,0.02
성장기,M,본운동,고정한 상태에서 덤벨 들고 팔꿈치 굽히기,22,0.02
성장기,M,본운동,결가부좌,22,0.02
성장기,M,본운동,다리 모아 뒤로 눕기,22,0.02
성장기,M,본운동,네발기기 자세에서 다리 위로 뻗어올리기,21,0.02
성장기,M,본운동,플렉스 바 비틀기,21,0.02
성장기,M,본운동,밴드 잡고 무릎펴기,21,0.02
성장기,M,본운동,누워서 굽힌 다리 펴기,20,0.02
성장기,M,본운동,공 잡고 상체 들어올리기,20,0.02
성장기,M,본운동,밴드 앞으로 당기기,20,0.02
성장기,M,본운동,엎드려 어깨 늘리기,19,0.02
성장기,M,본운동,밴드 한 발 뒤로 들기,19,0.02
성장기,M,본운동,누워서 공들고 몸 기울이기,18,0.01
성장기,M,본운동,휴식자세,18,0.01
성장기,M,본운동,발등굽힘/발바닥굽힘,18,0.01
성장기,M,본운동,의자에 한 다리 올리고 앉앗다 일어서기,18,0.01
성장기,M,본운동,교차 다리 굽히기,18,0.01
성장기,M,본운동,밴드로 다리 들어 올려 버티기,18,0.01
성장기,M,본운동,활 자세,16,0.01
성장기,M,본운동,대퇴이두근 스트레칭,16,0.01
성장기,M,본운동,무릎굽혀 원 그리기,15,0.01
성장기,M,본운동,무릎 구부려 상체 비틀기,15,0.01
성장기,M,본운동,고관절 스트레칭,15,0.01
성장기,M,본운동,골반 스트레칭2,14,0.01
성장기,M,본운동,누워서 수직으로 다리 들어올리기,14,0.01
성장기,M,본운동,누워서 덤벨 모아들기,14,0.01
성장기,M,본운동,복식호흡,14,0.01
성장기,M,본운동,유소년테스트,14,0.01
성장기,M,본운동,써클휠로 다리 끌어당기기,14,0.01
성장기,M,본운동,앉아서 밴드 잡고 몸통 돌리기,13,0.01
성장기,M,본운동,골반 스트레칭,13,0.01
성장기,M,본운동,뒷발 의자 올려 굽히기,13,0.01
성장기,M,본운동,무릎 대고 상체 뒤로 젖히기,13,0.01
성장기,M,본운동,앞발 들어올리기,13,0.01
성장기,M,본운동,팔 당기기,12,0.01
성장기,M,본운동,마주보고 종아리 펴기,12,0.01
성장기,M,본운동,앉아서 덤벨로 손목 굽히기,12,0.01
성장기,M,본운동,팔굽혀펴기(무릎대고 실시),12,0.01
성장기,M,본운동,밴드 잡고 다리 옆으로 벌리기,12,0.01
성장기,M,본운동,팔꿈치 머리 뒤로 젖히기,11,0.01
성장기,M,본운동,양발 점프 착지하기,11,0.01
성장기,M,본운동,목 당기기,11,0.01
성장기,M,본운동,바벨 잡고 들어올리기,11,0.01
성장기,M,본운동,옆으로 누워 무릎 벌리기,11,0.01
성장기,M,본운동,엎드려 교차 발 잡아당기기,11,0.01
성장기,M,본운동,짐볼을 이용한 동적 루틴 스트레칭,10,0.01
성장기,M,본운동,엎드려서 균형잡기,10,0.01
성장기,M,본운동,점프 팔굽혀펴기,10,0.01
성장기,M,본운동,짐볼에 다리 올리고 엉덩이 들어올리기,9,0.01
성장기,M,본운동,깍지끼고 목 들어올리기,9,0.01
성장기,M,본운동,누워서 머리 위로 팔꿈치 펴기,9,0.01
성장기,M,본운동,엎드려서 다리 차올리기,9,0.01
성장기,M,본운동,바벨 당겨 올리기,9,0.01
성장기,M,본운동,엉덩관절 회전하기,9,0.01
성장기,M,본운동,모관운동,9,0.01
성장기,M,본운동,서서 어깨 들어올리기,9,0.01
성장기,M,본운동,앉아서 팔꿈치 굽히기/펴기,8,0.01
성장기,M,본운동,한 발 뒤로 빼고 앞으로 굽히기,8,0.01
성장기,M,본운동,매달려서 뒤로 팔굽혀 펴기,8,0.01
성장기,M,본운동,한발 서서 균형잡기,7,0.01
성장기,M,본운동,앉아서 다리 벌리기,7,0.01
성장기,M,본운동,짐볼 윗몸올리기,7,0.01
성장기,M,본운동,계이름 치기,7,0.01
성장기,M,본운동,짐볼에 엎드려서 팔 다리 들기,6,0.0
성장기,M,본운동,밴드 잡고 몸통 옆으로 굽히기,6,0.0
성장기,M,본운동,발바닥 치기,6,0.0
성장기,M,본운동,짝 운동,6,0.0
성장기,M,본운동,탄력밴드 어깨 가쪽 돌림,6,0.0
성장기,M,본운동,균형 걷기,6,0.0
성장기,M,본운동,대퇴사두근 스트레칭,5,0.0
성장기,M,본운동,서서 탄력밴드 당겨내리기/올리기,5,0.0
성장기,M,본운동,허리 굽혀 덤벨 뒤로 들기,5,0.0
성장기,M,본운동,비복근 스트레칭,5,0.0
성장기,M,본운동,서서 균형잡기,5,0.0
성장기,M,본운동,짐볼 앉아 한발 들기,4,0.0
성장기,M,본운동,풍선차기,4,0.0
성장기,M,본운동,서서 균형잡으며 몸통 회전하기,4,0.0
성장기,M,본운동,아쿠아로빅 운동 프로그램 루틴,4,0.0
성장기,M,본운동,나란히 서서 손잡고 끌어당기기,4,0.0
성장기,M,본운동,짐볼에서 몸통 돌리기,4,0.0
성장기,M,본운동,짐볼에 엎드려서 몸통 젖히기,3,0.0
성장기,M,본운동,의자 앉아 다리로 짐볼 쥐기,3,0.0
성장기,M,본운동,빠르게 걷기,3,0.0
성장기,M,본운동,짐볼 앉아 양손 대각방향으로 들기,3,0.0
성장기,M,본운동,양팔 벌려 전신 비틀기,3,0.0
성장기,M,본운동,내전근 스트레칭,3,0.0
성장기,M,본운동,풍선 튕기기,3,0.0
성장기,M,본운동,밴드 걸고 엎드려서 다리 구부리기,3,0.0
성장기,M,본운동,물통으로 양팔 들어올리기,3,0.0
성장기,M,본운동,밴드 머리 뒤로 들어올리기,3,0.0
성장기,M,본운동,의자에 앉아 등 굽혔다 펴기,3,0.0
성장기,M,본운동,밴드 걸고 옆으로 누워 다리 올리기,3,0.0
성장기,M,본운동,앉아서 모으기,3,0.0
성장기,M,본운동,밴드 걸고 누워서 다리 들어올리기,3,0.0
성장기,M,본운동,옆으로 걷기,3,0.0
성장기,M,본운동,물고기 자세,3,0.0
성장기,M,본운동,무릎 대고 옆으로 기울이기,3,0.0
성장기,M,본운동,짐볼에 다리 올리고 좌우로 움직이기,2,0.0
성장기,M,본운동,엎드려 양팔 및 다리 들어올리기,2,0.0
성장기,M,본운동,회전근개 스트레칭,2,0.0
성장기,M,본운동,협응력 향상 프로그램_계이름 치기,2,0.0
성장기,M,본운동,목 돌림 스트레칭,2,0.0
성장기,M,본운동,몸 앞으로 굽히기,2,0.0
성장기,M,본운동,짐볼 앞으로 밀기,2,0.0
성장기,M,본운동,사다리 이용 루틴 운동,2,0.0
성장기,M,본운동,줄 따라 걷기,2,0.0
성장기,M,본운동,무릎 들어올리기,2,0.0
성장기,M,본운동,가슴/어깨 스트레칭,1,0.0
성장기,M,본운동,짐볼 앉아 뒤꿈치 들기,1,0.0
성장기,M,본운동,종아리 스트레칭,1,0.0
성장기,M,본운동,성화봉송,1,0.0
성장기,M,본운동,엎드려 뒤로 다리 올리기,1,0.0
성장기,M,본운동,아쿠아로빅-물당기기/밀기,1,0.0
성장기,M,본운동,아쿠아로빅-물누르기/올리기,1,0.0
성장기,M,본운동,어깨 스트레칭,1,0.0
성장기,M,본운동,어깨 양 옆으로 돌리기,1,0.0
성장기,M,본운동,베개 밟고 두발 모아 서기,1,0.0
성장기,M,본운동,베개 밟고 교차 서기,1,0.0
성장기,M,본운동,베개 밟고 측면으로 양팔 들기,1,0.0
성장기,M,본운동,베개 밟고 위로 양팔 들기,1,0.0
성장기,M,본운동,탄력밴드 걸고 서기,1,0.0
성장기,M,본운동,탄력밴드 전방으로 당기기,1,0.0
성장기,M,본운동,탄력밴드 후방으로 당기기,1,0.0
성장기,M,본운동,탄력밴드 후방 측면으로 당기기,1,0.0
성장기,M,본운동,탄력밴드 무릎으로 당기기,1,0.0
성장기,M,본운동,서서 다리로 탄력밴드 당겨 중심 잡기 루틴 운동,1,0.0
성장기,M,본운동,의자 이용하기,1,0.0
성장기,M,본운동,의자 앉아 공 밀기,1,0.0
성장기,M,본운동,목 굽힘/ 폄 III,1,0.0
성장기,M,본운동,밴드 걸고 앉아서 발등 굽힘,1,0.0
성장기,M,본운동,밴드 잡고 누워서 다리 밀기,1,0.0
성장기,M,본운동,의자 잡고 서기,1,0.0
성장기,M,본운동,의자 잡고 한발 들기,1,0.0
성장기,M,본운동,의자 잡고 측면으로 한발 들기,1,0.0
성장기,M,본운동,의자 잡고 후방으로 한발 뻗어 들기,1,0.0
성장기,M,본운동,의자에 앉아 볼 돌리기,1,0.0
성장기,M,본운동,짐볼에서 엉덩이 돌리기,1,0.0
성장기,M,본운동,짐볼 앉아 중심 잡기 루틴 운동,1,0.0
성장기,M,본운동,의자 이용 중심 잡기 루틴 운동,1,0.0
성장기,M,본운동,물병 들고 한발 앞으로 내밀고 앉았다 일어서기,1,0.0
성장기,M,본운동,목봉잡고 앉았다 일어나기,1,0.0
성장기,M,본운동,누워서 공 뒤로 내리고 당기기,1,0.0
성장기,M,본운동,좌우로 선넘기,1,0.0
성장기,M,본운동,후다닥 붙여요,1,0.0
성장기,M,본운동,밴드잡고 머리 위에서 팔꿈치 펴기,1,0.0
성장기,M,본운동,다리로 짐볼 들어올리기,1,0.0
성장기,M,정리운동,정적 스트레칭 루틴프로그램,7118,20.13
성장기,M,정리운동,전신 루틴 스트레칭,1348,3.81
성장기,M,정리운동,걷기,1178,3.33
성장기,M,정리운동,동적 스트레칭 루틴프로그램,1059,2.99
성장기,M,정리운동,요가 및 필라테스 루틴프로그램,985,2.79
성장기,M,정리운동,온 몸 뻗어주기,796,2.25
성장기,M,정리운동,복식호흡,763,2.16
성장기,M,정리운동,하지 루틴 스트레칭2,687,1.94
성장기,M,정리운동,조깅,685,1.94
성장기,M,정리운동,다리 모아 상체 숙이기,595,1.68
성장기,M,정리운동,하지 루틴 스트레칭1,589,1.67
성장기,M,정리운동,엎드려 상체 들어올리기,589,1.67
성장기,M,정리운동,아기자세,564,1.59
성장기,M,정리운동,상지 루틴 스트레칭,541,1.53
성장기,M,정리운동,짝 스트레칭 루틴프로그램,534,1.51
성장기,M,정리운동,휴식자세,512,1.45
성장기,M,정리운동,고양이 자세,500,1.41
성장기,M,정리운동,목 스트레칭,446,1.26
성장기,M,정리운동,몸통 스트레칭,422,1.19
성장기,M,정리운동,다리 벌려 앞으로 상체 숙이기,422,1.19
성장기,M,정리운동,모관운동,395,1.12
성장기,M,정리운동,자전거타기,383,1.08
성장기,M,정리운동,줄넘기 운동,382,1.08
성장기,M,정리운동,옆구리 스트레칭,379,1.07
성장기,M,정리운동,양발 벌려 무릎 밀어내기,350,0.99
성장기,M,정리운동,발목 돌리기,346,0.98
성장기,M,정리운동,다리 꼬아 상체 앞으로 숙이기,278,0.79
성장기,M,정리운동,허리 스트레칭,269,0.76
성장기,M,정리운동,앉아 윗몸 앞으로 굽히기,259,0.73
성장기,M,정리운동,목 돌리기,251,0.71
성장기,M,정리운동,발 끝 당기기,240,0.68
성장기,M,정리운동,팔꿈치 원 그리기,240,0.68
성장기,M,정리운동,척추 들어올리기,238,0.67
성장기,M,정리운동,앉은 산 자세,236,0.67
성장기,M,정리운동,넙다리 안쪽 스트레칭,236,0.67
성장기,M,정리운동,물고기 자세,230,0.65
성장기,M,정리운동,넙다리 뒤쪽 스트레칭,227,0.64
성장기,M,정리운동,엎드려 교차 발 잡아당기기,222,0.63
성장기,M,정리운동,서서 발목 누르기,211,0.6
성장기,M,정리운동,다리 벌려 옆으로 상체 숙이기,207,0.59
성장기,M,정리운동,나비자세,204,0.58
성장기,M,정리운동,양발 교차하여 서서 몸통 숙이기,198,0.56
성장기,M,정리운동,한 발 뒤로 빼고 앞으로 굽히기,197,0.56
성장기,M,정리운동,누워 한발 원 그리기,184,0.52
성장기,M,정리운동,팔 당기기,182,0.51
성장기,M,정리운동,배스트레칭,174,0.49
성장기,M,정리운동,엉덩이 늘리기,173,0.49
성장기,M,정리운동,앉아서 한 발 앞으로 굽히기,171,0.48
성장기,M,정리운동,엉덩이 스트레칭,164,0.46
성장기,M,정리운동,누워서 굽힌 다리 펴기,163,0.46
성장기,M,정리운동,아래 팔 스트레칭,162,0.46
성장기,M,정리운동,등/어깨 뒤쪽 스트레칭,158,0.45
성장기,M,정리운동,자가근막이완술 루틴 스트레칭,158,0.45
성장기,M,정리운동,발목 얹고 다리 잡아당기기,157,0.44
성장기,M,정리운동,왜가리 자세,154,0.44
성장기,M,정리운동,상체 앞으로 숙이기,154,0.44
성장기,M,정리운동,레그 스윙,148,0.42
성장기,M,정리운동,무릎 대고 상체 뒤로 젖히기,148,0.42
성장기,M,정리운동,앉아서 옆구리 늘려주기,145,0.41
성장기,M,정리운동,서서 발목 뒤로 당기기,144,0.41
성장기,M,정리운동,깍지 끼고 상체 숙이기,142,0.4
성장기,M,정리운동,1단 줄넘기,136,0.38
성장기,M,정리운동,측면 팔대고 버티기,132,0.37
성장기,M,정리운동,무릎 대고 옆으로 기울이기,130,0.37
성장기,M,정리운동,누워 발목 당겨주기,129,0.36
성장기,M,정리운동,다리 굽혀(W자) 상체 뒤로 눕기,128,0.36
성장기,M,정리운동,전진 점프하며 발 뒤꿈치 찍기,122,0.34
성장기,M,정리운동,수영,119,0.34
성장기,M,정리운동,스타 투 니 풀,114,0.32
성장기,M,정리운동,한 발 앞굽이 팔 위로 뻗어 가슴 내밀기,114,0.32
성장기,M,정리운동,팔꿈치 머리 뒤로 젖히기,113,0.32
성장기,M,정리운동,넙다리 앞쪽 스트레칭,111,0.31
성장기,M,정리운동,활 자세,110,0.31
성장기,M,정리운동,엎드려 어깨 늘리기,110,0.31
성장기,M,정리운동,무릎 당겨올리기,106,0.3
성장기,M,정리운동,엉덩이 스트레칭2,106,0.3
성장기,M,정리운동,무릎 굽혀 가슴 닿기,106,0.3
성장기,M,정리운동,합장하여 앞으로 숙이기,105,0.3
성장기,M,정리운동,목 당기기,100,0.28
성장기,M,정리운동,발바닥 마주대고 끌어당기기,97,0.27
성장기,M,정리운동,누워서 전신 뻗기,96,0.27
성장기,M,정리운동,다리자세,95,0.27
성장기,M,정리운동,다리굽혀 허리 비틀기,95,0.27
성장기,M,정리운동,엎드려 한발 원 그리기,89,0.25
성장기,M,정리운동,다리모아 무릎 누르기,87,0.25
성장기,M,정리운동,어깨 누르기,86,0.24
성장기,M,정리운동,트레드밀에서 걷기,84,0.24
성장기,M,정리운동,다리뻗어 상체 숙이기,81,0.23
성장기,M,정리운동,다리 모아 뒤로 눕기,81,0.23
성장기,M,정리운동,의자에 앉아 가슴 몸통 말아주기,79,0.22
성장기,M,정리운동,무릎 들어올리기,74,0.21
성장기,M,정리운동,의자에 앉아 가슴 뒤로 젖히기,74,0.21
성장기,M,정리운동,의자에 앉아 옆구리 숙이기,72,0.2
성장기,M,정리운동,무릎당겨 다리 올리기,70,0.2
성장기,M,정리운동,소머리 자세,68,0.19
성장기,M,정리운동,한쪽 다리펴고 상체 숙이기,68,0.19
성장기,M,정리운동,다리 들어올리기,67,0.19
성장기,M,정리운동,왕복달리기,66,0.19
성장기,M,정리운동,깍지끼고 목 들어올리기,65,0.18
성장기,M,정리운동,의자에 앉아 몸통비틀기,64,0.18
성장기,M,정리운동,전갈자세,62,0.18
성장기,M,정리운동,제자리 뛰기,59,0.17
성장기,M,정리운동,엎드려 무릎 연속 차기,58,0.16
성장기,M,정리운동,전진 점프하며 발바닥 찍기,57,0.16
성장기,M,정리운동,서서 한팔 들어 오른쪽 왼쪽 뻗기,55,0.16
성장기,M,정리운동,앉아서 상체 앞 옆으로 기울기,54,0.15
성장기,M,정리운동,대퇴이두근 스트레칭,52,0.15
성장기,M,정리운동,결가부좌,49,0.14
성장기,M,정리운동,가슴/어깨 앞쪽 스트레칭,49,0.14
성장기,M,정리운동,실내 자전거타기,49,0.14
성장기,M,정리운동,대퇴사두근 스트레칭,49,0.14
성장기,M,정리운동,배 스트레칭,49,0.14
성장기,M,정리운동,가슴 어깨 펴기,48,0.14
성장기,M,정리운동,회전근개 스트레칭,47,0.13
성장기,M,정리운동,전신 비틀며 전진하기,45,0.13
성장기,M,정리운동,비복근 스트레칭,45,0.13
성장기,M,정리운동,반달자세,43,0.12
성장기,M,정리운동,다리들어 옆으로 올리기,43,0.12
성장기,M,정리운동,겨드랑이 늘리기,42,0.12
성장기,M,정리운동,허리숙여 양팔 돌리기,39,0.11
성장기,M,정리운동,저항밴드 운동 루틴프로그램,36,0.1
성장기,M,정리운동,공 위로 던지고 제자리 돌아 받기,34,0.1
성장기,M,정리운동,무릎굽혀 원 그리기,33,0.09
성장기,M,정리운동,빠르게 무릎 올려 찍기,31,0.09
성장기,M,정리운동,벽패스,30,0.08
성장기,M,정리운동,한발들어 좌우 돌리기,29,0.08
성장기,M,정리운동,좌식생활자를 위한 동적 루틴 스트레칭,27,0.08
성장기,M,정리운동,마주보고 종아리 펴기,26,0.07
성장기,M,정리운동,계단 오르기,26,0.07
성장기,M,정리운동,네발 걷기,25,0.07
성장기,M,정리운동,발등 동시에 늘리기,25,0.07
성장기,M,정리운동,팔 돌리며 점프하기,23,0.07
성장기,M,정리운동,마주보고 상체 좌우 비틀기,22,0.06
성장기,M,정리운동,전사자세,22,0.06
성장기,M,정리운동,십(十)자 드리블,21,0.06
성장기,M,정리운동,달리기,18,0.05
성장기,M,정리운동,콘운동 루틴프로그램,18,0.05
성장기,M,정리운동,박스 오르내리기,18,0.05
성장기,M,정리운동,라켓으로 공 치며 앞으로 가기,18,0.05
성장기,M,정리운동,다리벌려 풍차돌기,17,0.05
성장기,M,정리운동,양발 모아 좌우 뛰기,17,0.05
성장기,M,정리운동,앉았다 일어서기,16,0.05
성장기,M,정리운동,사이드 스텝,16,0.05
성장기,M,정리운동,맨몸운동 루틴프로그램,15,0.04
성장기,M,정리운동,공 양손으로 주고 받기,15,0.04
성장기,M,정리운동,웨이트 트레이닝 루틴프로그램,14,0.04
성장기,M,정리운동,회전 초승달 자세,13,0.04
성장기,M,정리운동,훌라후프로 공 끌고 가기,13,0.04
성장기,M,정리운동,한발 연속 뛰기,13,0.04
성장기,M,정리운동,뒷발 교차 뛰기,13,0.04
성장기,M,정리운동,어깨 뒤쪽 스트레칭,12,0.03
성장기,M,정리운동,다리 모았다 벌려 뛰기,12,0.03
성장기,M,정리운동,웅크리고 앉아 손잡고 상체 숙이기,12,0.03
성장기,M,정리운동,빠른 발 뛰기,12,0.03
성장기,M,정리운동,나란히 서서 손잡고 끌어당기기,11,0.03
성장기,M,정리운동,양 손 번갈아 공 튀기기,11,0.03
성장기,M,정리운동,몸통 비틀기,11,0.03
성장기,M,정리운동,자세낮춰 이동하기,10,0.03
성장기,M,정리운동,버피 테스트,10,0.03
성장기,M,정리운동,양발 모았다 벌려뛰기,10,0.03
성장기,M,정리운동,엇박자 뛰기,10,0.03
성장기,M,정리운동,양발 교차 뛰기,10,0.03
성장기,M,정리운동,앉아서 다리 펴기,9,0.03
성장기,M,정리운동,엉덩관절 회전하기,9,0.03
성장기,M,정리운동,연속 사이드 스쿼드,9,0.03
성장기,M,정리운동,골반 스트레칭2,9,0.03
성장기,M,정리운동,복부 스트레칭,9,0.03
성장기,M,정리운동,옆으로 팔 벌리며 점프하기,9,0.03
성장기,M,정리운동,다리 뻗어 올리기,9,0.03
성장기,M,정리운동,계단 올라갔다 내려오기,8,0.02
성장기,M,정리운동,앞굽이 앉았다 일어서기,8,0.02
성장기,M,정리운동,빠른 발 안팎 뛰기,8,0.02
성장기,M,정리운동,나무자세,7,0.02
성장기,M,정리운동,공 던져 색깔 맞추기,7,0.02
성장기,M,정리운동,박스 옆으로 번갈아 뛰기,7,0.02
성장기,M,정리운동,시소우,7,0.02
성장기,M,정리운동,팔굽혀 펴기,7,0.02
성장기,M,정리운동,무릎-허리 높이로 공 튀기기,7,0.02
성장기,M,정리운동,팔벌려뛰기,6,0.02
성장기,M,정리운동,메디신볼 운동 루틴프로그램,6,0.02
성장기,M,정리운동,볼 튕기면서 스쿼트,6,0.02
성장기,M,정리운동,골반 스트레칭,6,0.02
성장기,M,정리운동,의자 잡고 반복 옆 뛰기,6,0.02
성장기,M,정리운동,제자리 멀리 뛰기,6,0.02
성장기,M,정리운동,양발 연속 뛰기,6,0.02
성장기,M,정리운동,누워서 다리 굽히기,6,0.02
성장기,M,정리운동,앉아서 무릎 굽히기,6,0.02
성장기,M,정리운동,앉아서 다리 올리기,6,0.02
성장기,M,정리운동,발 바꿔 뛰기,6,0.02
성장기,M,정리운동,윗몸올리기,5,0.01
성장기,M,정리운동,잔발치기,5,0.01
성장기,M,정리운동,팔굽혀펴기,5,0.01
성장기,M,정리운동,한발 앞뒤 교차 뛰기,5,0.01
성장기,M,정리운동,한 발 들어올리기,5,0.01
성장기,M,정리운동,무릎 들어 연속 뛰기,5,0.01
성장기,M,정리운동,짐볼 운동 루틴프로그램,4,0.01
성장기,M,정리운동,볼 잡고 점프하기,4,0.01
성장기,M,정리운동,한발 앞으로 내밀고 앉았다 일어서기,4,0.01
성장기,M,정리운동,런지하며 상체 비틀기,4,0.01
성장기,M,정리운동,V자 싸이클,4,0.01
성장기,M,정리운동,척추 스트레칭,4,0.01
성장기,M,정리운동,콘 뛰어넘기,4,0.01
성장기,M,정리운동,연속 무릎 올리기,4,0.01
성장기,M,정리운동,한발로 점프하기,4,0.01
성장기,M,정리운동,양발 교차 올리기,3,0.01
성장기,M,정리운동,허리 감아 볼 돌리기,3,0.01
성장기,M,정리운동,옆구리늘리기,3,0.01
성장기,M,정리운동,계단 뛰어 오르기,3,0.01
성장기,M,정리운동,누워서 엉덩이 들어올리기,3,0.01
성장기,M,정리운동,엎드려 버티기,3,0.01
성장기,M,정리운동,옆으로 누워 무릎 벌리기,3,0.01
성장기,M,정리운동,옆으로 다리 뻗기,3,0.01
성장기,M,정리운동,한 발 무릎위 올려차기,3,0.01
성장기,M,정리운동,무릎 굽혀 엉덩이 들어올리기,3,0.01
성장기,M,정리운동,의자에 앉아 다리 펴서 들어올리기,3,0.01
성장기,M,정리운동,사이드 지그재그 뛰기,3,0.01
성장기,M,정리운동,반복 옆뛰기,3,0.01
성장기,M,정리운동,4방향 콘 찍고 달리기,3,0.01
성장기,M,정리운동,십(十)자 달리기,3,0.01
성장기,M,정리운동,대(大)자 점프 뛰기,3,0.01
성장기,M,정리운동,점프해서 손 발끝 닿기,3,0.01
성장기,M,정리운동,몸통 들어올리기,3,0.01
성장기,M,정리운동,누워 다리 들어올리기,3,0.01
성장기,M,정리운동,전완대고 버티기,3,0.01
성장기,M,정리운동,물속에서 걷기,2,0.01
성장기,M,정리운동,누워 무릎 교차 올리기,2,0.01
성장기,M,정리운동,메디신 볼 잡고 런지하며 상체비틀기,2,0.01
성장기,M,정리운동,머리 위로 볼 돌리기,2,0.01
성장기,M,정리운동,짐볼 배에 대고 버티기,2,0.01
성장기,M,정리운동,볼 잡고 몸통 기울이기,2,0.01
성장기,M,정리운동,고정식 자전거 타기,2,0.01
성장기,M,정리운동,가슴/어깨 스트레칭,2,0.01
성장기,M,정리운동,짐볼을 이용한 동적 루틴 스트레칭,2,0.01
성장기,M,정리운동,턱걸이,2,0.01
성장기,M,정리운동,엎드려 팔 대고 버티기,2,0.01
성장기,M,정리운동,슈퍼맨자세,2,0.01
성장기,M,정리운동,엎드려 무릎 당기기,2,0.01
성장기,M,정리운동,전후 교차 뛰기,2,0.01
성장기,M,정리운동,순간반응 콘 찍기,2,0.01
성장기,M,정리운동,S자 달리기,2,0.01
성장기,M,정리운동,50M 달리기,2,0.01
성장기,M,정리운동,점프해서 발바닥 치기,2,0.01
성장기,M,정리운동,훌라후프하며 앞으로 가기,2,0.01
성장기,M,정리운동,유산소 운동 전 동적 루틴 스트레칭,2,0.01
성장기,M,정리운동,앉았다 일어나며 점프하기,2,0.01
성장기,M,정리운동,아령 앞으로 들어올리기,2,0.01
성장기,M,정리운동,엎드려 팔로 걷기,2,0.01
성장기,M,정리운동,앉아서 엉덩이 들고 이동하기,2,0.01
성장기,M,정리운동,벽잡고 빨리 뛰기,2,0.01
성장기,M,정리운동,양팔 벌려 높이 뛰기,2,0.01
성장기,M,정리운동,종아리 사이 감아 돌리기,2,0.01
성장기,M,정리운동,크게 다리벌려 교차 뛰기,2,0.01
성장기,M,정리운동,앞차기하며 뛰기,2,0.01
성장기,M,정리운동,몸통 옆으로 굽히기,2,0.01
성장기,M,정리운동,W 스텝,2,0.01
성장기,M,정리운동,앞뒤 지그재그 뛰기,2,0.01
성장기,M,정리운동,한 발 뒤로 들어올리기,2,0.01
성장기,M,정리운동,바운딩 운동 루틴프로그램,2,0.01
성장기,M,정리운동,박스 운동 루틴프로그램,2,0.01
성장기,M,정리운동,팔 들어 올리며 런지,2,0.01
성장기,M,정리운동,팔 빨리 흔들기,2,0.01
성장기,M,정리운동,양팔 크게 벌리기,2,0.01
성장기,M,정리운동,양발 점프 착지하기,2,0.01
성장기,M,정리운동,팔 벌려 뛰기,2,0.01
성장기,M,정리운동,팔다리 교차 버티기,2,0.01
성장기,M,정리운동,앉아서 다리 밀기,1,0.0
성장기,M,정리운동,앉아서 다리 굽히기,1,0.0
성장기,M,정리운동,버피운동,1,0.0
성장기,M,정리운동,뛰어 내렸다가 바로 점프하기,1,0.0
성장기,M,정리운동,스텝퍼 올라가서 점프하여 착지하기,1,0.0
성장기,M,정리운동,스텝퍼 옆으로 뛰어넘기,1,0.0
성장기,M,정리운동,스텝퍼 뛰어서 넘어가기,1,0.0
성장기,M,정리운동,스텝퍼 뛰어서 오르내리기,1,0.0
성장기,M,정리운동,옆으로 펀치하기,1,0.0
성장기,M,정리운동,무릎 높여 제자리 달리기,1,0.0
성장기,M,정리운동,앉았다 일어서면서 점프하기,1,0.0
성장기,M,정리운동,양손 모아 균형 잡기,1,0.0
성장기,M,정리운동,다리 교대로 들어올리기,1,0.0
성장기,M,정리운동,메디신 볼 잡고 팔굽혀펴기,1,0.0
성장기,M,정리운동,서서 뒤꿈치 들기,1,0.0
성장기,M,정리운동,사다리 이용 루틴 운동,1,0.0
성장기,M,정리운동,어깨 스트레칭,1,0.0
성장기,M,정리운동,작은 공을 이용한 동적 루틴 스트레칭,1,0.0
성장기,M,정리운동,줄넘기,1,0.0
성장기,M,정리운동,대퇴이두근 스트레칭2,1,0.0
성장기,M,정리운동,몸 앞으로 굽히기,1,0.0
성장기,M,정리운동,실외 자전거타기,1,0.0
성장기,M,정리운동,몸통 앞으로 굽혀 걷기,1,0.0
성장기,M,정리운동,내전근 스트레칭,1,0.0
성장기,M,정리운동,발가락 폄근 스트레칭,1,0.0
성장기,M,정리운동,짐볼에 다리 올리고 좌우로 움직이기,1,0.0
성장기,M,정리운동,써클휠로 다리 끌어당기기,1,0.0
성장기,M,정리운동,앉아서 다리 펴서 들어올리기,1,0.0
성장기,M,정리운동,다리 앞뒤로 벌려 굽혔다 펴기,1,0.0
성장기,M,정리운동,밴드 앞 옆으로 들어올리기,1,0.0
성장기,M,정리운동,밴드 어깨 뒤로 들어올리기,1,0.0
성장기,M,정리운동,V자 버티기,1,0.0
성장기,M,정리운동,다리 옆으로 들어올리기,1,0.0
성장기,M,정리운동,다리 올려 의자넘기,1,0.0
성장기,M,정리운동,머리 뒤로 깍지 끼고 상체 숙이기,1,0.0
성장기,M,정리운동,점프하며 앞으로 나가기,1,0.0
성장기,M,정리운동,2단 줄넘기,1,0.0
성장기,M,정리운동,옆으로 팔 대고 버티기,1,0.0
성장기,M,정리운동,사다리 운동 루틴프로그램,1,0.0
성장기,M,정리운동,허리 비틀어 볼 주고받기,1,0.0
성장기,M,정리운동,밴드로 다리 들어 올려 버티기,1,0.0
성장기,M,정리운동,밴드 다리 올려 버티기,1,0.0
성장기,M,정리운동,계이름 치기,1,0.0
성장기,M,정리운동,팔꿈치-무릎 교차 닿기,1,0.0
성장기,M,정리운동,허리 비틀어 앉았다 일어서기,1,0.0
성장기,M,정리운동,앞으로 나가며 앉았다 일어서기,1,0.0
성장기,M,정리운동,한 발 끌어당기기,1,0.0
성장기,M,정리운동,누워서 뒤로 팔굽혀펴기,1,0.0
성장기,M,정리운동,다리 넓게 벌려 앉았다 일어서기,1,0.0
성장기,M,정리운동,누워서 다리 들어올리기,1,0.0
성장기,M,정리운동,백 슬라이드,1,0.0
성장기,M,정리운동,점프 후 버티기,1,0.0
성장기,M,정리운동,사이드 스텝 점프하기,1,0.0
성장기,M,정리운동,윗몸 일으키기,1,0.0
성장기,M,정리운동,누워 무릎 기울기,1,0.0
어르신,F,준비운동,엉덩이 스트레칭,1234,4.73
어르신,F,준비운동,전신 루틴 스트레칭,1171,4.49
어르신,F,준비운동,등/어깨 뒤쪽 스트레칭,1116,4.28
어르신,F,준비운동,목 스트레칭,1075,4.12
어르신,F,준비운동,허리 스트레칭,807,3.1
어르신,F,준비운동,깍지 끼고 상체 숙이기,807,3.1
어르신,F,준비운동,넙다리 안쪽 스트레칭,780,2.99
어르신,F,준비운동,어깨 스트레칭,760,2.92
어르신,F,준비운동,어깨 뒤쪽 스트레칭,686,2.63
어르신,F,준비운동,엉덩이 스트레칭2,634,2.43
어르신,F,준비운동,몸통 비틀기,612,2.35
어르신,F,준비운동,옆구리 스트레칭,588,2.26
어르신,F,준비운동,넙다리 앞쪽 스트레칭,586,2.25
어르신,F,준비운동,유산소 운동 전 동적 루틴 스트레칭,558,2.14
어르신,F,준비운동,아래 팔 스트레칭,546,2.09
어르신,F,준비운동,하지 루틴 스트레칭1,525,2.01
어르신,F,준비운동,상지 루틴 스트레칭,510,1.96
어르신,F,준비운동,누워서 전신 뻗기,454,1.74
어르신,F,준비운동,대퇴사두근 스트레칭,437,1.68
어르신,F,준비운동,고관절 스트레칭,400,1.53
어르신,F,준비운동,양팔 벌려 전신 비틀기,394,1.51
어르신,F,준비운동,하지 루틴 스트레칭2,389,1.49
어르신,F,준비운동,고정식 트레드밀에서 걷기,385,1.48
어르신,F,준비운동,의자 잡고 후방으로 한발 뻗어 들기,347,1.33
어르신,F,준비운동,걷기,319,1.22
어르신,F,준비운동,대퇴이두근 스트레칭,314,1.2
어르신,F,준비운동,고정식 자전거 타기,308,1.18
어르신,F,준비운동,가슴 스트레칭,296,1.14
어르신,F,준비운동,등 대고 대퇴이두근 스트레칭,280,1.07
어르신,F,준비운동,골반 스트레칭,256,0.98
어르신,F,준비운동,배 스트레칭,255,0.98
어르신,F,준비운동,비복근 스트레칭,255,0.98
어르신,F,준비운동,스텝박스,252,0.97
어르신,F,준비운동,팔꿈치 맞닿아 원그리기,244,0.94
어르신,F,준비운동,가슴/어깨 앞쪽 스트레칭,201,0.77
어르신,F,준비운동,회전근개 스트레칭,199,0.76
어르신,F,준비운동,내전근 스트레칭,195,0.75
어르신,F,준비운동,목 돌림 스트레칭,192,0.74
어르신,F,준비운동,배스트레칭,188,0.72
어르신,F,준비운동,넙다리 뒤쪽 스트레칭,186,0.71
어르신,F,준비운동,의자잡고 후방으로 무릎 굽혀 들기,165,0.63
어르신,F,준비운동,스텝박스 오르내리기,161,0.62
어르신,F,준비운동,실내 자전거타기,158,0.61
어르신,F,준비운동,마주 앉아 대퇴이두근 스트레칭,154,0.59
어르신,F,준비운동,의자 잡고 전방으로 무릎 굽혀 들기,137,0.53
어르신,F,준비운동,의자에 앉아 다리 뻗어 올리기,130,0.5
어르신,F,준비운동,몸통 앞으로 굽혀 걷기,125,0.48
어르신,F,준비운동,동적 스트레칭 루틴프로그램,121,0.46
어르신,F,준비운동,트레드밀에서 걷기,119,0.46
어르신,F,준비운동,물속에서 걷기,117,0.45
어르신,F,준비운동,자가근막이완술 루틴 스트레칭,116,0.44
어르신,F,준비운동,어깨 양 옆으로 돌리기,110,0.42
어르신,F,준비운동,의자 이용 중심 잡기 루틴 운동,105,0.4
어르신,F,준비운동,마주 앉아 대퇴이두근 스트레칭2,101,0.39
어르신,F,준비운동,골반 스트레칭2,100,0.38
어르신,F,준비운동,대퇴이두근 스트레칭2,99,0.38
어르신,F,준비운동,한발 앞으로 내밀고 앉았다 일어서기,89,0.34
어르신,F,준비운동,종아리 스트레칭,82,0.31
어르신,F,준비운동,밴드 잡고 몸통 옆으로 굽히기,81,0.31
어르신,F,준비운동,정적 스트레칭 루틴프로그램,81,0.31
어르신,F,준비운동,발가락 폄근 스트레칭,79,0.3
어르신,F,준비운동,앉아서 밴드 잡고 몸통 돌리기,79,0.3
어르신,F,준비운동,짐볼 앉아 양손 측면으로 들기,75,0.29
어르신,F,준비운동,덤벨 잡고 앉았다 일어서기,74,0.28
어르신,F,준비운동,짐볼 앉아 양 손 가슴 교차,73,0.28
어르신,F,준비운동,전신 틀어 손벽 마주치기,72,0.28
어르신,F,준비운동,몸통 들어올리기,72,0.28
어르신,F,준비운동,아쿠아로빅,71,0.27
어르신,F,준비운동,덤벨 잡고 뒤꿈치 들기,70,0.27
어르신,F,준비운동,의자 앞에서 앉았다 일어서기,69,0.26
어르신,F,준비운동,가슴/어깨 스트레칭,67,0.26
어르신,F,준비운동,무릎 높여 제자리 달리기,63,0.24
어르신,F,준비운동,좌식생활자를 위한 동적 루틴 스트레칭,62,0.24
어르신,F,준비운동,몸 앞으로 굽히기,61,0.23
어르신,F,준비운동,벽에서 팔굽혀 펴기,61,0.23
어르신,F,준비운동,의자에 한 다리 올리고 앉앗다 일어서기,61,0.23
어르신,F,준비운동,엎드려 버티기,55,0.21
어르신,F,준비운동,엎드려서 팔 다리 들기,54,0.21
어르신,F,준비운동,저항밴드 운동 루틴프로그램,54,0.21
어르신,F,준비운동,조깅,48,0.18
어르신,F,준비운동,앉았다 일어서기,46,0.18
어르신,F,준비운동,계단 올라갔다 내려오기,46,0.18
어르신,F,준비운동,달리기,42,0.16
어르신,F,준비운동,베개 밟고 서기,40,0.15
어르신,F,준비운동,팔벌려뛰기,39,0.15
어르신,F,준비운동,수영,38,0.15
어르신,F,준비운동,발목 돌리기,38,0.15
어르신,F,준비운동,등 스트레칭,37,0.14
어르신,F,준비운동,좌우로 선넘기,36,0.14
어르신,F,준비운동,짐볼을 이용한 동적 루틴 스트레칭,35,0.13
어르신,F,준비운동,앉아서 다리 밀기,32,0.12
어르신,F,준비운동,물병 옆으로 들어올리기,32,0.12
어르신,F,준비운동,물통으로 양팔 들어올리기,32,0.12
어르신,F,준비운동,척추 스트레칭,31,0.12
어르신,F,준비운동,앉아서 다리 펴기,31,0.12
어르신,F,준비운동,네발기기 자세로 팔 다리 들기,31,0.12
어르신,F,준비운동,줄넘기,31,0.12
어르신,F,준비운동,앞뒤로 선넘기,30,0.12
어르신,F,준비운동,균형 걷기,29,0.11
어르신,F,준비운동,서서 뒤꿈치 들기,29,0.11
어르신,F,준비운동,윗몸올리기,28,0.11
어르신,F,준비운동,앉아서 엉덩관절 굽히기,28,0.11
어르신,F,준비운동,폼롤러 밀며 몸 앞으로 숙이기,28,0.11
어르신,F,준비운동,누워서 엉덩이 들어올리기,27,0.1
어르신,F,준비운동,실외 자전거타기,27,0.1
어르신,F,준비운동,팔꿈치 굽히기,27,0.1
어르신,F,준비운동,짐볼에 엎드려서 팔 다리 들기,26,0.1
어르신,F,준비운동,짐볼 앞으로 밀기,26,0.1
어르신,F,준비운동,짐볼 양옆으로 굴리기,26,0.1
어르신,F,준비운동,짐볼 앉아 중심 잡기 루틴 운동,25,0.1
어르신,F,준비운동,줄넘기 운동,24,0.09
어르신,F,준비운동,물병 들고 한발 앞으로 내밀고 앉았다 일어서기,23,0.09
어르신,F,준비운동,밴드 걸고 옆으로 누워 다리 올리기,23,0.09
어르신,F,준비운동,엎드려서 다리 굽히기,23,0.09
어르신,F,준비운동,베개 밟고 교차 서기,23,0.09
어르신,F,준비운동,자전거타기,23,0.09
어르신,F,준비운동,거북이 스트레칭,23,0.09
어르신,F,준비운동,밴드 머리 뒤로 들어올리기,22,0.08
어르신,F,준비운동,의자 잡고 한발 들기,21,0.08
어르신,F,준비운동,밴드 걸고 누워서 다리 들어올리기,21,0.08
어르신,F,준비운동,밴드 잡고 누워서 다리 밀기,21,0.08
어르신,F,준비운동,요가 및 필라테스 루틴프로그램,21,0.08
어르신,F,준비운동,계단 뛰어 오르기,21,0.08
어르신,F,준비운동,덤벨 잡고 한발 내밀어 굽혔다 펴기,21,0.08
어르신,F,준비운동,덤벨 잡고 몸통 옆으로 굽히기,21,0.08
어르신,F,준비운동,옆으로 걷기,20,0.08
어르신,F,준비운동,모관운동,20,0.08
어르신,F,준비운동,서서 다리로 탄력밴드 당겨 중심 잡기 루틴 운동,20,0.08
어르신,F,준비운동,짐볼에 엎드려서 몸통 젖히기,20,0.08
어르신,F,준비운동,한발 들기,19,0.07
어르신,F,준비운동,의자에 앉아 등 굽혔다 펴기,19,0.07
어르신,F,준비운동,팔굽혀펴기,19,0.07
어르신,F,준비운동,의자 앉아 공 밀기,19,0.07
어르신,F,준비운동,손목 펴기/굽히기,19,0.07
어르신,F,준비운동,엎드려 뒤로 다리 올리기,18,0.07
어르신,F,준비운동,몸통 스트레칭,18,0.07
어르신,F,준비운동,왜가리 자세,18,0.07
어르신,F,준비운동,짐볼에서 엉덩이 돌리기,18,0.07
어르신,F,준비운동,베개 밟고 대각방향으로 서기,17,0.07
어르신,F,준비운동,베개 밟고 두발 모아 서기,17,0.07
어르신,F,준비운동,어깨 올리기,17,0.07
어르신,F,준비운동,의자 이용하기,16,0.06
어르신,F,준비운동,합장하여 앞으로 숙이기,16,0.06
어르신,F,준비운동,양발 벌려 무릎 밀어내기,16,0.06
어르신,F,준비운동,흔들어 체조,15,0.06
어르신,F,준비운동,의자 잡고 측면으로 한발 들기,14,0.05
어르신,F,준비운동,팔 교대로 올리기,14,0.05
어르신,F,준비운동,옆으로 누워 버티기,14,0.05
어르신,F,준비운동,플렉스 바 비틀기,13,0.05
어르신,F,준비운동,좌우 찍기,13,0.05
어르신,F,준비운동,고양이 자세,13,0.05
어르신,F,준비운동,서서 다리로 탄력밴드 당기기 II,12,0.05
어르신,F,준비운동,밴드 걸고 앉아서 발등 굽힘,12,0.05
어르신,F,준비운동,사다리 이용 루틴 운동,12,0.05
어르신,F,준비운동,아쿠아로빅 운동 프로그램 루틴,12,0.05
어르신,F,준비운동,옆으로 누워 가슴 열기,12,0.05
어르신,F,준비운동,옆으로 펀치하기,12,0.05
어르신,F,준비운동,줄 따라 걷기,12,0.05
어르신,F,준비운동,서서 다리 모으고 벌리기,12,0.05
어르신,F,준비운동,의자 잡고 서기,11,0.04
어르신,F,준비운동,복부 스트레칭,11,0.04
어르신,F,준비운동,회전근개 스트레칭2,11,0.04
어르신,F,준비운동,서서 균형잡기,11,0.04
어르신,F,준비운동,밴드 걸고 엎드려서 다리 구부리기,11,0.04
어르신,F,준비운동,버피운동,11,0.04
어르신,F,준비운동,스텝퍼 옆으로 뛰어넘기,11,0.04
어르신,F,준비운동,짐볼 이용해 앉았다 일어서기,11,0.04
어르신,F,준비운동,앉아서 어깨 위로 밀기,11,0.04
어르신,F,준비운동,누워서 공 뒤로 내리고 당기기,10,0.04
어르신,F,준비운동,서서 탄력밴드 당겨내리기/올리기,10,0.04
어르신,F,준비운동,뒤로 팔굽혀펴기,10,0.04
어르신,F,준비운동,엎드려 팔다리 교차올리기,10,0.04
어르신,F,준비운동,맨몸운동 루틴프로그램,10,0.04
어르신,F,준비운동,앞뒤로 한발씩 걷기,10,0.04
어르신,F,준비운동,발바닥 치기,10,0.04
어르신,F,준비운동,탄력밴드 걸고 서기,10,0.04
어르신,F,준비운동,목봉잡고 앉았다 일어나기,9,0.03
어르신,F,준비운동,바벨 잡고 들어올리기,9,0.03
어르신,F,준비운동,머리 위로 공 넘기기,9,0.03
어르신,F,준비운동,앉아서 팔꿈치 굽히기,9,0.03
어르신,F,준비운동,탄력밴드 후방으로 당기기,9,0.03
어르신,F,준비운동,영차영차 올라요,9,0.03
어르신,F,준비운동,탄력밴드 측면으로 당기기,9,0.03
어르신,F,준비운동,탄력밴드 전방으로 당기기,9,0.03
어르신,F,준비운동,옆으로 누워 폼롤러 굴려주기,8,0.03
어르신,F,준비운동,풍선 튕기기,8,0.03
어르신,F,준비운동,폼롤러 앞으로 굴리기,8,0.03
어르신,F,준비운동,의자 앉아 다리로 짐볼 쥐기,8,0.03
어르신,F,준비운동,짐볼 들고 양옆으로 돌리기,8,0.03
어르신,F,준비운동,의자에 앉아 볼 돌리기,8,0.03
어르신,F,준비운동,앞굽이 앉았다 일어서기,8,0.03
어르신,F,준비운동,스텝퍼 뛰어서 오르내리기,8,0.03
어르신,F,준비운동,발등굽힘/발바닥굽힘,8,0.03
어르신,F,준비운동,발에 밴드걸고 윗몸일으키기,8,0.03
어르신,F,준비운동,네발기기 자세에서 손바닥으로 바닥밀기,8,0.03
어르신,F,준비운동,짐볼 앉기,7,0.03
어르신,F,준비운동,양발 나란히 서기,7,0.03
어르신,F,준비운동,엎드려 양팔 및 다리 들어올리기,7,0.03
어르신,F,준비운동,네발기기 자세에서 다리 위로 뻗어올리기,7,0.03
어르신,F,준비운동,짐볼 앉아 몸통 돌리기,7,0.03
어르신,F,준비운동,짐볼 앉아 상체 숙이기,7,0.03
어르신,F,준비운동,앉아서 다리 모으기,7,0.03
어르신,F,준비운동,누워서 배가로근 수축 I,7,0.03
어르신,F,준비운동,앉아서 다리 굽히기,7,0.03
어르신,F,준비운동,뒤꿈치 들기,7,0.03
어르신,F,준비운동,팔굽혀 펴기,7,0.03
어르신,F,준비운동,팔꿈치 원 그리기,7,0.03
어르신,F,준비운동,허리 굽혀 팔 뒤로 들기,7,0.03
어르신,F,준비운동,작은 공을 이용한 동적 루틴 스트레칭,7,0.03
어르신,F,준비운동,짐볼 옆에 두고 어깨 누르기,7,0.03
어르신,F,준비운동,베개 밟고 측면으로 양팔 들기,6,0.02
어르신,F,준비운동,사다리 걷기,6,0.02
어르신,F,준비운동,의자에 앉아 가슴 뒤로 젖히기,6,0.02
어르신,F,준비운동,서서 발목 누르기,6,0.02
어르신,F,준비운동,앉아서 덤벨로 손목 굽히기,6,0.02
어르신,F,준비운동,빠르게 걷기,6,0.02
어르신,F,준비운동,서서 팔꿈치 펴기,6,0.02
어르신,F,준비운동,탄력밴드 후방 측면으로 당기기,6,0.02
어르신,F,준비운동,두발모아 걷기,5,0.02
어르신,F,준비운동,발 끝 당기기,5,0.02
어르신,F,준비운동,사다리 운동 루틴프로그램,5,0.02
어르신,F,준비운동,바벨들어올리기,5,0.02
어르신,F,준비운동,서서 상체 일으키기,5,0.02
어르신,F,준비운동,전완대고 버티기,5,0.02
어르신,F,준비운동,누워서 가슴 밀기,5,0.02
어르신,F,준비운동,덤벨 옆으로 들어올리기,5,0.02
어르신,F,준비운동,볼 위에 앉아 밴드 양옆으로 당기기,5,0.02
어르신,F,준비운동,의자에 앉아 가슴 몸통 말아주기,5,0.02
어르신,F,준비운동,의자에 앉아 옆구리 숙이기,5,0.02
어르신,F,준비운동,무릎 아래에서 양옆으로 굴리기,5,0.02
어르신,F,준비운동,베개 밟고 위로 양팔 들기,5,0.02
어르신,F,준비운동,성화봉송,4,0.02
어르신,F,준비운동,누워서 다리 들어올리기,4,0.02
어르신,F,준비운동,누워서 배가로근 수축 II,4,0.02
어르신,F,준비운동,탄력밴드 어깨 가쪽 돌림,4,0.02
어르신,F,준비운동,짐볼 앉아 뒤꿈치 들기,4,0.02
어르신,F,준비운동,사다리 안팎 뛰기,4,0.02
어르신,F,준비운동,서서 다리로 탄력밴드 당기기 I,4,0.02
어르신,F,준비운동,바벨 끌어당기기,4,0.02
어르신,F,준비운동,짐볼 운동 루틴프로그램,4,0.02
어르신,F,준비운동,앉았다 일어서면서 점프하기,4,0.02
어르신,F,준비운동,버피 테스트,4,0.02
어르신,F,준비운동,후굴자세 해봐요,4,0.02
어르신,F,준비운동,공 잡고 들어올리기,4,0.02
어르신,F,준비운동,밴드를 당겨요,4,0.02
어르신,F,준비운동,풍선차기,3,0.01
어르신,F,준비운동,누워서 팔 다리 동시에 들어올리기,3,0.01
어르신,F,준비운동,짐볼 앉아 한손 측면으로 들기,3,0.01
어르신,F,준비운동,짐볼 앉아 양손 대각방향으로 들기,3,0.01
어르신,F,준비운동,짐볼 앉아 한발 들기,3,0.01
어르신,F,준비운동,복식호흡,3,0.01
어르신,F,준비운동,다리굽혀 허리 비틀기,3,0.01
어르신,F,준비운동,아기자세,3,0.01
어르신,F,준비운동,앉아서 다리 벌리기,3,0.01
어르신,F,준비운동,앉아서 당겨 내리기,3,0.01
어르신,F,준비운동,양팔 크게 벌리기,3,0.01
어르신,F,준비운동,턱걸이,3,0.01
어르신,F,준비운동,바운딩 운동 루틴프로그램,3,0.01
어르신,F,준비운동,박스 운동 루틴프로그램,3,0.01
어르신,F,준비운동,스텝퍼 올라가서 점프하여 착지하기,3,0.01
어르신,F,준비운동,한 발 뒤로 들어올리기,3,0.01
어르신,F,준비운동,런지하며 상체 비틀기,3,0.01
어르신,F,준비운동,상체 앞으로 숙이기,3,0.01
어르신,F,준비운동,무릎 들어올리기,3,0.01
어르신,F,준비운동,발로 공주고 받기,3,0.01
어르신,F,준비운동,바벨 당겨 올리기,3,0.01
어르신,F,준비운동,탄력밴드 무릎으로 당기기,3,0.01
어르신,F,준비운동,낚시를 해요,3,0.01
어르신,F,준비운동,다리로 짐볼 들어올리기,2,0.01
어르신,F,준비운동,목 굽힘/ 폄 I,2,0.01
어르신,F,준비운동,짐볼 앉아 한발 내딛기,2,0.01
어르신,F,준비운동,엎드려 한발 원 그리기,2,0.01
어르신,F,준비운동,원판던지기,2,0.01
어르신,F,준비운동,파워클린,2,0.01
어르신,F,준비운동,엎드려서 균형잡기,2,0.01
어르신,F,준비운동,엎드려서 다리 차올리기,2,0.01
어르신,F,준비운동,서서 균형잡으며 몸통 회전하기,2,0.01
어르신,F,준비운동,누워서 다리 좌우로 움직이기,2,0.01
어르신,F,준비운동,누워서 공들고 몸 기울이기,2,0.01
어르신,F,준비운동,짐볼에 다리 올리고 엉덩이 들어올리기,2,0.01
어르신,F,준비운동,뛰어 내렸다가 바로 점프하기,2,0.01
어르신,F,준비운동,앉았다 일어나며 점프하기,2,0.01
어르신,F,준비운동,사이드 스텝,2,0.01
어르신,F,준비운동,누워서 덤벨 모아들기,2,0.01
어르신,F,준비운동,어깨 누르기,2,0.01
어르신,F,준비운동,누워 다리 들어올리기,2,0.01
어르신,F,준비운동,소머리 자세,2,0.01
어르신,F,준비운동,웨이트 트레이닝 루틴프로그램,2,0.01
어르신,F,준비운동,허리 굽혀 덤벨 뒤로 들기,2,0.01
어르신,F,준비운동,한 칸 건너뛰며 걷기,2,0.01
어르신,F,준비운동,한쪽 다리펴고 상체 숙이기,2,0.01
어르신,F,준비운동,전신 비틀며 전진하기,2,0.01
어르신,F,준비운동,다리 뻗어 올리기,2,0.01
어르신,F,준비운동,연속 사이드 스쿼드,2,0.01
어르신,F,준비운동,아쿠아로빅-물당기기/밀기,2,0.01
어르신,F,준비운동,아쿠아로빅-옆구리 늘리기,2,0.01
어르신,F,준비운동,아쿠아로빅-물누르기/올리기,2,0.01
어르신,F,준비운동,아쿠아로빅-엉덩관절 회전하기,2,0.01
어르신,F,준비운동,앉아서 팔꿈치 굽히기/펴기,2,0.01
어르신,F,준비운동,짐볼 양팔로 밀기,2,0.01
어르신,F,준비운동,스카프 저글링,2,0.01
어르신,F,준비운동,동물처럼 걸어요,2,0.01
어르신,F,준비운동,스카프 라인,1,0.0
어르신,F,준비운동,서서 다리 뒤로 차기,1,0.0
어르신,F,준비운동,짐볼에서 몸통 돌리기,1,0.0
어르신,F,준비운동,비스듬히 누워서 밀기,1,0.0
어르신,F,준비운동,거꾸로 누워서 밀기,1,0.0
어르신,F,준비운동,누워서 팔 밀기,1,0.0
어르신,F,준비운동,짐볼에서 윗몸 일으키기,1,0.0
어르신,F,준비운동,서서 바벨 위로 밀기,1,0.0
어르신,F,준비운동,목 굽힘/ 폄 II,1,0.0
어르신,F,준비운동,목 굽힘/ 폄 III,1,0.0
어르신,F,준비운동,콘운동 루틴프로그램,1,0.0
어르신,F,준비운동,메디신볼 운동 루틴프로그램,1,0.0
어르신,F,준비운동,허리 굽혀 덤벨 들기,1,0.0
어르신,F,준비운동,누워서 덤벨 들어올리기,1,0.0
어르신,F,준비운동,고정한 상태에서 덤벨 들고 팔꿈치 굽히기,1,0.0
어르신,F,준비운동,전사자세,1,0.0
어르신,F,준비운동,앉아서 뒤로 당기기,1,0.0
어르신,F,준비운동,물누르기/올리기,1,0.0
어르신,F,준비운동,몸 기울이기/회전하기,1,0.0
어르신,F,준비운동,소파를 이용한 윗몸올리기,1,0.0
어르신,F,준비운동,윗몸 일으키기,1,0.0
어르신,F,준비운동,팔꿈치 고정 후 벌리기,1,0.0
어르신,F,준비운동,앉았다 일어서며 팔 들어올리기,1,0.0
어르신,F,준비운동,의자 잡고 팔 뒤로 굽히기,1,0.0
어르신,F,준비운동,옆으로 팔 대고 버티기,1,0.0
어르신,F,준비운동,팔 구부려 등 모으기,1,0.0
어르신,F,준비운동,엎드려 무릎 당기기,1,0.0
어르신,F,준비운동,발 바꿔 뛰기,1,0.0
어르신,F,준비운동,점프 팔굽혀펴기,1,0.0
어르신,F,준비운동,다리모아 무릎 누르기,1,0.0
어르신,F,준비운동,누워 발목 당겨주기,1,0.0
어르신,F,준비운동,양발 교차하여 서서 몸통 숙이기,1,0.0
어르신,F,준비운동,서서 발목 뒤로 당기기,1,0.0
어르신,F,준비운동,바로서서 상체 숙이기,1,0.0
어르신,F,준비운동,볼 튕기면서 스쿼트,1,0.0
어르신,F,준비운동,종아리 사이 감아 돌리기,1,0.0
어르신,F,준비운동,메디신 볼 잡고 런지하며 상체비틀기,1,0.0
어르신,F,준비운동,볼 잡고 점프하기,1,0.0
어르신,F,준비운동,양발 교차 올리기,1,0.0
어르신,F,준비운동,짐볼 배에 대고 버티기,1,0.0
어르신,F,준비운동,짐볼 윗몸일으키기,1,0.0
어르신,F,준비운동,백 슬라이드,1,0.0
어르신,F,준비운동,허리 감아 볼 돌리기,1,0.0
어르신,F,준비운동,팔굽혀펴기(무릎대고 실시),1,0.0
어르신,F,준비운동,윗몸 말아 올리기,1,0.0
어르신,F,준비운동,매달려서 다리 들기,1,0.0
어르신,F,준비운동,팔 들어 올리며 런지,1,0.0
어르신,F,준비운동,누워서 머리 위로 팔꿈치 펴기,1,0.0
어르신,F,준비운동,꼬리를 떼어요,1,0.0
어르신,F,준비운동,줄넘기 해요,1,0.0
어르신,F,준비운동,앉아 윗몸 앞으로 굽히기,1,0.0
어르신,F,준비운동,앉아서 가슴 모으기,1,0.0
어르신,F,준비운동,아쿠아로빅-발 닿기,1,0.0
어르신,F,준비운동,아쿠아로빅-몸 기울이기/회전하기,1,0.0
어르신,F,준비운동,빌리보를 밀어요,1,0.0
어르신,F,준비운동,공을 옮겨요(옆),1,0.0
어르신,F,준비운동,후다닥 붙여요,1,0.0
어르신,F,준비운동,후다닥 집어요,1,0.0
어르신,F,준비운동,지그재그 달려요,1,0.0
어르신,F,준비운동,알록달록 공을 옮겨요,1,0.0
어르신,F,준비운동,알록달록 붙여요,1,0.0
어르신,F,준비운동,조심조심 걸어요,1,0.0
어르신,F,준비운동,점핑점핑해요,1,0.0
어르신,F,준비운동,엉금엉금 기어요,1,0.0
어르신,F,준비운동,딩딩링을 끼워요,1,0.0
어르신,F,본운동,고정식 자전거 타기,1987,3.64
어르신,F,본운동,벽에서 팔굽혀 펴기,1569,2.87
어르신,F,본운동,고정식 트레드밀에서 걷기,1536,2.81
어르신,F,본운동,몸통 들어올리기,1522,2.78
어르신,F,본운동,물통으로 양팔 들어올리기,961,1.76
어르신,F,본운동,짐볼 이용해 앉았다 일어서기,924,1.69
어르신,F,본운동,스텝박스,917,1.68
어르신,F,본운동,엉덩이 스트레칭,894,1.64
어르신,F,본운동,덤벨 잡고 앉았다 일어서기,876,1.6
어르신,F,본운동,엎드려 양팔 및 다리 들어올리기,846,1.55
어르신,F,본운동,덤벨 잡고 뒤꿈치 들기,817,1.49
어르신,F,본운동,스텝박스 오르내리기,812,1.49
어르신,F,본운동,수영,785,1.44
어르신,F,본운동,앉아서 다리 펴기,756,1.38
어르신,F,본운동,물속에서 걷기,749,1.37
어르신,F,본운동,아쿠아로빅,714,1.31
어르신,F,본운동,의자 이용 중심 잡기 루틴 운동,632,1.16
어르신,F,본운동,물병 들고 한발 앞으로 내밀고 앉았다 일어서기,605,1.11
어르신,F,본운동,앉아서 다리 밀기,601,1.1
어르신,F,본운동,목봉잡고 앉았다 일어나기,580,1.06
어르신,F,본운동,밴드 걸고 누워서 다리 들어올리기,560,1.02
어르신,F,본운동,옆구리 스트레칭,526,0.96
어르신,F,본운동,엎드려 버티기,523,0.96
어르신,F,본운동,엎드려서 다리 굽히기,522,0.96
어르신,F,본운동,실내 자전거타기,522,0.96
어르신,F,본운동,의자에 앉아 등 굽혔다 펴기,499,0.91
어르신,F,본운동,누워서 엉덩이 들어올리기,495,0.91
어르신,F,본운동,의자 앞에서 앉았다 일어서기,487,0.89
어르신,F,본운동,엎드려 뒤로 다리 올리기,473,0.87
어르신,F,본운동,덤벨 잡고 한발 내밀어 굽혔다 펴기,460,0.84
어르신,F,본운동,허리 스트레칭,457,0.84
어르신,F,본운동,누워서 전신 뻗기,445,0.81
어르신,F,본운동,공 잡고 들어올리기,432,0.79
어르신,F,본운동,넙다리 안쪽 스트레칭,428,0.78
어르신,F,본운동,윗몸올리기,428,0.78
어르신,F,본운동,밴드 걸고 앉아서 발등 굽힘,427,0.78
어르신,F,본운동,등/어깨 뒤쪽 스트레칭,427,0.78
어르신,F,본운동,한발 들기,426,0.78
어르신,F,본운동,앉았다 일어서기,418,0.76
어르신,F,본운동,넙다리 앞쪽 스트레칭,416,0.76
어르신,F,본운동,엉덩이 스트레칭2,399,0.73
어르신,F,본운동,바벨 잡고 들어올리기,386,0.71
어르신,F,본운동,플렉스 바 비틀기,379,0.69
어르신,F,본운동,걷기,369,0.68
어르신,F,본운동,목 스트레칭,366,0.67
어르신,F,본운동,발바닥 치기,364,0.67
어르신,F,본운동,밴드 걸고 엎드려서 다리 구부리기,352,0.64
어르신,F,본운동,트레드밀에서 걷기,351,0.64
어르신,F,본운동,깍지 끼고 상체 숙이기,341,0.62
어르신,F,본운동,균형 걷기,327,0.6
어르신,F,본운동,계단 올라갔다 내려오기,325,0.59
어르신,F,본운동,밴드 머리 뒤로 들어올리기,323,0.59
어르신,F,본운동,좌우로 선넘기,315,0.58
어르신,F,본운동,서서 상체 일으키기,311,0.57
어르신,F,본운동,밴드 걸고 옆으로 누워 다리 올리기,307,0.56
어르신,F,본운동,의자 잡고 후방으로 한발 뻗어 들기,281,0.51
어르신,F,본운동,앉아서 당겨 내리기,267,0.49
어르신,F,본운동,의자 앉아 다리로 짐볼 쥐기,267,0.49
어르신,F,본운동,어깨 뒤쪽 스트레칭,264,0.48
어르신,F,본운동,어깨 스트레칭,262,0.48
어르신,F,본운동,달리기,262,0.48
어르신,F,본운동,넙다리 뒤쪽 스트레칭,255,0.47
어르신,F,본운동,의자 잡고 한발 들기,253,0.46
어르신,F,본운동,몸통 비틀기,248,0.45
어르신,F,본운동,한발 앞으로 내밀고 앉았다 일어서기,247,0.45
어르신,F,본운동,대퇴이두근 스트레칭,246,0.45
어르신,F,본운동,사다리 이용 루틴 운동,235,0.43
어르신,F,본운동,앞뒤로 선넘기,234,0.43
어르신,F,본운동,앉아서 뒤로 당기기,233,0.43
어르신,F,본운동,밴드 잡고 몸통 옆으로 굽히기,230,0.42
어르신,F,본운동,앉아서 덤벨로 손목 굽히기,228,0.42
어르신,F,본운동,아래 팔 스트레칭,226,0.41
어르신,F,본운동,줄 따라 걷기,225,0.41
어르신,F,본운동,밴드 잡고 누워서 다리 밀기,224,0.41
어르신,F,본운동,서서 뒤꿈치 들기,224,0.41
어르신,F,본운동,회전근개 스트레칭,220,0.4
어르신,F,본운동,의자 이용하기,217,0.4
어르신,F,본운동,풍선차기,216,0.4
어르신,F,본운동,다리로 짐볼 들어올리기,213,0.39
어르신,F,본운동,의자 잡고 전방으로 무릎 굽혀 들기,210,0.38
어르신,F,본운동,짐볼에서 윗몸 일으키기,209,0.38
어르신,F,본운동,양팔 벌려 전신 비틀기,202,0.37
어르신,F,본운동,의자잡고 후방으로 무릎 굽혀 들기,202,0.37
어르신,F,본운동,하지 루틴 스트레칭1,202,0.37
어르신,F,본운동,배스트레칭,202,0.37
어르신,F,본운동,하지 루틴 스트레칭2,195,0.36
어르신,F,본운동,의자에 앉아 다리 뻗어 올리기,195,0.36
어르신,F,본운동,좌우 찍기,192,0.35
어르신,F,본운동,짐볼에서 엉덩이 돌리기,191,0.35
어르신,F,본운동,짐볼 앉아 중심 잡기 루틴 운동,185,0.34
어르신,F,본운동,고관절 스트레칭,182,0.33
어르신,F,본운동,서서 팔꿈치 펴기,182,0.33
어르신,F,본운동,팔굽혀펴기,181,0.33
어르신,F,본운동,줄넘기,180,0.33
어르신,F,본운동,골반 스트레칭,177,0.32
어르신,F,본운동,양발 나란히 서기,174,0.32
어르신,F,본운동,짐볼에서 몸통 돌리기,171,0.31
어르신,F,본운동,짐볼 들고 양옆으로 돌리기,170,0.31
어르신,F,본운동,실외 자전거타기,168,0.31
어르신,F,본운동,등 대고 대퇴이두근 스트레칭,166,0.3
어르신,F,본운동,앉아서 어깨 위로 밀기,165,0.3
어르신,F,본운동,옆으로 걷기,158,0.29
어르신,F,본운동,대퇴사두근 스트레칭,157,0.29
어르신,F,본운동,앉아서 팔꿈치 굽히기,157,0.29
어르신,F,본운동,베개 밟고 서기,155,0.28
어르신,F,본운동,볼 위에 앉아 밴드 양옆으로 당기기,150,0.27
어르신,F,본운동,앉아서 밴드 잡고 몸통 돌리기,145,0.27
어르신,F,본운동,배 스트레칭,138,0.25
어르신,F,본운동,내전근 스트레칭,136,0.25
어르신,F,본운동,풍선 튕기기,135,0.25
어르신,F,본운동,마주 앉아 대퇴이두근 스트레칭,132,0.24
어르신,F,본운동,두발모아 걷기,132,0.24
어르신,F,본운동,서서 다리로 탄력밴드 당겨 중심 잡기 루틴 운동,131,0.24
어르신,F,본운동,서서 다리 모으고 벌리기,130,0.24
어르신,F,본운동,엎드려서 팔 다리 들기,130,0.24
어르신,F,본운동,의자 잡고 측면으로 한발 들기,127,0.23
어르신,F,본운동,대퇴이두근 스트레칭2,125,0.23
어르신,F,본운동,누워서 공 뒤로 내리고 당기기,125,0.23
어르신,F,본운동,덤벨 잡고 몸통 옆으로 굽히기,124,0.23
어르신,F,본운동,전신 루틴 스트레칭,124,0.23
어르신,F,본운동,누워서 가슴 밀기,123,0.23
어르신,F,본운동,탄력밴드 걸고 서기,122,0.22
어르신,F,본운동,네발기기 자세로 팔 다리 들기,121,0.22
어르신,F,본운동,바벨 당겨 올리기,120,0.22
어르신,F,본운동,베개 밟고 측면으로 양팔 들기,118,0.22
어르신,F,본운동,한발 서서 균형잡기,117,0.21
어르신,F,본운동,하프콘 투호,109,0.2
어르신,F,본운동,몸통 앞으로 굽혀 걷기,107,0.2
어르신,F,본운동,상지 루틴 스트레칭,106,0.19
어르신,F,본운동,앉아서 가슴 모으기,104,0.19
어르신,F,본운동,의자 앉아 공 밀기,101,0.18
어르신,F,본운동,옆으로 누워 버티기,101,0.18
어르신,F,본운동,팔꿈치 굽히기,100,0.18
어르신,F,본운동,누워서 하늘 자전거,96,0.18
어르신,F,본운동,맨몸운동 루틴프로그램,96,0.18
어르신,F,본운동,허리 굽혀 팔 뒤로 들기,95,0.17
어르신,F,본운동,의자에 앉아 볼 돌리기,94,0.17
어르신,F,본운동,아쿠아로빅 운동 프로그램 루틴,94,0.17
어르신,F,본운동,의자 잡고 서기,93,0.17
어르신,F,본운동,짐볼 앉아 한발 들기,93,0.17
어르신,F,본운동,마주 앉아 대퇴이두근 스트레칭2,88,0.16
어르신,F,본운동,비복근 스트레칭,88,0.16
어르신,F,본운동,물병 옆으로 들어올리기,87,0.16
어르신,F,본운동,조깅,84,0.15
어르신,F,본운동,가슴/어깨 앞쪽 스트레칭,83,0.15
어르신,F,본운동,몸 앞으로 굽히기,82,0.15
어르신,F,본운동,앉아서 몸통 움츠리기,80,0.15
어르신,F,본운동,뒤꿈치 들기,80,0.15
어르신,F,본운동,가슴 스트레칭,79,0.14
어르신,F,본운동,누워서 다리 들어올리기,78,0.14
어르신,F,본운동,누워 다리 들어올리기,78,0.14
어르신,F,본운동,유산소 운동 전 동적 루틴 스트레칭,76,0.14
어르신,F,본운동,손목 펴기/굽히기,76,0.14
어르신,F,본운동,소파를 이용한 윗몸올리기,76,0.14
어르신,F,본운동,빠르게 걷기,76,0.14
어르신,F,본운동,앉아서 다리 모으기,75,0.14
어르신,F,본운동,골반 스트레칭2,72,0.13
어르신,F,본운동,척추 스트레칭,72,0.13
어르신,F,본운동,머리 위로 공 넘기기,72,0.13
어르신,F,본운동,서서 다리 뒤로 차기,72,0.13
어르신,F,본운동,앞뒤로 한발씩 걷기,71,0.13
어르신,F,본운동,앉아서 엉덩관절 굽히기,70,0.13
어르신,F,본운동,베개 밟고 두발 모아 서기,69,0.13
어르신,F,본운동,뒤로 팔굽혀펴기,69,0.13
어르신,F,본운동,앉아서 다리 벌리기,68,0.12
어르신,F,본운동,앉아서 밀기,67,0.12
어르신,F,본운동,누워서 다리 좌우로 움직이기,67,0.12
어르신,F,본운동,계단 뛰어 오르기,66,0.12
어르신,F,본운동,어깨 양 옆으로 돌리기,63,0.12
어르신,F,본운동,탄력밴드 전방으로 당기기,62,0.11
어르신,F,본운동,엎드려 한발 원 그리기,62,0.11
어르신,F,본운동,사다리 걷기,61,0.11
어르신,F,본운동,누워서 팔 다리 동시에 들어올리기,61,0.11
어르신,F,본운동,척추 들어올리기,61,0.11
어르신,F,본운동,탄력밴드 측면으로 당기기,60,0.11
어르신,F,본운동,저항밴드 운동 루틴프로그램,59,0.11
어르신,F,본운동,다리굽혀 허리 비틀기,59,0.11
어르신,F,본운동,다리자세,59,0.11
어르신,F,본운동,베개 밟고 교차 서기,57,0.1
어르신,F,본운동,짐볼 앉기,57,0.1
어르신,F,본운동,목 돌림 스트레칭,56,0.1
어르신,F,본운동,회전근개 스트레칭2,56,0.1
어르신,F,본운동,팔꿈치 맞닿아 원그리기,56,0.1
어르신,F,본운동,수건잡고 팔 들어올리기,55,0.1
어르신,F,본운동,수건 이용하여 장딴지 늘리기,55,0.1
어르신,F,본운동,아쿠아로빅-물당기기/밀기,53,0.1
어르신,F,본운동,탄력밴드 후방으로 당기기,53,0.1
어르신,F,본운동,발등굽힘/발바닥굽힘,53,0.1
어르신,F,본운동,옆으로 누워 폼롤러 굴려주기,52,0.1
어르신,F,본운동,복부 스트레칭,50,0.09
어르신,F,본운동,성화봉송,50,0.09
어르신,F,본운동,엎드려서 다리 차올리기,49,0.09
어르신,F,본운동,탄력밴드 후방 측면으로 당기기,48,0.09
어르신,F,본운동,베개 밟고 대각방향으로 서기,47,0.09
어르신,F,본운동,아쿠아로빅-엉덩관절 회전하기,47,0.09
어르신,F,본운동,아쿠아로빅-물누르기/올리기,44,0.08
어르신,F,본운동,옆으로 누워 가슴 열기,44,0.08
어르신,F,본운동,종아리 스트레칭,44,0.08
어르신,F,본운동,짐볼 앉아 몸통 돌리기,43,0.08
어르신,F,본운동,짐볼 앉아 뒤꿈치 들기,43,0.08
어르신,F,본운동,앉아서 다리 굽히기,43,0.08
어르신,F,본운동,스카프 저글링,41,0.08
어르신,F,본운동,전신 틀어 손벽 마주치기,40,0.07
어르신,F,본운동,덤벨 옆으로 들어올리기,40,0.07
어르신,F,본운동,좌식생활자를 위한 동적 루틴 스트레칭,40,0.07
어르신,F,본운동,폼롤러 밀며 몸 앞으로 숙이기,39,0.07
어르신,F,본운동,가슴/어깨 스트레칭,38,0.07
어르신,F,본운동,짐볼 양옆으로 굴리기,38,0.07
어르신,F,본운동,짐볼 옆에 두고 어깨 누르기,37,0.07
어르신,F,본운동,누워서 배가로근 수축 II,37,0.07
어르신,F,본운동,베개 밟고 위로 양팔 들기,36,0.07
어르신,F,본운동,무릎 높여 제자리 달리기,36,0.07
어르신,F,본운동,앉아서 위로 밀기,36,0.07
어르신,F,본운동,연속 사이드 스쿼드,36,0.07
어르신,F,본운동,발로 공주고 받기,35,0.06
어르신,F,본운동,발가락 폄근 스트레칭,35,0.06
어르신,F,본운동,스카프 라인,33,0.06
어르신,F,본운동,바벨 들어 팔꿈치 굽히기,33,0.06
어르신,F,본운동,한 칸 건너뛰며 걷기,32,0.06
어르신,F,본운동,스텝퍼 옆으로 뛰어넘기,32,0.06
어르신,F,본운동,짐볼 앞으로 밀기,31,0.06
어르신,F,본운동,턱걸이,31,0.06
어르신,F,본운동,스텝퍼 뛰어서 오르내리기,30,0.05
어르신,F,본운동,윗몸 말아 올리기,30,0.05
어르신,F,본운동,짐볼을 이용한 동적 루틴 스트레칭,30,0.05
어르신,F,본운동,등 스트레칭,29,0.05
어르신,F,본운동,스텝퍼 뛰어서 넘어가기,29,0.05
어르신,F,본운동,팔굽혀 펴기,29,0.05
어르신,F,본운동,아쿠아로빅-옆구리 늘리기,28,0.05
어르신,F,본운동,바벨 끌어당기기,28,0.05
어르신,F,본운동,버피운동,27,0.05
어르신,F,본운동,서서 다리로 탄력밴드 당기기 II,27,0.05
어르신,F,본운동,서서 바벨 위로 밀기,27,0.05
어르신,F,본운동,옆구리늘리기,27,0.05
어르신,F,본운동,짐볼 앉아 상체 숙이기,26,0.05
어르신,F,본운동,네발기기 자세에서 손바닥으로 바닥밀기,26,0.05
어르신,F,본운동,탄력밴드 어깨 가쪽 돌림,25,0.05
어르신,F,본운동,동적 스트레칭 루틴프로그램,24,0.04
어르신,F,본운동,팔다리 교차 버티기,24,0.04
어르신,F,본운동,작은 공을 이용한 동적 루틴 스트레칭,24,0.04
어르신,F,본운동,탄력밴드 무릎으로 당기기,23,0.04
어르신,F,본운동,네발기기 자세에서 다리 위로 뻗어올리기,23,0.04
어르신,F,본운동,서서 다리로 탄력밴드 당기기 I,22,0.04
어르신,F,본운동,누워서 수직으로 다리 들어올리기,22,0.04
어르신,F,본운동,자가근막이완술 루틴 스트레칭,21,0.04
어르신,F,본운동,짐볼 앉아 양손 측면으로 들기,21,0.04
어르신,F,본운동,폼롤러 앞으로 굴리기,20,0.04
어르신,F,본운동,앉아서 양팔 당기기,20,0.04
어르신,F,본운동,짐볼 앉아 한손 측면으로 들기,19,0.03
어르신,F,본운동,온 몸 뻗어주기,19,0.03
어르신,F,본운동,허리 굽혀 덤벨 들기,19,0.03
어르신,F,본운동,윗몸 일으키기,19,0.03
어르신,F,본운동,크런치 사이클,19,0.03
어르신,F,본운동,아쿠아로빅-발 닿기,18,0.03
어르신,F,본운동,웨이트 트레이닝 루틴프로그램,18,0.03
어르신,F,본운동,바벨들어올리기,18,0.03
어르신,F,본운동,서서 탄력밴드 당겨내리기/올리기,17,0.03
어르신,F,본운동,엎드려서 균형잡기,17,0.03
어르신,F,본운동,누워서 배가로근 수축 I,17,0.03
어르신,F,본운동,아쿠아로빅-몸 기울이기/회전하기,16,0.03
어르신,F,본운동,짐볼 양팔로 밀기,16,0.03
어르신,F,본운동,버피 테스트,16,0.03
어르신,F,본운동,손 뻗어 윗몸 일으키기,16,0.03
어르신,F,본운동,무릎굽혀 원 그리기,16,0.03
어르신,F,본운동,짐볼 운동 루틴프로그램,16,0.03
어르신,F,본운동,팔벌려뛰기,15,0.03
어르신,F,본운동,원판던지기,14,0.03
어르신,F,본운동,팔 벌려 뛰기,14,0.03
어르신,F,본운동,고정한 상태에서 덤벨 들고 팔꿈치 굽히기,14,0.03
어르신,F,본운동,밴드를 당겨요,14,0.03
어르신,F,본운동,계단 오르기,14,0.03
어르신,F,본운동,허리 굽혀 덤벨 뒤로 들기,13,0.02
어르신,F,본운동,바로서서 상체 숙이기,13,0.02
어르신,F,본운동,몸통 옆으로 굽히기,13,0.02
어르신,F,본운동,전완대고 버티기,13,0.02
어르신,F,본운동,한쪽 다리펴고 상체 숙이기,13,0.02
어르신,F,본운동,윗몸말아올리기,12,0.02
어르신,F,본운동,벽잡고 빨리 뛰기,12,0.02
어르신,F,본운동,영차영차 올라요,12,0.02
어르신,F,본운동,빌리보를 밀어요,12,0.02
어르신,F,본운동,짐볼 앉아 한발 내딛기,11,0.02
어르신,F,본운동,짐볼 앉아 양손 대각방향으로 들기,11,0.02
어르신,F,본운동,양팔 크게 벌리기,11,0.02
어르신,F,본운동,앞굽이 앉았다 일어서기,11,0.02
어르신,F,본운동,무릎 아래에서 양옆으로 굴리기,10,0.02
어르신,F,본운동,어깨 올리기,10,0.02
어르신,F,본운동,자전거타기,10,0.02
어르신,F,본운동,동물처럼 걸어요,10,0.02
어르신,F,본운동,앉아서 팔꿈치 굽히기/펴기,9,0.02
어르신,F,본운동,메디신 볼 잡고 런지하며 상체비틀기,9,0.02
어르신,F,본운동,양 손 번갈아 공 튀기기,9,0.02
어르신,F,본운동,공 위로 던지고 제자리 돌아 받기,9,0.02
어르신,F,본운동,줄넘기 해요,9,0.02
어르신,F,본운동,점핑점핑해요,9,0.02
어르신,F,본운동,스텝퍼 오르내리기,8,0.01
어르신,F,본운동,의자에 한 다리 올리고 앉앗다 일어서기,8,0.01
어르신,F,본운동,앉아서 모으기,8,0.01
어르신,F,본운동,줄넘기 운동,8,0.01
어르신,F,본운동,요가 및 필라테스 루틴프로그램,8,0.01
어르신,F,본운동,윗몸 말며 공을 전달해요,8,0.01
어르신,F,본운동,누워서 머리 위로 팔꿈치 펴기,7,0.01
어르신,F,본운동,서서 발목 누르기,7,0.01
어르신,F,본운동,누워서 팔 밀기,7,0.01
어르신,F,본운동,발 바꿔 뛰기,7,0.01
어르신,F,본운동,엎드려 팔다리 교차올리기,7,0.01
어르신,F,본운동,팔꿈치-무릎 교차 닿기,7,0.01
어르신,F,본운동,알을 낳아요,7,0.01
어르신,F,본운동,소방훈련 해요,7,0.01
어르신,F,본운동,짐볼 앉아 양 손 가슴 교차,6,0.01
어르신,F,본운동,앉았다 일어서면서 점프하기,6,0.01
어르신,F,본운동,상체 앞으로 숙이기,6,0.01
어르신,F,본운동,후다닥 집어요,6,0.01
어르신,F,본운동,힘차게 던져요,6,0.01
어르신,F,본운동,팔 교대로 올리기,5,0.01
어르신,F,본운동,누워서 공들고 몸 기울이기,5,0.01
어르신,F,본운동,바운딩 운동 루틴프로그램,5,0.01
어르신,F,본운동,목 당기기,5,0.01
어르신,F,본운동,짐볼 윗몸올리기,5,0.01
어르신,F,본운동,누워서 덤벨 들어올리기,5,0.01
어르신,F,본운동,누워서 덤벨 모아들기,5,0.01
어르신,F,본운동,누워서 밀기,5,0.01
어르신,F,본운동,정적 스트레칭 루틴프로그램,5,0.01
어르신,F,본운동,힘차게 맞춰요,5,0.01
어르신,F,본운동,매달려서 다리 들기,4,0.01
어르신,F,본운동,비스듬히 누워서 밀기,4,0.01
어르신,F,본운동,고양이 자세,4,0.01
어르신,F,본운동,서서 균형잡기,4,0.01
어르신,F,본운동,목 굽힘/ 폄 I,4,0.01
어르신,F,본운동,짐볼에 다리 올리고 좌우로 움직이기,4,0.01
어르신,F,본운동,콘운동 루틴프로그램,4,0.01
어르신,F,본운동,누워서 굽힌 다리 펴기,4,0.01
어르신,F,본운동,발 뒤꿈치 들어올리기,4,0.01
어르신,F,본운동,나비자세,4,0.01
어르신,F,본운동,다리 모아 상체 숙이기,4,0.01
어르신,F,본운동,꼬리를 떼어요,4,0.01
어르신,F,본운동,공을 옮겨요(옆),4,0.01
어르신,F,본운동,끌어요 당겨요,4,0.01
어르신,F,본운동,지그재그 달려요,4,0.01
어르신,F,본운동,알록달록 공을 옮겨요,4,0.01
어르신,F,본운동,후다닥 붙여요,4,0.01
어르신,F,본운동,낚시를 해요,4,0.01
어르신,F,본운동,딩딩링을 끼워요,4,0.01
어르신,F,본운동,엉덩관절 회전하기,4,0.01
어르신,F,본운동,엎드려 무릎 연속 차기,4,0.01
어르신,F,본운동,우리 모두 다같이,4,0.01
어르신,F,본운동,무릎 당겨올리기,3,0.01
어르신,F,본운동,서서 발목 뒤로 당기기,3,0.01
어르신,F,본운동,양발 교차 올리기,3,0.01
어르신,F,본운동,백 슬라이드,3,0.01
어르신,F,본운동,짐볼 윗몸일으키기,3,0.01
어르신,F,본운동,다리뻗어 상체 숙이기,3,0.01
어르신,F,본운동,양발 교차하여 서서 몸통 숙이기,3,0.01
어르신,F,본운동,옆으로 굽히기,3,0.01
어르신,F,본운동,발에 밴드걸고 윗몸일으키기,3,0.01
어르신,F,본운동,복식호흡,3,0.01
어르신,F,본운동,짐볼에 다리 올리고 엉덩이 들어올리기,3,0.01
어르신,F,본운동,엎드려 상체 들어올리기,3,0.01
어르신,F,본운동,무릎 굽혀 가슴 닿기,3,0.01
어르신,F,본운동,다리 벌려 앞으로 상체 숙이기,3,0.01
어르신,F,본운동,공을 옮겨요(앞),3,0.01
어르신,F,본운동,뽁뽁이를 눌러요,3,0.01
어르신,F,본운동,엉금엉금 기어요,3,0.01
어르신,F,본운동,제자리 뛰기,3,0.01
어르신,F,본운동,인사 체조,3,0.01
어르신,F,본운동,사다리 옆으로 발 옮기기,2,0.0
어르신,F,본운동,사다리 좌우 뛰기,2,0.0
어르신,F,본운동,사다리 안팎 뛰기,2,0.0
어르신,F,본운동,앉아서 무릎 굽히기,2,0.0
어르신,F,본운동,다리모아 무릎 누르기,2,0.0
어르신,F,본운동,한 발 뒤로 들어올리기,2,0.0
어르신,F,본운동,다리 교대로 들어올리기,2,0.0
어르신,F,본운동,겨드랑이 늘리기,2,0.0
어르신,F,본운동,엉덩이 늘리기,2,0.0
어르신,F,본운동,서서 어깨 들어올리기,2,0.0
어르신,F,본운동,누워 무릎 교차 올리기,2,0.0
어르신,F,본운동,목 돌리기,2,0.0
어르신,F,본운동,앉았다 일어서며 팔 들어올리기,2,0.0
어르신,F,본운동,목 굽힘/ 폄 II,2,0.0
어르신,F,본운동,V자 싸이클,2,0.0
어르신,F,본운동,짐볼에 엎드려서 팔 다리 들기,2,0.0
어르신,F,본운동,짐볼에 엎드려서 몸통 젖히기,2,0.0
어르신,F,본운동,박스 운동 루틴프로그램,2,0.0
어르신,F,본운동,사다리 운동 루틴프로그램,2,0.0
어르신,F,본운동,사이드 스텝 점프하기,2,0.0
어르신,F,본운동,한발로 점프하기,2,0.0
어르신,F,본운동,다리 넓게 벌려 앉았다 일어서기,2,0.0
어르신,F,본운동,앉아서 상체 앞 옆으로 기울기,2,0.0
어르신,F,본운동,앉아서 밴드 당기기,2,0.0
어르신,F,본운동,전후 교차 뛰기,2,0.0
어르신,F,본운동,앉았다 일어나며 점프하기,2,0.0
어르신,F,본운동,종아리 사이 감아 돌리기,2,0.0
어르신,F,본운동,발 끝 당기기,2,0.0
어르신,F,본운동,앞발 들어올리기,2,0.0
어르신,F,본운동,발목 얹고 다리 잡아당기기,2,0.0
어르신,F,본운동,한 발 뒤로 빼고 앞으로 굽히기,2,0.0
어르신,F,본운동,앉아 윗몸 앞으로 굽히기,2,0.0
어르신,F,본운동,밸런스 보드에 서요,2,0.0
어르신,F,본운동,앉아서 다리 올리기,2,0.0
어르신,F,본운동,물당기기/밀기,2,0.0
어르신,F,본운동,왜가리 자세,2,0.0
어르신,F,본운동,앉아서 한 발 앞으로 굽히기,2,0.0
어르신,F,본운동,후굴자세 해봐요,2,0.0
어르신,F,본운동,뒤로 팔 뻗기,1,0.0
어르신,F,본운동,양발 벌려 무릎 밀어내기,1,0.0
어르신,F,본운동,가슴 어깨 펴기,1,0.0
어르신,F,본운동,무릎 들어올리기,1,0.0
어르신,F,본운동,누워 발목 당겨주기,1,0.0
어르신,F,본운동,어깨 누르기,1,0.0
어르신,F,본운동,무릎당겨 다리 올리기,1,0.0
어르신,F,본운동,서서 균형잡으며 몸통 회전하기,1,0.0
어르신,F,본운동,팔꿈치 원 그리기,1,0.0
어르신,F,본운동,반달자세,1,0.0
어르신,F,본운동,누워 한발 원 그리기,1,0.0
어르신,F,본운동,빠르게 무릎들어 뛰기,1,0.0
어르신,F,본운동,계단 두발 뛰기,1,0.0
어르신,F,본운동,짐볼 전완대고 버티기,1,0.0
어르신,F,본운동,짐볼 배에 대고 버티기,1,0.0
어르신,F,본운동,파워클린,1,0.0
어르신,F,본운동,팔굽혀펴기(무릎대고 실시),1,0.0
어르신,F,본운동,매달려서 뒤로 팔굽혀 펴기,1,0.0
어르신,F,본운동,런지하며 상체 비틀기,1,0.0
어르신,F,본운동,발 닿기,1,0.0
어르신,F,본운동,몸 기울이기/회전하기,1,0.0
어르신,F,본운동,의자 잡고 반복 옆 뛰기,1,0.0
어르신,F,본운동,한발 연속 뛰기,1,0.0
어르신,F,본운동,사이드 지그재그 뛰기,1,0.0
어르신,F,본운동,제자리 멀리 뛰기,1,0.0
어르신,F,본운동,아령 앞으로 들어올리기,1,0.0
어르신,F,본운동,아령 뒤로 들어올리기,1,0.0
어르신,F,본운동,의자 잡고 팔 뒤로 굽히기,1,0.0
어르신,F,본운동,밴드 앞 옆으로 들어올리기,1,0.0
어르신,F,본운동,밴드 어깨 뒤로 들어올리기,1,0.0
어르신,F,본운동,의자에 앉아 옆구리 숙이기,1,0.0
어르신,F,본운동,다리 굽혀(W자) 상체 뒤로 눕기,1,0.0
어르신,F,본운동,다리 꼬아 상체 앞으로 숙이기,1,0.0
어르신,F,본운동,다리 벌려 옆으로 상체 숙이기,1,0.0
어르신,F,본운동,발바닥 마주대고 끌어당기기,1,0.0
어르신,F,본운동,교차 다리 굽히기,1,0.0
어르신,F,본운동,팔 들어 올리며 런지,1,0.0
어르신,F,본운동,다리 뻗어 올리기,1,0.0
어르신,F,본운동,뛰어 내렸다가 바로 점프하기,1,0.0
어르신,F,본운동,연속 무릎 올리기,1,0.0
어르신,F,본운동,반복 옆뛰기,1,0.0
어르신,F,본운동,몸통 스트레칭,1,0.0
어르신,F,본운동,공 받고 던져요,1,0.0
어르신,F,본운동,조심조심 걸어요,1,0.0
어르신,F,본운동,지게발 걸어요,1,0.0
어르신,F,본운동,알록달록 붙여요,1,0.0
어르신,F,본운동,무릎 굽혀 엉덩이 들어올리기,1,0.0
어르신,F,본운동,아기자세,1,0.0
어르신,F,본운동,휴식자세,1,0.0
어르신,F,본운동,의자에 앉아 물병 들고 몸통 돌리기,1,0.0
어르신,F,본운동,왕복달리기,1,0.0
어르신,F,정리운동,전신 루틴 스트레칭,1120,7.0
어르신,F,정리운동,엉덩이 스트레칭,1022,6.39
어르신,F,정리운동,넙다리 안쪽 스트레칭,606,3.79
어르신,F,정리운동,대퇴사두근 스트레칭,563,3.52
어르신,F,정리운동,목 스트레칭,484,3.02
어르신,F,정리운동,넙다리 앞쪽 스트레칭,479,2.99
어르신,F,정리운동,엉덩이 스트레칭2,451,2.82
어르신,F,정리운동,누워서 전신 뻗기,446,2.79
어르신,F,정리운동,몸통 비틀기,436,2.72
어르신,F,정리운동,등/어깨 뒤쪽 스트레칭,434,2.71
어르신,F,정리운동,옆구리 스트레칭,432,2.7
어르신,F,정리운동,하지 루틴 스트레칭2,432,2.7
어르신,F,정리운동,허리 스트레칭,389,2.43
어르신,F,정리운동,상지 루틴 스트레칭,364,2.27
어르신,F,정리운동,하지 루틴 스트레칭1,356,2.22
어르신,F,정리운동,어깨 스트레칭,341,2.13
어르신,F,정리운동,가슴 스트레칭,329,2.06
어르신,F,정리운동,골반 스트레칭,322,2.01
어르신,F,정리운동,고정식 자전거 타기,308,1.92
어르신,F,정리운동,종아리 스트레칭,302,1.89
어르신,F,정리운동,깍지 끼고 상체 숙이기,295,1.84
어르신,F,정리운동,고관절 스트레칭,294,1.84
어르신,F,정리운동,내전근 스트레칭,288,1.8
어르신,F,정리운동,회전근개 스트레칭,283,1.77
어르신,F,정리운동,대퇴이두근 스트레칭,261,1.63
어르신,F,정리운동,아래 팔 스트레칭,213,1.33
어르신,F,정리운동,정적 스트레칭 루틴프로그램,205,1.28
어르신,F,정리운동,어깨 뒤쪽 스트레칭,203,1.27
어르신,F,정리운동,가슴/어깨 스트레칭,186,1.16
어르신,F,정리운동,양팔 벌려 전신 비틀기,182,1.14
어르신,F,정리운동,몸 앞으로 굽히기,180,1.12
어르신,F,정리운동,등 대고 대퇴이두근 스트레칭,179,1.12
어르신,F,정리운동,넙다리 뒤쪽 스트레칭,171,1.07
어르신,F,정리운동,골반 스트레칭2,165,1.03
어르신,F,정리운동,마주 앉아 대퇴이두근 스트레칭,163,1.02
어르신,F,정리운동,배 스트레칭,157,0.98
어르신,F,정리운동,고정식 트레드밀에서 걷기,145,0.91
어르신,F,정리운동,걷기,136,0.85
어르신,F,정리운동,마주 앉아 대퇴이두근 스트레칭2,132,0.82
어르신,F,정리운동,비복근 스트레칭,130,0.81
어르신,F,정리운동,대퇴이두근 스트레칭2,120,0.75
어르신,F,정리운동,전신 틀어 손벽 마주치기,105,0.66
어르신,F,정리운동,배스트레칭,100,0.62
어르신,F,정리운동,척추 스트레칭,97,0.61
어르신,F,정리운동,실내 자전거타기,97,0.61
어르신,F,정리운동,발가락 폄근 스트레칭,91,0.57
어르신,F,정리운동,트레드밀에서 걷기,85,0.53
어르신,F,정리운동,몸통 앞으로 굽혀 걷기,74,0.46
어르신,F,정리운동,목 돌림 스트레칭,70,0.44
어르신,F,정리운동,어깨 양 옆으로 돌리기,69,0.43
어르신,F,정리운동,팔꿈치 맞닿아 원그리기,64,0.4
어르신,F,정리운동,등 스트레칭,62,0.39
어르신,F,정리운동,물속에서 걷기,59,0.37
어르신,F,정리운동,스텝박스 오르내리기,54,0.34
어르신,F,정리운동,팔 교대로 올리기,53,0.33
어르신,F,정리운동,옆으로 누워 가슴 열기,48,0.3
어르신,F,정리운동,스텝박스,45,0.28
어르신,F,정리운동,복부 스트레칭,45,0.28
어르신,F,정리운동,폼롤러 밀며 몸 앞으로 숙이기,39,0.24
어르신,F,정리운동,자가근막이완술 루틴 스트레칭,39,0.24
어르신,F,정리운동,수영,36,0.22
어르신,F,정리운동,아쿠아로빅,35,0.22
어르신,F,정리운동,짐볼 앞으로 밀기,32,0.2
어르신,F,정리운동,달리기,27,0.17
어르신,F,정리운동,어깨 올리기,26,0.16
어르신,F,정리운동,가슴/어깨 앞쪽 스트레칭,24,0.15
어르신,F,정리운동,의자잡고 후방으로 무릎 굽혀 들기,24,0.15
어르신,F,정리운동,유산소 운동 전 동적 루틴 스트레칭,22,0.14
어르신,F,정리운동,짐볼 옆에 두고 어깨 누르기,20,0.12
어르신,F,정리운동,엎드려서 팔 다리 들기,19,0.12
어르신,F,정리운동,의자 이용 중심 잡기 루틴 운동,19,0.12
어르신,F,정리운동,흔들어 체조,19,0.12
어르신,F,정리운동,팔다리 교차 버티기,18,0.11
어르신,F,정리운동,누워서 하늘 자전거,18,0.11
어르신,F,정리운동,목 굽힘/ 폄 I,18,0.11
어르신,F,정리운동,목 굽힘/ 폄 II,18,0.11
어르신,F,정리운동,목 굽힘/ 폄 III,18,0.11
어르신,F,정리운동,후굴자세 해봐요,18,0.11
어르신,F,정리운동,폼롤러 앞으로 굴리기,17,0.11
어르신,F,정리운동,회전근개 스트레칭2,16,0.1
어르신,F,정리운동,발바닥 치기,16,0.1
어르신,F,정리운동,거북이 스트레칭,15,0.09
어르신,F,정리운동,동적 스트레칭 루틴프로그램,14,0.09
어르신,F,정리운동,무릎 아래에서 양옆으로 굴리기,14,0.09
어르신,F,정리운동,옆으로 누워 폼롤러 굴려주기,14,0.09
어르신,F,정리운동,양발 나란히 서기,13,0.08
어르신,F,정리운동,베개 밟고 서기,12,0.07
어르신,F,정리운동,휴식자세,11,0.07
어르신,F,정리운동,짐볼 양팔로 밀기,11,0.07
어르신,F,정리운동,계단 올라갔다 내려오기,10,0.06
어르신,F,정리운동,사다리 걷기,10,0.06
어르신,F,정리운동,짐볼 양옆으로 굴리기,10,0.06
어르신,F,정리운동,의자 잡고 후방으로 한발 뻗어 들기,10,0.06
어르신,F,정리운동,의자에 앉아 등 굽혔다 펴기,9,0.06
어르신,F,정리운동,옆으로 걷기,9,0.06
어르신,F,정리운동,앉아서 다리 펴기,8,0.05
어르신,F,정리운동,균형 걷기,8,0.05
어르신,F,정리운동,좌식생활자를 위한 동적 루틴 스트레칭,8,0.05
어르신,F,정리운동,짐볼 앉아 한발 내딛기,8,0.05
어르신,F,정리운동,짐볼 앉아 양손 대각방향으로 들기,8,0.05
어르신,F,정리운동,두발모아 걷기,8,0.05
어르신,F,정리운동,앉았다 일어서기,7,0.04
어르신,F,정리운동,조깅,7,0.04
어르신,F,정리운동,의자 잡고 측면으로 한발 들기,7,0.04
어르신,F,정리운동,누워서 굽힌 다리 펴기,7,0.04
어르신,F,정리운동,앉아서 다리 밀기,6,0.04
어르신,F,정리운동,줄 따라 걷기,6,0.04
어르신,F,정리운동,짐볼 앉아 뒤꿈치 들기,6,0.04
어르신,F,정리운동,짐볼 앉아 상체 숙이기,6,0.04
어르신,F,정리운동,짐볼 앉기,6,0.04
어르신,F,정리운동,몸통 들어올리기,6,0.04
어르신,F,정리운동,한 칸 건너뛰며 걷기,6,0.04
어르신,F,정리운동,엎드려 양팔 및 다리 들어올리기,6,0.04
어르신,F,정리운동,밴드 잡고 몸통 옆으로 굽히기,6,0.04
어르신,F,정리운동,한발 들기,5,0.03
어르신,F,정리운동,베개 밟고 측면으로 양팔 들기,5,0.03
어르신,F,정리운동,짐볼 앉아 한발 들기,5,0.03
어르신,F,정리운동,짐볼 앉아 양손 측면으로 들기,5,0.03
어르신,F,정리운동,짐볼 앉아 한손 측면으로 들기,5,0.03
어르신,F,정리운동,짐볼 앉아 몸통 돌리기,5,0.03
어르신,F,정리운동,짐볼 앉아 양 손 가슴 교차,5,0.03
어르신,F,정리운동,앞뒤로 선넘기,5,0.03
어르신,F,정리운동,좌우로 선넘기,5,0.03
어르신,F,정리운동,풍선 튕기기,5,0.03
어르신,F,정리운동,요가 및 필라테스 루틴프로그램,5,0.03
어르신,F,정리운동,의자 잡고 한발 들기,5,0.03
어르신,F,정리운동,의자 잡고 전방으로 무릎 굽혀 들기,5,0.03
어르신,F,정리운동,밴드 머리 뒤로 들어올리기,5,0.03
어르신,F,정리운동,덤벨 잡고 뒤꿈치 들기,5,0.03
어르신,F,정리운동,앉아서 밴드 잡고 몸통 돌리기,5,0.03
어르신,F,정리운동,베개 밟고 두발 모아 서기,4,0.02
어르신,F,정리운동,의자 앞에서 앉았다 일어서기,4,0.02
어르신,F,정리운동,작은 공을 이용한 동적 루틴 스트레칭,4,0.02
어르신,F,정리운동,목봉잡고 앉았다 일어나기,4,0.02
어르신,F,정리운동,공 잡고 들어올리기,4,0.02
어르신,F,정리운동,서서 다리 모으고 벌리기,3,0.02
어르신,F,정리운동,의자 잡고 서기,3,0.02
어르신,F,정리운동,머리 위로 공 넘기기,3,0.02
어르신,F,정리운동,베개 밟고 위로 양팔 들기,3,0.02
어르신,F,정리운동,베개 밟고 교차 서기,3,0.02
어르신,F,정리운동,아쿠아로빅-몸 기울이기/회전하기,3,0.02
어르신,F,정리운동,아쿠아로빅 운동 프로그램 루틴,3,0.02
어르신,F,정리운동,물통으로 양팔 들어올리기,3,0.02
어르신,F,정리운동,앉은 산 자세,3,0.02
어르신,F,정리운동,양발 벌려 무릎 밀어내기,3,0.02
어르신,F,정리운동,고양이 자세,3,0.02
어르신,F,정리운동,서서 발목 뒤로 당기기,3,0.02
어르신,F,정리운동,앞굽이 앉았다 일어서기,3,0.02
어르신,F,정리운동,연속 사이드 스쿼드,3,0.02
어르신,F,정리운동,앉아서 다리 굽히기,3,0.02
어르신,F,정리운동,의자 앉아 공 밀기,3,0.02
어르신,F,정리운동,베개 밟고 대각방향으로 서기,2,0.01
어르신,F,정리운동,탄력밴드 후방 측면으로 당기기,2,0.01
어르신,F,정리운동,탄력밴드 후방으로 당기기,2,0.01
어르신,F,정리운동,아쿠아로빅-물당기기/밀기,2,0.01
어르신,F,정리운동,아쿠아로빅-옆구리 늘리기,2,0.01
어르신,F,정리운동,아쿠아로빅-물누르기/올리기,2,0.01
어르신,F,정리운동,의자 이용하기,2,0.01
어르신,F,정리운동,짐볼을 이용한 동적 루틴 스트레칭,2,0.01
어르신,F,정리운동,줄넘기,2,0.01
어르신,F,정리운동,다리들어 옆으로 올리기,2,0.01
어르신,F,정리운동,무릎굽혀 원 그리기,2,0.01
어르신,F,정리운동,자전거타기,2,0.01
어르신,F,정리운동,의자에 앉아 볼 돌리기,2,0.01
어르신,F,정리운동,뒤꿈치 들기,2,0.01
어르신,F,정리운동,앉아서 덤벨로 손목 굽히기,2,0.01
어르신,F,정리운동,플렉스 바 비틀기,2,0.01
어르신,F,정리운동,엎드려서 다리 굽히기,2,0.01
어르신,F,정리운동,서서 팔꿈치 펴기,2,0.01
어르신,F,정리운동,앞뒤로 한발씩 걷기,2,0.01
어르신,F,정리운동,탄력밴드 걸고 서기,2,0.01
어르신,F,정리운동,끌어요 당겨요,2,0.01
어르신,F,정리운동,짐볼에서 몸통 돌리기,2,0.01
어르신,F,정리운동,덤벨 잡고 앉았다 일어서기,2,0.01
어르신,F,정리운동,밴드 걸고 옆으로 누워 다리 올리기,2,0.01
어르신,F,정리운동,뽁뽁이를 눌러요,2,0.01
어르신,F,정리운동,탄력밴드 무릎으로 당기기,1,0.01
어르신,F,정리운동,탄력밴드 전방으로 당기기,1,0.01
어르신,F,정리운동,의자에 앉아 다리 뻗어 올리기,1,0.01
어르신,F,정리운동,서서 다리로 탄력밴드 당기기 I,1,0.01
어르신,F,정리운동,서서 다리로 탄력밴드 당기기 II,1,0.01
어르신,F,정리운동,윗몸올리기,1,0.01
어르신,F,정리운동,엎드려 버티기,1,0.01
어르신,F,정리운동,아쿠아로빅-엉덩관절 회전하기,1,0.01
어르신,F,정리운동,아쿠아로빅-발 닿기,1,0.01
어르신,F,정리운동,물병 들고 한발 앞으로 내밀고 앉았다 일어서기,1,0.01
어르신,F,정리운동,서서 뒤꿈치 들기,1,0.01
어르신,F,정리운동,옆구리늘리기,1,0.01
어르신,F,정리운동,실외 자전거타기,1,0.01
어르신,F,정리운동,전사자세,1,0.01
어르신,F,정리운동,복식호흡,1,0.01
어르신,F,정리운동,밴드 걸고 앉아서 발등 굽힘,1,0.01
어르신,F,정리운동,짐볼 들고 양옆으로 돌리기,1,0.01
어르신,F,정리운동,좌우 찍기,1,0.01
어르신,F,정리운동,겨드랑이 늘리기,1,0.01
어르신,F,정리운동,어깨 누르기,1,0.01
어르신,F,정리운동,목 돌리기,1,0.01
어르신,F,정리운동,무릎 굽혀 가슴 닿기,1,0.01
어르신,F,정리운동,밸런스 볼에 서요,1,0.01
어르신,F,정리운동,지게발 걸어요,1,0.01
어르신,F,정리운동,벽에서 팔굽혀 펴기,1,0.01
어르신,F,정리운동,누워서 가슴 밀기,1,0.01
어르신,F,정리운동,사다리 이용 루틴 운동,1,0.01
어르신,F,정리운동,스카프 저글링,1,0.01
어르신,F,정리운동,하프콘 투호,1,0.01
어르신,F,정리운동,소방훈련 해요,1,0.01
어르신,F,정리운동,우리 모두 다같이,1,0.01
어르신,F,정리운동,인사 체조,1,0.01
어르신,F,정리운동,발목 얹고 다리 잡아당기기,1,0.01
어르신,F,정리운동,짐볼 이용해 앉았다 일어서기,1,0.01
어르신,F,정리운동,밴드 걸고 엎드려서 다리 구부리기,1,0.01
어르신,F,정리운동,엉금엉금 기어요,1,0.01
어르신,F,정리운동,딩딩링을 끼워요,1,0.01
어르신,F,정리운동,윗몸 말며 공을 전달해요,1,0.01
어르신,F,정리운동,앉아서 당겨 내리기,1,0.01
어르신,F,정리운동,앉아서 가슴 모으기,1,0.01
어르신,F,정리운동,풍선차기,1,0.01
어르신,F,정리운동,짐볼 앉아 중심 잡기 루틴 운동,1,0.01
어르신,F,정리운동,밴드 잡고 누워서 다리 밀기,1,0.01
어르신,F,정리운동,앉아서 몸통 움츠리기,1,0.01
어르신,F,정리운동,덤벨 잡고 한발 내밀어 굽혔다 펴기,1,0.01
어르신,F,정리운동,의자 앉아 다리로 짐볼 쥐기,1,0.01
어르신,F,정리운동,점핑점핑해요,1,0.01
어르신,F,정리운동,줄넘기 해요,1,0.01
어르신,F,정리운동,알을 낳아요,1,0.01
어르신,F,정리운동,엎드려 뒤로 다리 올리기,1,0.01
어르신,F,정리운동,서서 다리로 탄력밴드 당겨 중심 잡기 루틴 운동,1,0.01
어르신,F,정리운동,짐볼에서 엉덩이 돌리기,1,0.01
어르신,F,정리운동,짐볼에서 윗몸 일으키기,1,0.01
어르신,F,정리운동,다리로 짐볼 들어올리기,1,0.01
어르신,F,정리운동,누워서 공 뒤로 내리고 당기기,1,0.01
어르신,M,준비운동,엉덩이 스트레칭,884,4.66
어르신,M,준비운동,등/어깨 뒤쪽 스트레칭,866,4.57
어르신,M,준비운동,전신 루틴 스트레칭,794,4.19
어르신,M,준비운동,목 스트레칭,768,4.05
어르신,M,준비운동,어깨 스트레칭,542,2.86
어르신,M,준비운동,깍지 끼고 상체 숙이기,499,2.63
어르신,M,준비운동,몸통 비틀기,486,2.56
어르신,M,준비운동,어깨 뒤쪽 스트레칭,482,2.54
어르신,M,준비운동,하지 루틴 스트레칭1,449,2.37
어르신,M,준비운동,유산소 운동 전 동적 루틴 스트레칭,443,2.34
어르신,M,준비운동,상지 루틴 스트레칭,431,2.27
어르신,M,준비운동,넙다리 안쪽 스트레칭,421,2.22
어르신,M,준비운동,허리 스트레칭,417,2.2
어르신,M,준비운동,아래 팔 스트레칭,385,2.03
어르신,M,준비운동,옆구리 스트레칭,384,2.03
어르신,M,준비운동,엉덩이 스트레칭2,353,1.86
어르신,M,준비운동,고관절 스트레칭,337,1.78
어르신,M,준비운동,대퇴사두근 스트레칭,322,1.7
어르신,M,준비운동,넙다리 앞쪽 스트레칭,307,1.62
어르신,M,준비운동,누워서 전신 뻗기,302,1.59
어르신,M,준비운동,걷기,299,1.58
어르신,M,준비운동,양팔 벌려 전신 비틀기,297,1.57
어르신,M,준비운동,고정식 트레드밀에서 걷기,290,1.53
어르신,M,준비운동,하지 루틴 스트레칭2,276,1.46
어르신,M,준비운동,고정식 자전거 타기,266,1.4
어르신,M,준비운동,대퇴이두근 스트레칭,252,1.33
어르신,M,준비운동,가슴 스트레칭,251,1.32
어르신,M,준비운동,의자 잡고 후방으로 한발 뻗어 들기,242,1.28
어르신,M,준비운동,등 대고 대퇴이두근 스트레칭,220,1.16
어르신,M,준비운동,내전근 스트레칭,209,1.1
어르신,M,준비운동,스텝박스,201,1.06
어르신,M,준비운동,골반 스트레칭,173,0.91
어르신,M,준비운동,팔꿈치 맞닿아 원그리기,172,0.91
어르신,M,준비운동,의자잡고 후방으로 무릎 굽혀 들기,167,0.88
어르신,M,준비운동,가슴/어깨 앞쪽 스트레칭,158,0.83
어르신,M,준비운동,넙다리 뒤쪽 스트레칭,155,0.82
어르신,M,준비운동,회전근개 스트레칭,154,0.81
어르신,M,준비운동,배 스트레칭,147,0.78
어르신,M,준비운동,스텝박스 오르내리기,145,0.76
어르신,M,준비운동,목 돌림 스트레칭,144,0.76
어르신,M,준비운동,동적 스트레칭 루틴프로그램,135,0.71
어르신,M,준비운동,의자 잡고 전방으로 무릎 굽혀 들기,119,0.63
어르신,M,준비운동,실내 자전거타기,115,0.61
어르신,M,준비운동,배스트레칭,113,0.6
어르신,M,준비운동,마주 앉아 대퇴이두근 스트레칭,113,0.6
어르신,M,준비운동,물속에서 걷기,107,0.56
어르신,M,준비운동,자가근막이완술 루틴 스트레칭,98,0.52
어르신,M,준비운동,몸통 앞으로 굽혀 걷기,96,0.51
어르신,M,준비운동,비복근 스트레칭,95,0.5
어르신,M,준비운동,트레드밀에서 걷기,90,0.47
어르신,M,준비운동,종아리 스트레칭,89,0.47
어르신,M,준비운동,정적 스트레칭 루틴프로그램,87,0.46
어르신,M,준비운동,대퇴이두근 스트레칭2,85,0.45
어르신,M,준비운동,의자 이용 중심 잡기 루틴 운동,78,0.41
어르신,M,준비운동,골반 스트레칭2,69,0.36
어르신,M,준비운동,덤벨 잡고 앉았다 일어서기,64,0.34
어르신,M,준비운동,몸 앞으로 굽히기,62,0.33
어르신,M,준비운동,앉았다 일어서기,61,0.32
어르신,M,준비운동,발가락 폄근 스트레칭,59,0.31
어르신,M,준비운동,계단 올라갔다 내려오기,57,0.3
어르신,M,준비운동,마주 앉아 대퇴이두근 스트레칭2,56,0.3
어르신,M,준비운동,아쿠아로빅,54,0.28
어르신,M,준비운동,가슴/어깨 스트레칭,53,0.28
어르신,M,준비운동,몸통 들어올리기,52,0.27
어르신,M,준비운동,무릎 높여 제자리 달리기,52,0.27
어르신,M,준비운동,앉아서 밴드 잡고 몸통 돌리기,48,0.25
어르신,M,준비운동,달리기,48,0.25
어르신,M,준비운동,짐볼을 이용한 동적 루틴 스트레칭,48,0.25
어르신,M,준비운동,어깨 양 옆으로 돌리기,46,0.24
어르신,M,준비운동,베개 밟고 서기,45,0.24
어르신,M,준비운동,수영,44,0.23
어르신,M,준비운동,의자에 앉아 다리 뻗어 올리기,41,0.22
어르신,M,준비운동,엎드려 버티기,40,0.21
어르신,M,준비운동,좌식생활자를 위한 동적 루틴 스트레칭,40,0.21
어르신,M,준비운동,발목 돌리기,39,0.21
어르신,M,준비운동,조깅,39,0.21
어르신,M,준비운동,한발 앞으로 내밀고 앉았다 일어서기,37,0.2
어르신,M,준비운동,팔벌려뛰기,34,0.18
어르신,M,준비운동,의자 앞에서 앉았다 일어서기,33,0.17
어르신,M,준비운동,거북이 스트레칭,32,0.17
어르신,M,준비운동,윗몸올리기,31,0.16
어르신,M,준비운동,벽에서 팔굽혀 펴기,31,0.16
어르신,M,준비운동,앉아서 다리 펴기,30,0.16
어르신,M,준비운동,척추 스트레칭,29,0.15
어르신,M,준비운동,짐볼 앉아 양손 측면으로 들기,29,0.15
어르신,M,준비운동,베개 밟고 교차 서기,29,0.15
어르신,M,준비운동,앉아서 다리 밀기,27,0.14
어르신,M,준비운동,밴드 잡고 몸통 옆으로 굽히기,27,0.14
어르신,M,준비운동,등 스트레칭,27,0.14
어르신,M,준비운동,맨몸운동 루틴프로그램,27,0.14
어르신,M,준비운동,베개 밟고 대각방향으로 서기,27,0.14
어르신,M,준비운동,앉아서 팔꿈치 굽히기,27,0.14
어르신,M,준비운동,엎드려서 팔 다리 들기,26,0.14
어르신,M,준비운동,자전거타기,26,0.14
어르신,M,준비운동,짐볼 앉아 양 손 가슴 교차,26,0.14
어르신,M,준비운동,베개 밟고 두발 모아 서기,25,0.13
어르신,M,준비운동,저항밴드 운동 루틴프로그램,25,0.13
어르신,M,준비운동,한발 들기,24,0.13
어르신,M,준비운동,덤벨 잡고 뒤꿈치 들기,24,0.13
어르신,M,준비운동,팔꿈치 굽히기,24,0.13
어르신,M,준비운동,좌우로 선넘기,24,0.13
어르신,M,준비운동,전신 틀어 손벽 마주치기,21,0.11
어르신,M,준비운동,폼롤러 밀며 몸 앞으로 숙이기,21,0.11
어르신,M,준비운동,실외 자전거타기,21,0.11
어르신,M,준비운동,줄넘기 운동,21,0.11
어르신,M,준비운동,계단 뛰어 오르기,21,0.11
어르신,M,준비운동,균형 걷기,21,0.11
어르신,M,준비운동,발에 밴드걸고 윗몸일으키기,21,0.11
어르신,M,준비운동,물병 옆으로 들어올리기,20,0.11
어르신,M,준비운동,의자에 한 다리 올리고 앉앗다 일어서기,20,0.11
어르신,M,준비운동,한 발 뒤로 들어올리기,20,0.11
어르신,M,준비운동,런지하며 상체 비틀기,20,0.11
어르신,M,준비운동,복부 스트레칭,20,0.11
어르신,M,준비운동,흔들어 체조,20,0.11
어르신,M,준비운동,짐볼 앉아 중심 잡기 루틴 운동,19,0.1
어르신,M,준비운동,누워서 엉덩이 들어올리기,19,0.1
어르신,M,준비운동,팔굽혀펴기,19,0.1
어르신,M,준비운동,서서 뒤꿈치 들기,19,0.1
어르신,M,준비운동,옆으로 펀치하기,19,0.1
어르신,M,준비운동,서서 팔꿈치 펴기,19,0.1
어르신,M,준비운동,앞뒤로 선넘기,18,0.09
어르신,M,준비운동,밴드 걸고 누워서 다리 들어올리기,17,0.09
어르신,M,준비운동,의자에 앉아 볼 돌리기,17,0.09
어르신,M,준비운동,탄력밴드 후방으로 당기기,17,0.09
어르신,M,준비운동,물통으로 양팔 들어올리기,16,0.08
어르신,M,준비운동,앞굽이 앉았다 일어서기,16,0.08
어르신,M,준비운동,짐볼에 엎드려서 팔 다리 들기,16,0.08
어르신,M,준비운동,짐볼에 엎드려서 몸통 젖히기,16,0.08
어르신,M,준비운동,바벨 잡고 들어올리기,16,0.08
어르신,M,준비운동,탄력밴드 후방 측면으로 당기기,16,0.08
어르신,M,준비운동,의자에 앉아 등 굽혔다 펴기,15,0.08
어르신,M,준비운동,플렉스 바 비틀기,15,0.08
어르신,M,준비운동,팔굽혀 펴기,15,0.08
어르신,M,준비운동,허리 굽혀 팔 뒤로 들기,15,0.08
어르신,M,준비운동,의자 잡고 한발 들기,14,0.07
어르신,M,준비운동,서서 다리로 탄력밴드 당겨 중심 잡기 루틴 운동,14,0.07
어르신,M,준비운동,뒤로 팔굽혀펴기,14,0.07
어르신,M,준비운동,탄력밴드 걸고 서기,14,0.07
어르신,M,준비운동,탄력밴드 전방으로 당기기,14,0.07
어르신,M,준비운동,탄력밴드 측면으로 당기기,14,0.07
어르신,M,준비운동,물병 들고 한발 앞으로 내밀고 앉았다 일어서기,13,0.07
어르신,M,준비운동,누워서 다리 들어올리기,13,0.07
어르신,M,준비운동,엎드려서 다리 굽히기,13,0.07
어르신,M,준비운동,풍선 튕기기,13,0.07
어르신,M,준비운동,고양이 자세,12,0.06
어르신,M,준비운동,줄넘기,12,0.06
어르신,M,준비운동,좌우 찍기,12,0.06
어르신,M,준비운동,짐볼 들고 양옆으로 돌리기,12,0.06
어르신,M,준비운동,덤벨 잡고 한발 내밀어 굽혔다 펴기,12,0.06
어르신,M,준비운동,네발기기 자세에서 손바닥으로 바닥밀기,12,0.06
어르신,M,준비운동,앉아서 덤벨로 손목 굽히기,12,0.06
어르신,M,준비운동,앉아서 어깨 위로 밀기,12,0.06
어르신,M,준비운동,모관운동,11,0.06
어르신,M,준비운동,왜가리 자세,11,0.06
어르신,M,준비운동,팔 교대로 올리기,11,0.06
어르신,M,준비운동,의자 앉아 공 밀기,11,0.06
어르신,M,준비운동,바벨 당겨 올리기,11,0.06
어르신,M,준비운동,짐볼 이용해 앉았다 일어서기,10,0.05
어르신,M,준비운동,요가 및 필라테스 루틴프로그램,10,0.05
어르신,M,준비운동,작은 공을 이용한 동적 루틴 스트레칭,10,0.05
어르신,M,준비운동,스텝퍼 옆으로 뛰어넘기,10,0.05
어르신,M,준비운동,사다리 이용 루틴 운동,10,0.05
어르신,M,준비운동,아쿠아로빅 운동 프로그램 루틴,10,0.05
어르신,M,준비운동,덤벨 잡고 몸통 옆으로 굽히기,10,0.05
어르신,M,준비운동,머리 위로 공 넘기기,10,0.05
어르신,M,준비운동,누워서 공 뒤로 내리고 당기기,9,0.05
어르신,M,준비운동,복식호흡,9,0.05
어르신,M,준비운동,몸통 스트레칭,9,0.05
어르신,M,준비운동,네발기기 자세로 팔 다리 들기,9,0.05
어르신,M,준비운동,스텝퍼 뛰어서 오르내리기,9,0.05
어르신,M,준비운동,어깨 올리기,9,0.05
어르신,M,준비운동,옆으로 누워 가슴 열기,9,0.05
어르신,M,준비운동,옆으로 걷기,9,0.05
어르신,M,준비운동,온 몸 뻗어주기,9,0.05
어르신,M,준비운동,양발 벌려 무릎 밀어내기,8,0.04
어르신,M,준비운동,옆으로 누워 버티기,8,0.04
어르신,M,준비운동,옆으로 누워 폼롤러 굴려주기,8,0.04
어르신,M,준비운동,의자 이용하기,8,0.04
어르신,M,준비운동,밴드 잡고 누워서 다리 밀기,8,0.04
어르신,M,준비운동,서서 다리 모으고 벌리기,8,0.04
어르신,M,준비운동,누워서 굽힌 다리 펴기,8,0.04
어르신,M,준비운동,의자 잡고 서기,7,0.04
어르신,M,준비운동,다리굽혀 허리 비틀기,7,0.04
어르신,M,준비운동,밴드 머리 뒤로 들어올리기,7,0.04
어르신,M,준비운동,짐볼에서 엉덩이 돌리기,7,0.04
어르신,M,준비운동,엎드려 팔다리 교차올리기,7,0.04
어르신,M,준비운동,앉아서 뒤로 당기기,7,0.04
어르신,M,준비운동,앉아 윗몸 앞으로 굽히기,7,0.04
어르신,M,준비운동,줄 따라 걷기,7,0.04
어르신,M,준비운동,발바닥 치기,7,0.04
어르신,M,준비운동,짐볼 옆에 두고 어깨 누르기,7,0.04
어르신,M,준비운동,후굴자세 해봐요,7,0.04
어르신,M,준비운동,탄력밴드 무릎으로 당기기,7,0.04
어르신,M,준비운동,엎드려 양팔 및 다리 들어올리기,6,0.03
어르신,M,준비운동,아기자세,6,0.03
어르신,M,준비운동,양팔 크게 벌리기,6,0.03
어르신,M,준비운동,짐볼 앞으로 밀기,6,0.03
어르신,M,준비운동,폼롤러 앞으로 굴리기,6,0.03
어르신,M,준비운동,앉았다 일어서면서 점프하기,6,0.03
어르신,M,준비운동,누워 발목 당겨주기,6,0.03
어르신,M,준비운동,누워서 가슴 밀기,6,0.03
어르신,M,준비운동,윗몸 말아 올리기,6,0.03
어르신,M,준비운동,앞뒤로 한발씩 걷기,6,0.03
어르신,M,준비운동,바벨들어올리기,6,0.03
어르신,M,준비운동,턱걸이,6,0.03
어르신,M,준비운동,앉아서 옆구리 늘려주기,6,0.03
어르신,M,준비운동,앉아서 한 발 앞으로 굽히기,6,0.03
어르신,M,준비운동,다리 모아 상체 숙이기,6,0.03
어르신,M,준비운동,버피 테스트,6,0.03
어르신,M,준비운동,짐볼 양팔로 밀기,6,0.03
어르신,M,준비운동,짐볼 앉기,6,0.03
어르신,M,준비운동,짐볼 앉아 뒤꿈치 들기,6,0.03
어르신,M,준비운동,밴드를 당겨요,6,0.03
어르신,M,준비운동,사다리 안팎 뛰기,5,0.03
어르신,M,준비운동,엎드려 한발 원 그리기,5,0.03
어르신,M,준비운동,전완대고 버티기,5,0.03
어르신,M,준비운동,짐볼에서 윗몸 일으키기,5,0.03
어르신,M,준비운동,볼 위에 앉아 밴드 양옆으로 당기기,5,0.03
어르신,M,준비운동,팔 벌려 뛰기,5,0.03
어르신,M,준비운동,몸통 옆으로 굽히기,5,0.03
어르신,M,준비운동,발등굽힘/발바닥굽힘,5,0.03
어르신,M,준비운동,누워서 팔 다리 동시에 들어올리기,5,0.03
어르신,M,준비운동,의자 잡고 측면으로 한발 들기,5,0.03
어르신,M,준비운동,한 발 뒤로 빼고 앞으로 굽히기,5,0.03
어르신,M,준비운동,영차영차 올라요,5,0.03
어르신,M,준비운동,짐볼 앉아 몸통 돌리기,5,0.03
어르신,M,준비운동,서서 다리로 탄력밴드 당기기 II,4,0.02
어르신,M,준비운동,엎드려 뒤로 다리 올리기,4,0.02
어르신,M,준비운동,밴드 걸고 옆으로 누워 다리 올리기,4,0.02
어르신,M,준비운동,서서 상체 일으키기,4,0.02
어르신,M,준비운동,밴드 걸고 엎드려서 다리 구부리기,4,0.02
어르신,M,준비운동,스텝퍼 오르내리기,4,0.02
어르신,M,준비운동,손목 펴기/굽히기,4,0.02
어르신,M,준비운동,다리 뻗어 올리기,4,0.02
어르신,M,준비운동,팔굽혀펴기(무릎대고 실시),4,0.02
어르신,M,준비운동,목봉잡고 앉았다 일어나기,4,0.02
어르신,M,준비운동,베개 밟고 측면으로 양팔 들기,4,0.02
어르신,M,준비운동,낚시를 해요,4,0.02
어르신,M,준비운동,동물처럼 걸어요,4,0.02
어르신,M,준비운동,무릎 아래에서 양옆으로 굴리기,4,0.02
어르신,M,준비운동,합장하여 앞으로 숙이기,3,0.02
어르신,M,준비운동,원판던지기,3,0.02
어르신,M,준비운동,밴드 걸고 앉아서 발등 굽힘,3,0.02
어르신,M,준비운동,스텝퍼 올라가서 점프하여 착지하기,3,0.02
어르신,M,준비운동,버피운동,3,0.02
어르신,M,준비운동,한쪽 다리펴고 상체 숙이기,3,0.02
어르신,M,준비운동,앉아서 몸통 움츠리기,3,0.02
어르신,M,준비운동,풍선차기,3,0.02
어르신,M,준비운동,의자 앉아 다리로 짐볼 쥐기,3,0.02
어르신,M,준비운동,연속 사이드 스쿼드,3,0.02
어르신,M,준비운동,빠르게 걷기,3,0.02
어르신,M,준비운동,매달려서 다리 들기,3,0.02
어르신,M,준비운동,꼬리를 떼어요,3,0.02
어르신,M,준비운동,짐볼 앉아 상체 숙이기,3,0.02
어르신,M,준비운동,짐볼 앉아 한발 내딛기,3,0.02
어르신,M,준비운동,베개 밟고 위로 양팔 들기,3,0.02
어르신,M,준비운동,공을 옮겨요(앞),3,0.02
어르신,M,준비운동,서서 다리로 탄력밴드 당기기 I,2,0.01
어르신,M,준비운동,발 끝 당기기,2,0.01
어르신,M,준비운동,회전근개 스트레칭2,2,0.01
어르신,M,준비운동,다리로 짐볼 들어올리기,2,0.01
어르신,M,준비운동,짐볼 운동 루틴프로그램,2,0.01
어르신,M,준비운동,앉아서 엉덩관절 굽히기,2,0.01
어르신,M,준비운동,앉아서 다리 굽히기,2,0.01
어르신,M,준비운동,탄력밴드 어깨 가쪽 돌림,2,0.01
어르신,M,준비운동,누워서 배가로근 수축 I,2,0.01
어르신,M,준비운동,서서 탄력밴드 당겨내리기/올리기,2,0.01
어르신,M,준비운동,다리모아 무릎 누르기,2,0.01
어르신,M,준비운동,아쿠아로빅-물당기기/밀기,2,0.01
어르신,M,준비운동,하프콘 투호,2,0.01
어르신,M,준비운동,뒤꿈치 들기,2,0.01
어르신,M,준비운동,양발 나란히 서기,2,0.01
어르신,M,준비운동,허리 굽혀 덤벨 들기,2,0.01
어르신,M,준비운동,허리 감아 볼 돌리기,2,0.01
어르신,M,준비운동,엉덩이 늘리기,2,0.01
어르신,M,준비운동,전신 비틀며 전진하기,2,0.01
어르신,M,준비운동,발로 공주고 받기,2,0.01
어르신,M,준비운동,아쿠아로빅-엉덩관절 회전하기,2,0.01
어르신,M,준비운동,다리 벌려 옆으로 상체 숙이기,2,0.01
어르신,M,준비운동,짐볼 양옆으로 굴리기,2,0.01
어르신,M,준비운동,공 잡고 들어올리기,2,0.01
어르신,M,준비운동,짐볼 앉아 한손 측면으로 들기,2,0.01
어르신,M,준비운동,알록달록 공을 옮겨요,2,0.01
어르신,M,준비운동,소방훈련 해요,2,0.01
어르신,M,준비운동,공을 옮겨요(옆),2,0.01
어르신,M,준비운동,수건 이용하여 장딴지 늘리기,1,0.01
어르신,M,준비운동,등척성운동-안쪽 돌림,1,0.01
어르신,M,준비운동,등척성운동-바깥돌림,1,0.01
어르신,M,준비운동,등척성운동-벌림,1,0.01
어르신,M,준비운동,벌림 밸런스 운동-60~120도 사이,1,0.01
어르신,M,준비운동,굽힘 밸런스운동-60~120도 사이,1,0.01
어르신,M,준비운동,진자운동,1,0.01
어르신,M,준비운동,좌 우 회전(목 좌 우 회전),1,0.01
어르신,M,준비운동,좌 우 굴곡(목 좌 우 굴곡),1,0.01
어르신,M,준비운동,앞 뒤 굴곡(목 앞 뒤 굴곡),1,0.01
어르신,M,준비운동,뛰어 내렸다가 바로 점프하기,1,0.01
어르신,M,준비운동,앉았다 일어나며 점프하기,1,0.01
어르신,M,준비운동,사다리 운동 루틴프로그램,1,0.01
어르신,M,준비운동,사이드 스텝,1,0.01
어르신,M,준비운동,옆구리늘리기,1,0.01
어르신,M,준비운동,의자에 앉아 가슴 뒤로 젖히기,1,0.01
어르신,M,준비운동,의자에 앉아 가슴 몸통 말아주기,1,0.01
어르신,M,준비운동,의자에 앉아 옆구리 숙이기,1,0.01
어르신,M,준비운동,서서 균형잡기,1,0.01
어르신,M,준비운동,양발 교차하여 서서 몸통 숙이기,1,0.01
어르신,M,준비운동,서서 발목 뒤로 당기기,1,0.01
어르신,M,준비운동,엎드려서 균형잡기,1,0.01
어르신,M,준비운동,아쿠아로빅-옆구리 늘리기,1,0.01
어르신,M,준비운동,누워서 밀기,1,0.01
어르신,M,준비운동,허리 비틀어 볼 주고받기,1,0.01
어르신,M,준비운동,허리 굽혀 덤벨 뒤로 들기,1,0.01
어르신,M,준비운동,허리숙여 양팔 돌리기,1,0.01
어르신,M,준비운동,어깨 누르기,1,0.01
어르신,M,준비운동,가슴 어깨 펴기,1,0.01
어르신,M,준비운동,마주보고 종아리 펴기,1,0.01
어르신,M,준비운동,누워서 머리 위로 팔꿈치 펴기,1,0.01
어르신,M,준비운동,윗몸 일으키기,1,0.01
어르신,M,준비운동,손 뻗어 윗몸 일으키기,1,0.01
어르신,M,준비운동,빠르게 무릎 올려 찍기,1,0.01
어르신,M,준비운동,나비자세,1,0.01
어르신,M,준비운동,무릎 당겨올리기,1,0.01
어르신,M,준비운동,볼 튕기면서 스쿼트,1,0.01
어르신,M,준비운동,종아리 사이 감아 돌리기,1,0.01
어르신,M,준비운동,메디신 볼 잡고 런지하며 상체비틀기,1,0.01
어르신,M,준비운동,볼 잡고 점프하기,1,0.01
어르신,M,준비운동,양발 교차 올리기,1,0.01
어르신,M,준비운동,짐볼 배에 대고 버티기,1,0.01
어르신,M,준비운동,짐볼 윗몸일으키기,1,0.01
어르신,M,준비운동,백 슬라이드,1,0.01
어르신,M,준비운동,성화봉송,1,0.01
어르신,M,준비운동,V자 싸이클,1,0.01
어르신,M,준비운동,팔다리 교차 버티기,1,0.01
어르신,M,준비운동,짝 스트레칭 루틴프로그램,1,0.01
어르신,M,준비운동,웨이트 트레이닝 루틴프로그램,1,0.01
어르신,M,준비운동,누워서 하늘 자전거,1,0.01
어르신,M,준비운동,뛰어 밀기,1,0.01
어르신,M,준비운동,양발 교차 뛰기,1,0.01
어르신,M,준비운동,앞뒤 지그재그 뛰기,1,0.01
어르신,M,준비운동,한발로 점프하기,1,0.01
어르신,M,준비운동,W 스텝,1,0.01
어르신,M,준비운동,발 바꿔 뛰기,1,0.01
어르신,M,준비운동,바벨 들어 팔꿈치 굽히기,1,0.01
어르신,M,준비운동,두발모아 걷기,1,0.01
어르신,M,준비운동,팔 들어 올리며 런지,1,0.01
어르신,M,준비운동,옆으로 다리 뻗기,1,0.01
어르신,M,준비운동,앞발 의자 올려 굽히기,1,0.01
어르신,M,준비운동,다리 앞뒤로 벌려 굽혔다 펴기,1,0.01
어르신,M,준비운동,바벨 끌어당기기,1,0.01
어르신,M,준비운동,무릎 높이 들어 뛰기,1,0.01
어르신,M,준비운동,다리 꼬아 상체 앞으로 숙이기,1,0.01
어르신,M,준비운동,다리 벌려 앞으로 상체 숙이기,1,0.01
어르신,M,준비운동,의자에 앉아 다리 펴서 들어올리기,1,0.01
어르신,M,준비운동,줄넘기 해요,1,0.01
어르신,M,준비운동,우리 모두 다같이,1,0.01
어르신,M,준비운동,사다리 걷기,1,0.01
어르신,M,준비운동,아쿠아로빅-물누르기/올리기,1,0.01
어르신,M,준비운동,앉아서 가슴 모으기,1,0.01
어르신,M,준비운동,계단 한발 뛰기,1,0.01
어르신,M,준비운동,짐볼 앉아 양손 대각방향으로 들기,1,0.01
어르신,M,준비운동,계단 오르기,1,0.01
어르신,M,준비운동,빌리보를 밀어요,1,0.01
어르신,M,준비운동,짐볼에서 몸통 돌리기,1,0.01
어르신,M,준비운동,빠르게 앞무릎 올리기,1,0.01
어르신,M,준비운동,깍지끼고 목 들어올리기,1,0.01
어르신,M,준비운동,다리 굽혀(W자) 상체 뒤로 눕기,1,0.01
어르신,M,준비운동,한 발 앞굽이 팔 위로 뻗어 가슴 내밀기,1,0.01
어르신,M,준비운동,알록달록 붙여요,1,0.01
어르신,M,준비운동,공 받고 던져요,1,0.01
어르신,M,준비운동,제자리 뛰기,1,0.01
어르신,M,준비운동,엎드려 무릎 연속 차기,1,0.01
어르신,M,준비운동,벽잡고 빨리 뛰기,1,0.01
어르신,M,본운동,고정식 자전거 타기,1525,3.95
어르신,M,본운동,고정식 트레드밀에서 걷기,1176,3.05
어르신,M,본운동,벽에서 팔굽혀 펴기,1071,2.78
어르신,M,본운동,몸통 들어올리기,944,2.45
어르신,M,본운동,스텝박스,690,1.79
어르신,M,본운동,스텝박스 오르내리기,672,1.74
어르신,M,본운동,엉덩이 스트레칭,663,1.72
어르신,M,본운동,앉아서 다리 펴기,650,1.68
어르신,M,본운동,덤벨 잡고 앉았다 일어서기,637,1.65
어르신,M,본운동,수영,620,1.61
어르신,M,본운동,덤벨 잡고 뒤꿈치 들기,568,1.47
어르신,M,본운동,짐볼 이용해 앉았다 일어서기,562,1.46
어르신,M,본운동,엎드려 양팔 및 다리 들어올리기,520,1.35
어르신,M,본운동,물통으로 양팔 들어올리기,507,1.31
어르신,M,본운동,물속에서 걷기,461,1.19
어르신,M,본운동,앉아서 다리 밀기,444,1.15
어르신,M,본운동,엎드려서 다리 굽히기,441,1.14
어르신,M,본운동,옆구리 스트레칭,410,1.06
어르신,M,본운동,아쿠아로빅,403,1.04
어르신,M,본운동,의자 이용 중심 잡기 루틴 운동,403,1.04
어르신,M,본운동,목봉잡고 앉았다 일어나기,400,1.04
어르신,M,본운동,엎드려 버티기,387,1.0
어르신,M,본운동,물병 들고 한발 앞으로 내밀고 앉았다 일어서기,375,0.97
어르신,M,본운동,넙다리 안쪽 스트레칭,360,0.93
어르신,M,본운동,허리 스트레칭,358,0.93
어르신,M,본운동,앉았다 일어서기,345,0.89
어르신,M,본운동,실내 자전거타기,345,0.89
어르신,M,본운동,밴드 걸고 누워서 다리 들어올리기,343,0.89
어르신,M,본운동,의자 앞에서 앉았다 일어서기,327,0.85
어르신,M,본운동,목 스트레칭,310,0.8
어르신,M,본운동,윗몸올리기,302,0.78
어르신,M,본운동,의자에 앉아 등 굽혔다 펴기,296,0.77
어르신,M,본운동,넙다리 앞쪽 스트레칭,292,0.76
어르신,M,본운동,누워서 엉덩이 들어올리기,289,0.75
어르신,M,본운동,바벨 잡고 들어올리기,286,0.74
어르신,M,본운동,넙다리 뒤쪽 스트레칭,284,0.74
어르신,M,본운동,엎드려 뒤로 다리 올리기,277,0.72
어르신,M,본운동,앉아서 당겨 내리기,273,0.71
어르신,M,본운동,등/어깨 뒤쪽 스트레칭,270,0.7
어르신,M,본운동,엉덩이 스트레칭2,268,0.69
어르신,M,본운동,발바닥 치기,264,0.68
어르신,M,본운동,플렉스 바 비틀기,257,0.67
어르신,M,본운동,한발 들기,253,0.66
어르신,M,본운동,누워서 전신 뻗기,245,0.63
어르신,M,본운동,트레드밀에서 걷기,245,0.63
어르신,M,본운동,계단 올라갔다 내려오기,238,0.62
어르신,M,본운동,밴드 걸고 엎드려서 다리 구부리기,220,0.57
어르신,M,본운동,앉아서 뒤로 당기기,218,0.57
어르신,M,본운동,서서 팔꿈치 펴기,213,0.55
어르신,M,본운동,균형 걷기,212,0.55
어르신,M,본운동,공 잡고 들어올리기,209,0.54
어르신,M,본운동,밴드 걸고 앉아서 발등 굽힘,207,0.54
어르신,M,본운동,깍지 끼고 상체 숙이기,207,0.54
어르신,M,본운동,달리기,207,0.54
어르신,M,본운동,덤벨 잡고 한발 내밀어 굽혔다 펴기,206,0.53
어르신,M,본운동,밴드 머리 뒤로 들어올리기,204,0.53
어르신,M,본운동,밴드 걸고 옆으로 누워 다리 올리기,204,0.53
어르신,M,본운동,걷기,202,0.52
어르신,M,본운동,앉아서 팔꿈치 굽히기,200,0.52
어르신,M,본운동,앉아서 덤벨로 손목 굽히기,197,0.51
어르신,M,본운동,서서 상체 일으키기,194,0.5
어르신,M,본운동,회전근개 스트레칭,192,0.5
어르신,M,본운동,사다리 이용 루틴 운동,190,0.49
어르신,M,본운동,하지 루틴 스트레칭1,190,0.49
어르신,M,본운동,의자 잡고 후방으로 한발 뻗어 들기,188,0.49
어르신,M,본운동,대퇴이두근 스트레칭,186,0.48
어르신,M,본운동,하지 루틴 스트레칭2,184,0.48
어르신,M,본운동,한발 앞으로 내밀고 앉았다 일어서기,176,0.46
어르신,M,본운동,좌우로 선넘기,170,0.44
어르신,M,본운동,배스트레칭,168,0.44
어르신,M,본운동,다리로 짐볼 들어올리기,167,0.43
어르신,M,본운동,어깨 뒤쪽 스트레칭,160,0.41
어르신,M,본운동,어깨 스트레칭,158,0.41
어르신,M,본운동,몸통 비틀기,156,0.4
어르신,M,본운동,골반 스트레칭,149,0.39
어르신,M,본운동,짐볼 앉아 중심 잡기 루틴 운동,149,0.39
어르신,M,본운동,앞뒤로 선넘기,145,0.38
어르신,M,본운동,의자에 앉아 다리 뻗어 올리기,145,0.38
어르신,M,본운동,의자 잡고 한발 들기,144,0.37
어르신,M,본운동,서서 뒤꿈치 들기,143,0.37
어르신,M,본운동,밴드 잡고 몸통 옆으로 굽히기,139,0.36
어르신,M,본운동,배 스트레칭,135,0.35
어르신,M,본운동,짐볼에서 윗몸 일으키기,135,0.35
어르신,M,본운동,전신 루틴 스트레칭,135,0.35
어르신,M,본운동,앉아서 어깨 위로 밀기,135,0.35
어르신,M,본운동,줄넘기,133,0.34
어르신,M,본운동,의자잡고 후방으로 무릎 굽혀 들기,131,0.34
어르신,M,본운동,풍선차기,130,0.34
어르신,M,본운동,누워서 가슴 밀기,128,0.33
어르신,M,본운동,양팔 벌려 전신 비틀기,127,0.33
어르신,M,본운동,아래 팔 스트레칭,125,0.32
어르신,M,본운동,의자 앉아 다리로 짐볼 쥐기,124,0.32
어르신,M,본운동,의자 이용하기,123,0.32
어르신,M,본운동,내전근 스트레칭,123,0.32
어르신,M,본운동,밴드 잡고 누워서 다리 밀기,123,0.32
어르신,M,본운동,팔굽혀펴기,122,0.32
어르신,M,본운동,대퇴사두근 스트레칭,118,0.31
어르신,M,본운동,줄 따라 걷기,118,0.31
어르신,M,본운동,서서 다리로 탄력밴드 당겨 중심 잡기 루틴 운동,115,0.3
어르신,M,본운동,앉아서 가슴 모으기,114,0.3
어르신,M,본운동,의자 잡고 전방으로 무릎 굽혀 들기,113,0.29
어르신,M,본운동,고관절 스트레칭,112,0.29
어르신,M,본운동,좌우 찍기,111,0.29
어르신,M,본운동,베개 밟고 서기,111,0.29
어르신,M,본운동,엎드려서 팔 다리 들기,110,0.29
어르신,M,본운동,짐볼에서 몸통 돌리기,108,0.28
어르신,M,본운동,앉아서 밴드 잡고 몸통 돌리기,107,0.28
어르신,M,본운동,덤벨 잡고 몸통 옆으로 굽히기,105,0.27
어르신,M,본운동,풍선 튕기기,105,0.27
어르신,M,본운동,가슴 스트레칭,104,0.27
어르신,M,본운동,상지 루틴 스트레칭,104,0.27
어르신,M,본운동,바벨 당겨 올리기,103,0.27
어르신,M,본운동,옆으로 걷기,102,0.26
어르신,M,본운동,양발 나란히 서기,97,0.25
어르신,M,본운동,앉아서 몸통 움츠리기,92,0.24
어르신,M,본운동,팔꿈치 굽히기,92,0.24
어르신,M,본운동,누워서 공 뒤로 내리고 당기기,91,0.24
어르신,M,본운동,등 대고 대퇴이두근 스트레칭,89,0.23
어르신,M,본운동,짐볼에서 엉덩이 돌리기,88,0.23
어르신,M,본운동,비복근 스트레칭,88,0.23
어르신,M,본운동,서서 다리 모으고 벌리기,83,0.22
어르신,M,본운동,몸 앞으로 굽히기,82,0.21
어르신,M,본운동,마주 앉아 대퇴이두근 스트레칭,81,0.21
어르신,M,본운동,조깅,80,0.21
어르신,M,본운동,의자 잡고 측면으로 한발 들기,76,0.2
어르신,M,본운동,볼 위에 앉아 밴드 양옆으로 당기기,75,0.19
어르신,M,본운동,실외 자전거타기,75,0.19
어르신,M,본운동,맨몸운동 루틴프로그램,75,0.19
어르신,M,본운동,짐볼 들고 양옆으로 돌리기,74,0.19
어르신,M,본운동,두발모아 걷기,73,0.19
어르신,M,본운동,몸통 앞으로 굽혀 걷기,73,0.19
어르신,M,본운동,가슴/어깨 앞쪽 스트레칭,71,0.18
어르신,M,본운동,한발 서서 균형잡기,71,0.18
어르신,M,본운동,물병 옆으로 들어올리기,69,0.18
어르신,M,본운동,탄력밴드 전방으로 당기기,69,0.18
어르신,M,본운동,네발기기 자세로 팔 다리 들기,67,0.17
어르신,M,본운동,의자 잡고 서기,66,0.17
어르신,M,본운동,앞뒤로 한발씩 걷기,66,0.17
어르신,M,본운동,탄력밴드 걸고 서기,66,0.17
어르신,M,본운동,빠르게 걷기,66,0.17
어르신,M,본운동,탄력밴드 후방으로 당기기,63,0.16
어르신,M,본운동,아쿠아로빅 운동 프로그램 루틴,62,0.16
어르신,M,본운동,앉아서 엉덩관절 굽히기,62,0.16
어르신,M,본운동,탄력밴드 측면으로 당기기,62,0.16
어르신,M,본운동,허리 굽혀 팔 뒤로 들기,62,0.16
어르신,M,본운동,의자 앉아 공 밀기,62,0.16
어르신,M,본운동,옆으로 누워 버티기,61,0.16
어르신,M,본운동,의자에 앉아 볼 돌리기,59,0.15
어르신,M,본운동,대퇴이두근 스트레칭2,58,0.15
어르신,M,본운동,머리 위로 공 넘기기,58,0.15
어르신,M,본운동,누워 다리 들어올리기,58,0.15
어르신,M,본운동,손목 펴기/굽히기,55,0.14
어르신,M,본운동,하프콘 투호,54,0.14
어르신,M,본운동,팔굽혀 펴기,54,0.14
어르신,M,본운동,목 돌림 스트레칭,53,0.14
어르신,M,본운동,좌식생활자를 위한 동적 루틴 스트레칭,53,0.14
어르신,M,본운동,탄력밴드 후방 측면으로 당기기,52,0.13
어르신,M,본운동,어깨 양 옆으로 돌리기,51,0.13
어르신,M,본운동,골반 스트레칭2,49,0.13
어르신,M,본운동,마주 앉아 대퇴이두근 스트레칭2,49,0.13
어르신,M,본운동,앉아서 밀기,49,0.13
어르신,M,본운동,동적 스트레칭 루틴프로그램,49,0.13
어르신,M,본운동,뒤로 팔굽혀펴기,48,0.12
어르신,M,본운동,누워서 다리 들어올리기,48,0.12
어르신,M,본운동,스카프 저글링,46,0.12
어르신,M,본운동,사다리 걷기,44,0.11
어르신,M,본운동,뒤꿈치 들기,44,0.11
어르신,M,본운동,자가근막이완술 루틴 스트레칭,44,0.11
어르신,M,본운동,서서 다리 뒤로 차기,43,0.11
어르신,M,본운동,짐볼을 이용한 동적 루틴 스트레칭,43,0.11
어르신,M,본운동,소파를 이용한 윗몸올리기,42,0.11
어르신,M,본운동,척추 스트레칭,41,0.11
어르신,M,본운동,앉아서 다리 굽히기,41,0.11
어르신,M,본운동,작은 공을 이용한 동적 루틴 스트레칭,41,0.11
어르신,M,본운동,옆으로 누워 폼롤러 굴려주기,40,0.1
어르신,M,본운동,베개 밟고 측면으로 양팔 들기,40,0.1
어르신,M,본운동,등 스트레칭,40,0.1
어르신,M,본운동,엎드려서 다리 차올리기,40,0.1
어르신,M,본운동,복부 스트레칭,39,0.1
어르신,M,본운동,팔꿈치 맞닿아 원그리기,38,0.1
어르신,M,본운동,누워서 하늘 자전거,36,0.09
어르신,M,본운동,턱걸이,36,0.09
어르신,M,본운동,온 몸 뻗어주기,36,0.09
어르신,M,본운동,종아리 스트레칭,35,0.09
어르신,M,본운동,유산소 운동 전 동적 루틴 스트레칭,35,0.09
어르신,M,본운동,짐볼 앞으로 밀기,35,0.09
어르신,M,본운동,바벨 끌어당기기,35,0.09
어르신,M,본운동,폼롤러 밀며 몸 앞으로 숙이기,34,0.09
어르신,M,본운동,짐볼 옆에 두고 어깨 누르기,34,0.09
어르신,M,본운동,베개 밟고 교차 서기,34,0.09
어르신,M,본운동,짐볼 앉아 한발 들기,34,0.09
어르신,M,본운동,계단 뛰어 오르기,34,0.09
어르신,M,본운동,베개 밟고 두발 모아 서기,33,0.09
어르신,M,본운동,몸통 옆으로 굽히기,33,0.09
어르신,M,본운동,짐볼 양옆으로 굴리기,32,0.08
어르신,M,본운동,짐볼 앉아 뒤꿈치 들기,32,0.08
어르신,M,본운동,옆으로 누워 가슴 열기,31,0.08
어르신,M,본운동,누워서 다리 좌우로 움직이기,30,0.08
어르신,M,본운동,앉아서 다리 모으기,30,0.08
어르신,M,본운동,앉아서 위로 밀기,30,0.08
어르신,M,본운동,엎드려 한발 원 그리기,30,0.08
어르신,M,본운동,계단 오르기,30,0.08
어르신,M,본운동,성화봉송,29,0.08
어르신,M,본운동,누워서 팔 다리 동시에 들어올리기,29,0.08
어르신,M,본운동,무릎 높여 제자리 달리기,29,0.08
어르신,M,본운동,수건잡고 팔 들어올리기,29,0.08
어르신,M,본운동,수건 이용하여 장딴지 늘리기,29,0.08
어르신,M,본운동,탄력밴드 무릎으로 당기기,28,0.07
어르신,M,본운동,발로 공주고 받기,28,0.07
어르신,M,본운동,바벨들어올리기,28,0.07
어르신,M,본운동,다리자세,28,0.07
어르신,M,본운동,바로서서 상체 숙이기,28,0.07
어르신,M,본운동,베개 밟고 대각방향으로 서기,27,0.07
어르신,M,본운동,전신 틀어 손벽 마주치기,26,0.07
어르신,M,본운동,발가락 폄근 스트레칭,26,0.07
어르신,M,본운동,아쿠아로빅-엉덩관절 회전하기,26,0.07
어르신,M,본운동,척추 들어올리기,26,0.07
어르신,M,본운동,짐볼 양팔로 밀기,25,0.06
어르신,M,본운동,덤벨 옆으로 들어올리기,25,0.06
어르신,M,본운동,앉아서 양팔 당기기,25,0.06
어르신,M,본운동,짐볼 앉기,24,0.06
어르신,M,본운동,다리굽혀 허리 비틀기,24,0.06
어르신,M,본운동,스카프 라인,23,0.06
어르신,M,본운동,한 칸 건너뛰며 걷기,22,0.06
어르신,M,본운동,윗몸 말아 올리기,22,0.06
어르신,M,본운동,폼롤러 앞으로 굴리기,22,0.06
어르신,M,본운동,앉아서 모으기,22,0.06
어르신,M,본운동,한쪽 다리펴고 상체 숙이기,22,0.06
어르신,M,본운동,서서 발목 누르기,21,0.05
어르신,M,본운동,누워서 팔 밀기,21,0.05
어르신,M,본운동,가슴/어깨 스트레칭,20,0.05
어르신,M,본운동,원판던지기,20,0.05
어르신,M,본운동,저항밴드 운동 루틴프로그램,20,0.05
어르신,M,본운동,전완대고 버티기,20,0.05
어르신,M,본운동,버피운동,20,0.05
어르신,M,본운동,베개 밟고 위로 양팔 들기,19,0.05
어르신,M,본운동,짐볼 운동 루틴프로그램,19,0.05
어르신,M,본운동,벽잡고 빨리 뛰기,19,0.05
어르신,M,본운동,꼬리를 떼어요,19,0.05
어르신,M,본운동,점핑점핑해요,19,0.05
어르신,M,본운동,앉아서 다리 벌리기,18,0.05
어르신,M,본운동,누워서 배가로근 수축 II,17,0.04
어르신,M,본운동,짐볼 앉아 몸통 돌리기,17,0.04
어르신,M,본운동,아쿠아로빅-물당기기/밀기,17,0.04
어르신,M,본운동,서서 바벨 위로 밀기,17,0.04
어르신,M,본운동,네발기기 자세에서 손바닥으로 바닥밀기,17,0.04
어르신,M,본운동,버피 테스트,17,0.04
어르신,M,본운동,정적 스트레칭 루틴프로그램,17,0.04
어르신,M,본운동,줄넘기 해요,17,0.04
어르신,M,본운동,영차영차 올라요,17,0.04
어르신,M,본운동,바벨 들어 팔꿈치 굽히기,16,0.04
어르신,M,본운동,누워서 배가로근 수축 I,16,0.04
어르신,M,본운동,누워서 덤벨 들어올리기,16,0.04
어르신,M,본운동,밴드를 당겨요,16,0.04
어르신,M,본운동,회전근개 스트레칭2,15,0.04
어르신,M,본운동,누워서 밀기,15,0.04
어르신,M,본운동,웨이트 트레이닝 루틴프로그램,15,0.04
어르신,M,본운동,스텝퍼 뛰어서 오르내리기,15,0.04
어르신,M,본운동,스텝퍼 옆으로 뛰어넘기,15,0.04
어르신,M,본운동,짐볼 앉아 상체 숙이기,14,0.04
어르신,M,본운동,짐볼 앉아 양손 측면으로 들기,14,0.04
어르신,M,본운동,고정한 상태에서 덤벨 들고 팔꿈치 굽히기,14,0.04
어르신,M,본운동,바운딩 운동 루틴프로그램,14,0.04
어르신,M,본운동,탄력밴드 어깨 가쪽 돌림,13,0.03
어르신,M,본운동,네발기기 자세에서 다리 위로 뻗어올리기,13,0.03
어르신,M,본운동,짐볼 앉아 한손 측면으로 들기,13,0.03
어르신,M,본운동,발등굽힘/발바닥굽힘,13,0.03
어르신,M,본운동,연속 사이드 스쿼드,13,0.03
어르신,M,본운동,팔 벌려 뛰기,13,0.03
어르신,M,본운동,지그재그 달려요,13,0.03
어르신,M,본운동,허리 굽혀 덤벨 뒤로 들기,12,0.03
어르신,M,본운동,아쿠아로빅-몸 기울이기/회전하기,12,0.03
어르신,M,본운동,메디신 볼 잡고 런지하며 상체비틀기,12,0.03
어르신,M,본운동,양 손 번갈아 공 튀기기,12,0.03
어르신,M,본운동,공 위로 던지고 제자리 돌아 받기,12,0.03
어르신,M,본운동,윗몸말아올리기,12,0.03
어르신,M,본운동,힘차게 던져요,12,0.03
어르신,M,본운동,서서 다리로 탄력밴드 당기기 I,11,0.03
어르신,M,본운동,아쿠아로빅-발 닿기,11,0.03
어르신,M,본운동,서서 다리로 탄력밴드 당기기 II,11,0.03
어르신,M,본운동,스텝퍼 뛰어서 넘어가기,11,0.03
어르신,M,본운동,동물처럼 걸어요,11,0.03
어르신,M,본운동,짐볼 앉아 양 손 가슴 교차,10,0.03
어르신,M,본운동,아쿠아로빅-물누르기/올리기,10,0.03
어르신,M,본운동,아쿠아로빅-옆구리 늘리기,10,0.03
어르신,M,본운동,누워 무릎 교차 올리기,10,0.03
어르신,M,본운동,팔다리 교차 버티기,10,0.03
어르신,M,본운동,누워서 굽힌 다리 펴기,10,0.03
어르신,M,본운동,후다닥 집어요,10,0.03
어르신,M,본운동,매달려서 다리 들기,9,0.02
어르신,M,본운동,계단 두발 뛰기,9,0.02
어르신,M,본운동,누워서 덤벨 모아들기,9,0.02
어르신,M,본운동,팔벌려뛰기,9,0.02
어르신,M,본운동,짐볼 배에 대고 버티기,9,0.02
어르신,M,본운동,요가 및 필라테스 루틴프로그램,9,0.02
어르신,M,본운동,옆구리늘리기,9,0.02
어르신,M,본운동,어깨 올리기,8,0.02
어르신,M,본운동,짐볼 앉아 한발 내딛기,8,0.02
어르신,M,본운동,무릎 당겨올리기,8,0.02
어르신,M,본운동,허리 굽혀 덤벨 들기,8,0.02
어르신,M,본운동,왜가리 자세,8,0.02
어르신,M,본운동,엉덩관절 회전하기,8,0.02
어르신,M,본운동,나비자세,8,0.02
어르신,M,본운동,빌리보를 밀어요,8,0.02
어르신,M,본운동,무릎 아래에서 양옆으로 굴리기,7,0.02
어르신,M,본운동,서서 균형잡기,7,0.02
어르신,M,본운동,몸통 스트레칭,7,0.02
어르신,M,본운동,짐볼 앉아 양손 대각방향으로 들기,7,0.02
어르신,M,본운동,비스듬히 누워서 밀기,7,0.02
어르신,M,본운동,빠른 발 뛰기,7,0.02
어르신,M,본운동,앉았다 일어서면서 점프하기,7,0.02
어르신,M,본운동,손 뻗어 윗몸 일으키기,7,0.02
어르신,M,본운동,윗몸 일으키기,7,0.02
어르신,M,본운동,윗몸 말며 공을 전달해요,7,0.02
어르신,M,본운동,알을 낳아요,7,0.02
어르신,M,본운동,아기자세,7,0.02
어르신,M,본운동,공 받고 던져요,7,0.02
어르신,M,본운동,목 굽힘/ 폄 II,6,0.02
어르신,M,본운동,목 굽힘/ 폄 I,6,0.02
어르신,M,본운동,양발 교차하여 서서 몸통 숙이기,6,0.02
어르신,M,본운동,서서 발목 뒤로 당기기,6,0.02
어르신,M,본운동,무릎굽혀 원 그리기,6,0.02
어르신,M,본운동,다리모아 무릎 누르기,6,0.02
어르신,M,본운동,양발 벌려 무릎 밀어내기,6,0.02
어르신,M,본운동,짐볼 윗몸일으키기,6,0.02
어르신,M,본운동,의자에 한 다리 올리고 앉앗다 일어서기,6,0.02
어르신,M,본운동,서서 탄력밴드 당겨내리기/올리기,6,0.02
어르신,M,본운동,짐볼 전완대고 버티기,6,0.02
어르신,M,본운동,자전거타기,6,0.02
어르신,M,본운동,콘운동 루틴프로그램,6,0.02
어르신,M,본운동,의자 잡고 반복 옆 뛰기,6,0.02
어르신,M,본운동,앉아서 한 발 앞으로 굽히기,6,0.02
어르신,M,본운동,공을 옮겨요(앞),6,0.02
어르신,M,본운동,조심조심 걸어요,6,0.02
어르신,M,본운동,팔 교대로 올리기,5,0.01
어르신,M,본운동,다리 교대로 들어올리기,5,0.01
어르신,M,본운동,머리 위로 볼 돌리기,5,0.01
어르신,M,본운동,고양이 자세,5,0.01
어르신,M,본운동,사다리 옆으로 발 옮기기,5,0.01
어르신,M,본운동,뛰어 내렸다가 바로 점프하기,5,0.01
어르신,M,본운동,한발로 점프하기,5,0.01
어르신,M,본운동,사다리 안팎 뛰기,5,0.01
어르신,M,본운동,스텝퍼 오르내리기,5,0.01
어르신,M,본운동,사이드 지그재그 뛰기,5,0.01
어르신,M,본운동,V자 버티기,5,0.01
어르신,M,본운동,대(大)자 점프 뛰기,5,0.01
어르신,M,본운동,앉아 윗몸 앞으로 굽히기,5,0.01
어르신,M,본운동,짐볼 윗몸올리기,5,0.01
어르신,M,본운동,후다닥 붙여요,5,0.01
어르신,M,본운동,힘차게 맞춰요,5,0.01
어르신,M,본운동,낚시를 해요,5,0.01
어르신,M,본운동,뽁뽁이를 눌러요,5,0.01
어르신,M,본운동,엉금엉금 기어요,5,0.01
어르신,M,본운동,인사 체조,5,0.01
어르신,M,본운동,짐볼에 다리 올리고 엉덩이 들어올리기,4,0.01
어르신,M,본운동,다리뻗어 상체 숙이기,4,0.01
어르신,M,본운동,목 당기기,4,0.01
어르신,M,본운동,누워서 머리 위로 팔꿈치 펴기,4,0.01
어르신,M,본운동,뒤꿈치 높이들어 뛰기,4,0.01
어르신,M,본운동,앞굽이 앉았다 일어서기,4,0.01
어르신,M,본운동,누워서 수직으로 다리 들어올리기,4,0.01
어르신,M,본운동,복식호흡,4,0.01
어르신,M,본운동,양손 모아 균형 잡기,4,0.01
어르신,M,본운동,엎드려서 균형잡기,4,0.01
어르신,M,본운동,박스 운동 루틴프로그램,4,0.01
어르신,M,본운동,사다리 운동 루틴프로그램,4,0.01
어르신,M,본운동,사이드 스텝 점프하기,4,0.01
어르신,M,본운동,옆으로 펀치하기,4,0.01
어르신,M,본운동,밴드 어깨 뒤로 들어올리기,4,0.01
어르신,M,본운동,발 뒤꿈치 들어올리기,4,0.01
어르신,M,본운동,발 끝 당기기,4,0.01
어르신,M,본운동,허리 비틀어 앉았다 일어서기,4,0.01
어르신,M,본운동,제자리 뛰기,4,0.01
어르신,M,본운동,거북이 스트레칭,4,0.01
어르신,M,본운동,끌어요 당겨요,4,0.01
어르신,M,본운동,후굴자세 해봐요,4,0.01
어르신,M,본운동,알록달록 붙여요,4,0.01
어르신,M,본운동,알록달록 공을 옮겨요,4,0.01
어르신,M,본운동,분리배출 해요,4,0.01
어르신,M,본운동,짐볼에 엎드려서 팔 다리 들기,3,0.01
어르신,M,본운동,한 발 들어올리기,3,0.01
어르신,M,본운동,누워 발목 당겨주기,3,0.01
어르신,M,본운동,파워클린,3,0.01
어르신,M,본운동,누워 한발 원 그리기,3,0.01
어르신,M,본운동,백 슬라이드,3,0.01
어르신,M,본운동,무릎당겨 다리 올리기,3,0.01
어르신,M,본운동,한발 연속 뛰기,3,0.01
어르신,M,본운동,앉아서 다리 올리기,3,0.01
어르신,M,본운동,서서 어깨 들어올리기,3,0.01
어르신,M,본운동,무릎 높이 들어 뛰기,3,0.01
어르신,M,본운동,발 바꿔 뛰기,3,0.01
어르신,M,본운동,앉았다 일어나며 점프하기,3,0.01
어르신,M,본운동,엎드려 팔다리 교차올리기,3,0.01
어르신,M,본운동,줄넘기 운동,3,0.01
어르신,M,본운동,앉아서 상체 앞 옆으로 기울기,3,0.01
어르신,M,본운동,앉아서 팔꿈치 굽히기/펴기,3,0.01
어르신,M,본운동,옆으로 누워 다리 들어올리기,3,0.01
어르신,M,본운동,앉아서 밴드 당기기,3,0.01
어르신,M,본운동,다리 벌려 앞으로 상체 숙이기,3,0.01
어르신,M,본운동,다리 꼬아 상체 앞으로 숙이기,3,0.01
어르신,M,본운동,무릎 굽혀 가슴 닿기,3,0.01
어르신,M,본운동,다리 모아 상체 숙이기,3,0.01
어르신,M,본운동,메디신볼 운동 루틴프로그램,3,0.01
어르신,M,본운동,엎드려 무릎 연속 차기,3,0.01
어르신,M,본운동,공을 옮겨요(옆),3,0.01
어르신,M,본운동,소방훈련 해요,3,0.01
어르신,M,본운동,딩딩링을 끼워요,3,0.01
어르신,M,본운동,휴식자세,3,0.01
어르신,M,본운동,밸런스 보드에 서요,3,0.01
어르신,M,본운동,왕복달리기,3,0.01
어르신,M,본운동,팔굽혀펴기(무릎대고 실시),3,0.01
어르신,M,본운동,짐볼에 다리 올리고 좌우로 움직이기,2,0.01
어르신,M,본운동,짐볼에 엎드려서 몸통 젖히기,2,0.01
어르신,M,본운동,목 굽힘/ 폄 III,2,0.01
어르신,M,본운동,의자에 앉아 옆구리 숙이기,2,0.01
어르신,M,본운동,앉아서 무릎 굽히기,2,0.01
어르신,M,본운동,거꾸로 누워서 밀기,2,0.01
어르신,M,본운동,목 돌리기,2,0.01
어르신,M,본운동,전신 비틀며 전진하기,2,0.01
어르신,M,본운동,사이드 스텝,2,0.01
어르신,M,본운동,런지하며 상체 비틀기,2,0.01
어르신,M,본운동,발목 돌리기,2,0.01
어르신,M,본운동,한 발 끌어당기기,2,0.01
어르신,M,본운동,엎드려 상체 들어올리기,2,0.01
어르신,M,본운동,어깨 누르기,2,0.01
어르신,M,본운동,상체 감아올리기,2,0.01
어르신,M,본운동,팔 들어 올리며 런지,2,0.01
어르신,M,본운동,상체 앞으로 숙이기,2,0.01
어르신,M,본운동,허리 감아 볼 돌리기,2,0.01
어르신,M,본운동,다리 뻗어 점프하기,2,0.01
어르신,M,본운동,크런치 사이클,2,0.01
어르신,M,본운동,앞굽이 뛰기,2,0.01
어르신,M,본운동,네발 걷기,2,0.01
어르신,M,본운동,합장하여 앞으로 숙이기,2,0.01
어르신,M,본운동,서서 균형잡으며 몸통 회전하기,2,0.01
어르신,M,본운동,제자리 멀리 뛰기,2,0.01
어르신,M,본운동,아령 앞으로 들어올리기,2,0.01
어르신,M,본운동,아령 뒤로 들어올리기,2,0.01
어르신,M,본운동,의자 잡고 팔 뒤로 굽히기,2,0.01
어르신,M,본운동,밴드 앞 옆으로 들어올리기,2,0.01
어르신,M,본운동,앞발 들어올리기,2,0.01
어르신,M,본운동,한 발 무릎위 올려차기,2,0.01
어르신,M,본운동,발목 얹고 다리 잡아당기기,2,0.01
어르신,M,본운동,한 발 뒤로 빼고 앞으로 굽히기,2,0.01
어르신,M,본운동,종아리 사이 감아 돌리기,2,0.01
어르신,M,본운동,팔 구부려 등 모으기,2,0.01
어르신,M,본운동,우리 모두 다같이,2,0.01
어르신,M,본운동,빠르게 무릎 올려 찍기,2,0.01
어르신,M,본운동,지게발 걸어요,2,0.01
어르신,M,본운동,누워서 공들고 몸 기울이기,1,0.0
어르신,M,본운동,의자에 앉아 몸통비틀기,1,0.0
어르신,M,본운동,의자에 앉아 가슴 몸통 말아주기,1,0.0
어르신,M,본운동,의자에 앉아 가슴 뒤로 젖히기,1,0.0
어르신,M,본운동,옆으로 굽히기,1,0.0
어르신,M,본운동,옆으로 팔 벌리며 점프하기,1,0.0
어르신,M,본운동,서서 한팔 들어 오른쪽 왼쪽 뻗기,1,0.0
어르신,M,본운동,엉덩이 늘리기,1,0.0
어르신,M,본운동,가슴 어깨 펴기,1,0.0
어르신,M,본운동,몸 기울이기/회전하기,1,0.0
어르신,M,본운동,발등 동시에 늘리기,1,0.0
어르신,M,본운동,무릎 들어올리기,1,0.0
어르신,M,본운동,다리 들어올리기,1,0.0
어르신,M,본운동,한발들어 좌우 돌리기,1,0.0
어르신,M,본운동,등척성운동-벌림,1,0.0
어르신,M,본운동,탄력밴드 당기면서 팔 들어올리기,1,0.0
어르신,M,본운동,등척성운동-안쪽 돌림,1,0.0
어르신,M,본운동,등척성운동-바깥돌림,1,0.0
어르신,M,본운동,점프 팔굽혀펴기,1,0.0
어르신,M,본운동,다리 넓게 벌려 앉았다 일어서기,1,0.0
어르신,M,본운동,한 발 뒤로 들어올리기,1,0.0
어르신,M,본운동,누워 무릎 기울기,1,0.0
어르신,M,본운동,V자 싸이클,1,0.0
어르신,M,본운동,모관운동,1,0.0
어르신,M,본운동,순간반응 콘 찍기,1,0.0
어르신,M,본운동,좌우 양발모아 점프하기,1,0.0
어르신,M,본운동,연속 상향 점프하기,1,0.0
어르신,M,본운동,좌우 이동하며 팔굽혀펴기,1,0.0
어르신,M,본운동,팔굽혀펴기 후 점프하기,1,0.0
어르신,M,본운동,크게 다리벌려 교차 뛰기,1,0.0
어르신,M,본운동,뒷발 교차 뛰기,1,0.0
어르신,M,본운동,전사자세,1,0.0
어르신,M,본운동,양발 교차 뛰기,1,0.0
어르신,M,본운동,앉았다 일어서며 팔 들어올리기,1,0.0
어르신,M,본운동,짝 운동,1,0.0
어르신,M,본운동,다리 굽혀(W자) 상체 뒤로 눕기,1,0.0
어르신,M,본운동,다리 벌려 옆으로 상체 숙이기,1,0.0
어르신,M,본운동,발바닥 마주대고 끌어당기기,1,0.0
어르신,M,본운동,연속 무릎 올리기,1,0.0
어르신,M,본운동,반복 옆뛰기,1,0.0
어르신,M,본운동,잔발치기,1,0.0
어르신,M,본운동,양발 연속 뛰기,1,0.0
어르신,M,본운동,양발 점프 착지하기,1,0.0
어르신,M,본운동,사다리 좌우 뛰기,1,0.0
어르신,M,본운동,팔꿈치-무릎 교차 닿기,1,0.0
어르신,M,본운동,슈퍼맨자세,1,0.0
어르신,M,본운동,의자에 앉아 다리 펴서 들어올리기,1,0.0
어르신,M,본운동,앞으로 나가며 앉았다 일어서기,1,0.0
어르신,M,본운동,1단 줄넘기,1,0.0
어르신,M,본운동,다리 모았다 벌려 뛰기,1,0.0
어르신,M,본운동,밸런스 볼에 서요,1,0.0
어르신,M,본운동,다리 뻗어 올리기,1,0.0
어르신,M,정리운동,전신 루틴 스트레칭,821,6.73
어르신,M,정리운동,엉덩이 스트레칭,763,6.26
어르신,M,정리운동,하지 루틴 스트레칭2,468,3.84
어르신,M,정리운동,넙다리 안쪽 스트레칭,463,3.8
어르신,M,정리운동,대퇴사두근 스트레칭,400,3.28
어르신,M,정리운동,옆구리 스트레칭,389,3.19
어르신,M,정리운동,상지 루틴 스트레칭,364,2.98
어르신,M,정리운동,하지 루틴 스트레칭1,364,2.98
어르신,M,정리운동,목 스트레칭,362,2.97
어르신,M,정리운동,등/어깨 뒤쪽 스트레칭,355,2.91
어르신,M,정리운동,넙다리 앞쪽 스트레칭,327,2.68
어르신,M,정리운동,허리 스트레칭,325,2.66
어르신,M,정리운동,몸통 비틀기,315,2.58
어르신,M,정리운동,엉덩이 스트레칭2,308,2.53
어르신,M,정리운동,누워서 전신 뻗기,286,2.35
어르신,M,정리운동,가슴 스트레칭,264,2.16
어르신,M,정리운동,고정식 자전거 타기,248,2.03
어르신,M,정리운동,대퇴이두근 스트레칭,246,2.02
어르신,M,정리운동,고관절 스트레칭,222,1.82
어르신,M,정리운동,회전근개 스트레칭,216,1.77
어르신,M,정리운동,골반 스트레칭,208,1.71
어르신,M,정리운동,어깨 스트레칭,206,1.69
어르신,M,정리운동,종아리 스트레칭,205,1.68
어르신,M,정리운동,넙다리 뒤쪽 스트레칭,185,1.52
어르신,M,정리운동,깍지 끼고 상체 숙이기,177,1.45
어르신,M,정리운동,내전근 스트레칭,176,1.44
어르신,M,정리운동,가슴/어깨 스트레칭,159,1.3
어르신,M,정리운동,아래 팔 스트레칭,143,1.17
어르신,M,정리운동,몸 앞으로 굽히기,133,1.09
어르신,M,정리운동,어깨 뒤쪽 스트레칭,129,1.06
어르신,M,정리운동,정적 스트레칭 루틴프로그램,127,1.04
어르신,M,정리운동,고정식 트레드밀에서 걷기,126,1.03
어르신,M,정리운동,대퇴이두근 스트레칭2,119,0.98
어르신,M,정리운동,마주 앉아 대퇴이두근 스트레칭,105,0.86
어르신,M,정리운동,등 대고 대퇴이두근 스트레칭,102,0.84
어르신,M,정리운동,배 스트레칭,100,0.82
어르신,M,정리운동,비복근 스트레칭,96,0.79
어르신,M,정리운동,척추 스트레칭,95,0.78
어르신,M,정리운동,양팔 벌려 전신 비틀기,95,0.78
어르신,M,정리운동,배스트레칭,89,0.73
어르신,M,정리운동,마주 앉아 대퇴이두근 스트레칭2,84,0.69
어르신,M,정리운동,걷기,83,0.68
어르신,M,정리운동,자가근막이완술 루틴 스트레칭,80,0.66
어르신,M,정리운동,목 돌림 스트레칭,79,0.65
어르신,M,정리운동,골반 스트레칭2,74,0.61
어르신,M,정리운동,스텝박스 오르내리기,65,0.53
어르신,M,정리운동,스텝박스,63,0.52
어르신,M,정리운동,전신 틀어 손벽 마주치기,60,0.49
어르신,M,정리운동,복부 스트레칭,57,0.47
어르신,M,정리운동,등 스트레칭,57,0.47
어르신,M,정리운동,몸통 앞으로 굽혀 걷기,56,0.46
어르신,M,정리운동,팔꿈치 맞닿아 원그리기,55,0.45
어르신,M,정리운동,트레드밀에서 걷기,48,0.39
어르신,M,정리운동,실내 자전거타기,48,0.39
어르신,M,정리운동,어깨 양 옆으로 돌리기,44,0.36
어르신,M,정리운동,짐볼 앞으로 밀기,43,0.35
어르신,M,정리운동,가슴/어깨 앞쪽 스트레칭,43,0.35
어르신,M,정리운동,짐볼 양팔로 밀기,41,0.34
어르신,M,정리운동,발가락 폄근 스트레칭,40,0.33
어르신,M,정리운동,옆으로 누워 가슴 열기,35,0.29
어르신,M,정리운동,물속에서 걷기,33,0.27
어르신,M,정리운동,흔들어 체조,32,0.26
어르신,M,정리운동,어깨 올리기,31,0.25
어르신,M,정리운동,거북이 스트레칭,24,0.2
어르신,M,정리운동,무릎 아래에서 양옆으로 굴리기,21,0.17
어르신,M,정리운동,폼롤러 밀며 몸 앞으로 숙이기,20,0.16
어르신,M,정리운동,앉았다 일어서기,20,0.16
어르신,M,정리운동,앞굽이 앉았다 일어서기,20,0.16
어르신,M,정리운동,연속 사이드 스쿼드,20,0.16
어르신,M,정리운동,수영,19,0.16
어르신,M,정리운동,발바닥 치기,19,0.16
어르신,M,정리운동,짐볼 양옆으로 굴리기,19,0.16
어르신,M,정리운동,달리기,18,0.15
어르신,M,정리운동,팔 교대로 올리기,17,0.14
어르신,M,정리운동,폼롤러 앞으로 굴리기,17,0.14
어르신,M,정리운동,짐볼 옆에 두고 어깨 누르기,17,0.14
어르신,M,정리운동,후굴자세 해봐요,16,0.13
어르신,M,정리운동,아쿠아로빅,14,0.11
어르신,M,정리운동,회전근개 스트레칭2,13,0.11
어르신,M,정리운동,동적 스트레칭 루틴프로그램,13,0.11
어르신,M,정리운동,유산소 운동 전 동적 루틴 스트레칭,12,0.1
어르신,M,정리운동,의자에 앉아 등 굽혔다 펴기,12,0.1
어르신,M,정리운동,의자 잡고 후방으로 한발 뻗어 들기,12,0.1
어르신,M,정리운동,몸통 들어올리기,11,0.09
어르신,M,정리운동,의자 이용 중심 잡기 루틴 운동,9,0.07
어르신,M,정리운동,계단 올라갔다 내려오기,8,0.07
어르신,M,정리운동,휴식자세,8,0.07
어르신,M,정리운동,조깅,8,0.07
어르신,M,정리운동,옆으로 누워 폼롤러 굴려주기,8,0.07
어르신,M,정리운동,의자잡고 후방으로 무릎 굽혀 들기,8,0.07
어르신,M,정리운동,좌식생활자를 위한 동적 루틴 스트레칭,7,0.06
어르신,M,정리운동,플렉스 바 비틀기,7,0.06
어르신,M,정리운동,베개 밟고 서기,7,0.06
어르신,M,정리운동,자전거타기,6,0.05
어르신,M,정리운동,고양이 자세,6,0.05
어르신,M,정리운동,무릎 굽혀 가슴 닿기,6,0.05
어르신,M,정리운동,밴드 머리 뒤로 들어올리기,6,0.05
어르신,M,정리운동,옆으로 걷기,5,0.04
어르신,M,정리운동,물통으로 양팔 들어올리기,5,0.04
어르신,M,정리운동,의자 잡고 한발 들기,5,0.04
어르신,M,정리운동,의자에 앉아 볼 돌리기,5,0.04
어르신,M,정리운동,앉아서 덤벨로 손목 굽히기,5,0.04
어르신,M,정리운동,작은 공을 이용한 동적 루틴 스트레칭,4,0.03
어르신,M,정리운동,서서 발목 뒤로 당기기,4,0.03
어르신,M,정리운동,온 몸 뻗어주기,4,0.03
어르신,M,정리운동,누워서 굽힌 다리 펴기,4,0.03
어르신,M,정리운동,짐볼 들고 양옆으로 돌리기,4,0.03
어르신,M,정리운동,우리 모두 다같이,4,0.03
어르신,M,정리운동,누워서 가슴 밀기,4,0.03
어르신,M,정리운동,앉아서 가슴 모으기,4,0.03
어르신,M,정리운동,줄 따라 걷기,3,0.02
어르신,M,정리운동,앉아서 한 발 앞으로 굽히기,3,0.02
어르신,M,정리운동,의자 잡고 측면으로 한발 들기,3,0.02
어르신,M,정리운동,베개 밟고 측면으로 양팔 들기,3,0.02
어르신,M,정리운동,앉아서 다리 펴기,3,0.02
어르신,M,정리운동,앉아서 다리 밀기,3,0.02
어르신,M,정리운동,의자 잡고 전방으로 무릎 굽혀 들기,3,0.02
어르신,M,정리운동,앞뒤로 선넘기,3,0.02
어르신,M,정리운동,풍선 튕기기,3,0.02
어르신,M,정리운동,벽에서 팔굽혀 펴기,3,0.02
어르신,M,정리운동,공 잡고 들어올리기,3,0.02
어르신,M,정리운동,덤벨 잡고 뒤꿈치 들기,3,0.02
어르신,M,정리운동,발목 얹고 다리 잡아당기기,3,0.02
어르신,M,정리운동,앞뒤로 한발씩 걷기,3,0.02
어르신,M,정리운동,앉아서 뒤로 당기기,3,0.02
어르신,M,정리운동,풍선차기,2,0.02
어르신,M,정리운동,계단 뛰어 오르기,2,0.02
어르신,M,정리운동,앉은 산 자세,2,0.02
어르신,M,정리운동,양발 벌려 무릎 밀어내기,2,0.02
어르신,M,정리운동,다리들어 옆으로 올리기,2,0.02
어르신,M,정리운동,무릎굽혀 원 그리기,2,0.02
어르신,M,정리운동,몸통 스트레칭,2,0.02
어르신,M,정리운동,발등굽힘/발바닥굽힘,2,0.02
어르신,M,정리운동,요가 및 필라테스 루틴프로그램,2,0.02
어르신,M,정리운동,짐볼을 이용한 동적 루틴 스트레칭,2,0.02
어르신,M,정리운동,뒤꿈치 높이들어 뛰기,2,0.02
어르신,M,정리운동,나무자세,2,0.02
어르신,M,정리운동,엎드려서 다리 굽히기,2,0.02
어르신,M,정리운동,베개 밟고 교차 서기,2,0.02
어르신,M,정리운동,탄력밴드 걸고 서기,2,0.02
어르신,M,정리운동,탄력밴드 후방으로 당기기,2,0.02
어르신,M,정리운동,앉아서 팔꿈치 굽히기,2,0.02
어르신,M,정리운동,의자 잡고 서기,2,0.02
어르신,M,정리운동,서서 다리로 탄력밴드 당겨 중심 잡기 루틴 운동,2,0.02
어르신,M,정리운동,서서 다리 모으고 벌리기,2,0.02
어르신,M,정리운동,짐볼 이용해 앉았다 일어서기,2,0.02
어르신,M,정리운동,덤벨 잡고 앉았다 일어서기,2,0.02
어르신,M,정리운동,바벨 잡고 들어올리기,2,0.02
어르신,M,정리운동,소방훈련 해요,2,0.02
어르신,M,정리운동,인사 체조,2,0.02
어르신,M,정리운동,끌어요 당겨요,2,0.02
어르신,M,정리운동,밴드 잡고 몸통 옆으로 굽히기,2,0.02
어르신,M,정리운동,알을 낳아요,2,0.02
어르신,M,정리운동,밴드 걸고 앉아서 발등 굽힘,2,0.02
어르신,M,정리운동,의자 앉아 다리로 짐볼 쥐기,2,0.02
어르신,M,정리운동,짐볼에서 몸통 돌리기,2,0.02
어르신,M,정리운동,베개 밟고 두발 모아 서기,2,0.02
어르신,M,정리운동,한발 들기,1,0.01
어르신,M,정리운동,물병 들고 한발 앞으로 내밀고 앉았다 일어서기,1,0.01
어르신,M,정리운동,수건 이용하여 장딴지 늘리기,1,0.01
어르신,M,정리운동,등척성운동-안쪽 돌림,1,0.01
어르신,M,정리운동,등척성운동-바깥돌림,1,0.01
어르신,M,정리운동,등척성운동-벌림,1,0.01
어르신,M,정리운동,벌림 밸런스 운동-60~120도 사이,1,0.01
어르신,M,정리운동,굽힘 밸런스운동-60~120도 사이,1,0.01
어르신,M,정리운동,진자운동,1,0.01
어르신,M,정리운동,좌 우 회전(목 좌 우 회전),1,0.01
어르신,M,정리운동,좌 우 굴곡(목 좌 우 굴곡),1,0.01
어르신,M,정리운동,앞 뒤 굴곡(목 앞 뒤 굴곡),1,0.01
어르신,M,정리운동,균형 걷기,1,0.01
어르신,M,정리운동,줄넘기,1,0.01
어르신,M,정리운동,목 돌리기,1,0.01
어르신,M,정리운동,팔다리 교차 버티기,1,0.01
어르신,M,정리운동,누워서 하늘 자전거,1,0.01
어르신,M,정리운동,엎드려서 팔 다리 들기,1,0.01
어르신,M,정리운동,목 굽힘/ 폄 I,1,0.01
어르신,M,정리운동,목 굽힘/ 폄 II,1,0.01
어르신,M,정리운동,목 굽힘/ 폄 III,1,0.01
어르신,M,정리운동,엉덩관절 회전하기,1,0.01
어르신,M,정리운동,옆구리늘리기,1,0.01
어르신,M,정리운동,합장하여 앞으로 숙이기,1,0.01
어르신,M,정리운동,양발 교차하여 서서 몸통 숙이기,1,0.01
어르신,M,정리운동,실외 자전거타기,1,0.01
어르신,M,정리운동,전신 비틀며 전진하기,1,0.01
어르신,M,정리운동,탄력밴드 전방으로 당기기,1,0.01
어르신,M,정리운동,탄력밴드 측면으로 당기기,1,0.01
어르신,M,정리운동,좌우로 선넘기,1,0.01
어르신,M,정리운동,사다리 걷기,1,0.01
어르신,M,정리운동,두발모아 걷기,1,0.01
어르신,M,정리운동,앉아서 어깨 위로 밀기,1,0.01
어르신,M,정리운동,스카프 저글링,1,0.01
어르신,M,정리운동,하프콘 투호,1,0.01
어르신,M,정리운동,영차영차 올라요,1,0.01
어르신,M,정리운동,짐볼 앉아 양손 대각방향으로 들기,1,0.01
어르신,M,정리운동,머리 위로 공 넘기기,1,0.01
어르신,M,정리운동,팔벌려뛰기,1,0.01
어르신,M,정리운동,발 끝 당기기,1,0.01
어르신,M,정리운동,양발 나란히 서기,1,0.01
어르신,M,정리운동,꼬리를 떼어요,1,0.01
어르신,M,정리운동,점핑점핑해요,1,0.01
어르신,M,정리운동,줄넘기 해요,1,0.01
어르신,M,정리운동,아쿠아로빅-발 닿기,1,0.01
어르신,M,정리운동,밴드 걸고 누워서 다리 들어올리기,1,0.01
어르신,M,정리운동,앉아서 몸통 움츠리기,1,0.01
어르신,M,정리운동,밴드 걸고 옆으로 누워 다리 올리기,1,0.01
어르신,M,정리운동,밴드 잡고 누워서 다리 밀기,1,0.01
어르신,M,정리운동,낚시를 해요,1,0.01
유아기,F,준비운동,거북이 스트레칭,326,23.62
유아기,F,준비운동,흔들어 체조,270,19.57
유아기,F,준비운동,밴드를 당겨요,114,8.26
유아기,F,준비운동,후굴자세 해봐요,106,7.68
유아기,F,준비운동,영차영차 올라요,52,3.77
유아기,F,준비운동,점핑점핑해요,39,2.83
유아기,F,준비운동,꼬리를 떼어요,28,2.03
유아기,F,준비운동,줄넘기 해요,23,1.67
유아기,F,준비운동,유산소 운동 전 동적 루틴 스트레칭,18,1.3
유아기,F,준비운동,동물처럼 걸어요,18,1.3
유아기,F,준비운동,낚시를 해요,17,1.23
유아기,F,준비운동,빌리보를 밀어요,17,1.23
유아기,F,준비운동,알록달록 공을 옮겨요,15,1.09
유아기,F,준비운동,끌어요 당겨요,14,1.01
유아기,F,준비운동,윗몸 말며 공을 전달해요,14,1.01
유아기,F,준비운동,알록달록 붙여요,12,0.87
유아기,F,준비운동,딩딩링을 끼워요,11,0.8
유아기,F,준비운동,엉금엉금 기어요,10,0.72
유아기,F,준비운동,다리 벌려 앞으로 상체 숙이기,9,0.65
유아기,F,준비운동,다리 벌려 옆으로 상체 숙이기,9,0.65
유아기,F,준비운동,힘차게 던져요,9,0.65
유아기,F,준비운동,알을 낳아요,8,0.58
유아기,F,준비운동,힘차게 맞춰요,8,0.58
유아기,F,준비운동,아래 팔 스트레칭,8,0.58
유아기,F,준비운동,후다닥 집어요,7,0.51
유아기,F,준비운동,다리 모아 상체 숙이기,7,0.51
유아기,F,준비운동,공을 옮겨요(옆),7,0.51
유아기,F,준비운동,전신 루틴 스트레칭,6,0.43
유아기,F,준비운동,지그재그 달려요,6,0.43
유아기,F,준비운동,몸통 비틀기,5,0.36
유아기,F,준비운동,목 스트레칭,5,0.36
유아기,F,준비운동,우리 모두 다같이,5,0.36
유아기,F,준비운동,어깨 스트레칭,5,0.36
유아기,F,준비운동,대퇴사두근 스트레칭,5,0.36
유아기,F,준비운동,고관절 스트레칭,5,0.36
유아기,F,준비운동,후다닥 붙여요,5,0.36
유아기,F,준비운동,엎드려 교차 발 잡아당기기,5,0.36
유아기,F,준비운동,조심조심 걸어요,5,0.36
유아기,F,준비운동,지게발 걸어요,5,0.36
유아기,F,준비운동,무릎 대고 옆으로 기울이기,5,0.36
유아기,F,준비운동,가슴/어깨 앞쪽 스트레칭,5,0.36
유아기,F,준비운동,엉덩이 스트레칭,4,0.29
유아기,F,준비운동,밸런스 보드에 서요,4,0.29
유아기,F,준비운동,인사 체조,4,0.29
유아기,F,준비운동,트레드밀에서 걷기,4,0.29
유아기,F,준비운동,다리 굽혀(W자) 상체 뒤로 눕기,4,0.29
유아기,F,준비운동,무릎 굽혀 가슴 닿기,4,0.29
유아기,F,준비운동,엎드려 상체 들어올리기,4,0.29
유아기,F,준비운동,밸런스 볼에 서요,4,0.29
유아기,F,준비운동,등 대고 대퇴이두근 스트레칭,3,0.22
유아기,F,준비운동,상지 루틴 스트레칭,3,0.22
유아기,F,준비운동,실내 자전거타기,3,0.22
유아기,F,준비운동,등/어깨 뒤쪽 스트레칭,3,0.22
유아기,F,준비운동,발목 얹고 다리 잡아당기기,3,0.22
유아기,F,준비운동,한 발 앞굽이 팔 위로 뻗어 가슴 내밀기,3,0.22
유아기,F,준비운동,다리 꼬아 상체 앞으로 숙이기,3,0.22
유아기,F,준비운동,아쿠아로빅 운동 프로그램 루틴,2,0.14
유아기,F,준비운동,의자잡고 후방으로 무릎 굽혀 들기,2,0.14
유아기,F,준비운동,배스트레칭,2,0.14
유아기,F,준비운동,옆구리 스트레칭,2,0.14
유아기,F,준비운동,고정식 자전거 타기,2,0.14
유아기,F,준비운동,가슴 스트레칭,2,0.14
유아기,F,준비운동,달리기,2,0.14
유아기,F,준비운동,물속에서 걷기,2,0.14
유아기,F,준비운동,공 받고 던져요,2,0.14
유아기,F,준비운동,한 발 뒤로 빼고 앞으로 굽히기,2,0.14
유아기,F,준비운동,발가락 폄근 스트레칭,2,0.14
유아기,F,준비운동,발바닥 마주대고 끌어당기기,2,0.14
유아기,F,준비운동,하지 루틴 스트레칭1,2,0.14
유아기,F,준비운동,앉아 윗몸 앞으로 굽히기,2,0.14
유아기,F,준비운동,앉아서 한 발 앞으로 굽히기,2,0.14
유아기,F,준비운동,엎드려 어깨 늘리기,2,0.14
유아기,F,준비운동,활 자세,2,0.14
유아기,F,준비운동,분리배출 해요,2,0.14
유아기,F,준비운동,공을 옮겨요(앞),2,0.14
유아기,F,준비운동,척추 스트레칭,1,0.07
유아기,F,준비운동,허리 스트레칭,1,0.07
유아기,F,준비운동,막대 잡고 팔 안쪽/바깥 돌림,1,0.07
유아기,F,준비운동,좌식생활자를 위한 동적 루틴 스트레칭,1,0.07
유아기,F,준비운동,누워서 전신 뻗기,1,0.07
유아기,F,준비운동,베개 밟고 교차 서기,1,0.07
유아기,F,준비운동,고정식 트레드밀에서 걷기,1,0.07
유아기,F,준비운동,마주 앉아 대퇴이두근 스트레칭,1,0.07
유아기,F,준비운동,진자운동,1,0.07
유아기,F,준비운동,정적 스트레칭 루틴프로그램,1,0.07
유아기,F,준비운동,계단 올라갔다 내려오기,1,0.07
유아기,F,준비운동,테이블 이용하여 팔 들어 올리기,1,0.07
유아기,F,준비운동,걷기,1,0.07
유아기,F,준비운동,대퇴이두근 스트레칭,1,0.07
유아기,F,준비운동,대퇴이두근 스트레칭2,1,0.07
유아기,F,준비운동,종아리 스트레칭,1,0.07
유아기,F,준비운동,좌우로 선넘기,1,0.07
유아기,F,준비운동,앞뒤로 선넘기,1,0.07
유아기,F,준비운동,마주 앉아 대퇴이두근 스트레칭2,1,0.07
유아기,F,준비운동,엎드려 무릎 연속 차기,1,0.07
유아기,F,준비운동,왕복달리기,1,0.07
유아기,F,준비운동,1단 줄넘기,1,0.07
유아기,F,준비운동,계단 오르기,1,0.07
유아기,F,준비운동,무릎 대고 상체 뒤로 젖히기,1,0.07
유아기,F,준비운동,스텝박스 오르내리기,1,0.07
유아기,F,준비운동,의자 잡고 후방으로 한발 뻗어 들기,1,0.07
유아기,F,준비운동,베개 밟고 서기,1,0.07
유아기,F,준비운동,소방훈련 해요,1,0.07
유아기,F,준비운동,동적 스트레칭 루틴프로그램,1,0.07
유아기,F,준비운동,윗몸올리기,1,0.07
유아기,F,준비운동,누워서 다리 들어올리기,1,0.07
유아기,F,준비운동,누워서 다리 좌우로 움직이기,1,0.07
유아기,F,준비운동,누워서 굽힌 다리 펴기,1,0.07
유아기,F,준비운동,다리 모아 뒤로 눕기,1,0.07
유아기,F,준비운동,넙다리 앞쪽 스트레칭,1,0.07
유아기,F,준비운동,회전근개 스트레칭,1,0.07
유아기,F,준비운동,가슴/어깨 스트레칭,1,0.07
유아기,F,준비운동,넙다리 뒤쪽 스트레칭,1,0.07
유아기,F,준비운동,작은 공을 이용한 동적 루틴 스트레칭,1,0.07
유아기,F,준비운동,자가근막이완술 루틴 스트레칭,1,0.07
유아기,F,준비운동,팔꿈치 맞닿아 원그리기,1,0.07
유아기,F,본운동,밴드를 당겨요,205,6.82
유아기,F,본운동,점핑점핑해요,170,5.65
유아기,F,본운동,영차영차 올라요,145,4.82
유아기,F,본운동,줄넘기 해요,140,4.66
유아기,F,본운동,동물처럼 걸어요,127,4.22
유아기,F,본운동,꼬리를 떼어요,120,3.99
유아기,F,본운동,힘차게 던져요,115,3.82
유아기,F,본운동,빌리보를 밀어요,114,3.79
유아기,F,본운동,후다닥 붙여요,108,3.59
유아기,F,본운동,지그재그 달려요,106,3.53
유아기,F,본운동,윗몸 말며 공을 전달해요,93,3.09
유아기,F,본운동,우리 모두 다같이,91,3.03
유아기,F,본운동,후다닥 집어요,86,2.86
유아기,F,본운동,끌어요 당겨요,72,2.39
유아기,F,본운동,소방훈련 해요,69,2.29
유아기,F,본운동,알록달록 공을 옮겨요,68,2.26
유아기,F,본운동,인사 체조,64,2.13
유아기,F,본운동,낚시를 해요,59,1.96
유아기,F,본운동,엉금엉금 기어요,58,1.93
유아기,F,본운동,알을 낳아요,56,1.86
유아기,F,본운동,공을 옮겨요(옆),51,1.7
유아기,F,본운동,알록달록 붙여요,49,1.63
유아기,F,본운동,딩딩링을 끼워요,48,1.6
유아기,F,본운동,후굴자세 해봐요,48,1.6
유아기,F,본운동,조심조심 걸어요,47,1.56
유아기,F,본운동,공 받고 던져요,45,1.5
유아기,F,본운동,힘차게 맞춰요,35,1.16
유아기,F,본운동,밸런스 볼에 서요,31,1.03
유아기,F,본운동,공을 옮겨요(앞),30,1.0
유아기,F,본운동,거북이 스트레칭,30,1.0
유아기,F,본운동,뽁뽁이를 눌러요,24,0.8
유아기,F,본운동,밸런스 보드에 서요,22,0.73
유아기,F,본운동,분리배출 해요,20,0.67
유아기,F,본운동,지게발 걸어요,18,0.6
유아기,F,본운동,엎드려 버티기,11,0.37
유아기,F,본운동,흔들어 체조,11,0.37
유아기,F,본운동,앉아서 다리 밀기,10,0.33
유아기,F,본운동,의자 이용 중심 잡기 루틴 운동,10,0.33
유아기,F,본운동,앉아서 다리 펴기,9,0.3
유아기,F,본운동,실내 자전거타기,8,0.27
유아기,F,본운동,계단 올라갔다 내려오기,8,0.27
유아기,F,본운동,스텝박스 오르내리기,8,0.27
유아기,F,본운동,덤벨 잡고 뒤꿈치 들기,7,0.23
유아기,F,본운동,다리 벌려 앞으로 상체 숙이기,7,0.23
유아기,F,본운동,엉덩이 스트레칭,6,0.2
유아기,F,본운동,수영,6,0.2
유아기,F,본운동,윗몸올리기,6,0.2
유아기,F,본운동,달리기,6,0.2
유아기,F,본운동,스텝박스,6,0.2
유아기,F,본운동,앉았다 일어서기,6,0.2
유아기,F,본운동,덤벨 잡고 앉았다 일어서기,6,0.2
유아기,F,본운동,아쿠아로빅,6,0.2
유아기,F,본운동,목봉잡고 앉았다 일어나기,5,0.17
유아기,F,본운동,의자에 한 다리 올리고 앉앗다 일어서기,5,0.17
유아기,F,본운동,의자에 앉아 다리 뻗어 올리기,5,0.17
유아기,F,본운동,엎드려서 다리 굽히기,5,0.17
유아기,F,본운동,물속에서 걷기,5,0.17
유아기,F,본운동,옆으로 누워 버티기,5,0.17
유아기,F,본운동,누워서 배가로근 수축 II,5,0.17
유아기,F,본운동,다리 꼬아 상체 앞으로 숙이기,5,0.17
유아기,F,본운동,앉아 윗몸 앞으로 굽히기,5,0.17
유아기,F,본운동,앉아서 한 발 앞으로 굽히기,5,0.17
유아기,F,본운동,발목 얹고 다리 잡아당기기,5,0.17
유아기,F,본운동,윗몸 말아 올리기,4,0.13
유아기,F,본운동,물병 들고 한발 앞으로 내밀고 앉았다 일어서기,4,0.13
유아기,F,본운동,의자잡고 후방으로 무릎 굽혀 들기,4,0.13
유아기,F,본운동,서서 다리 뒤로 차기,4,0.13
유아기,F,본운동,한발 앞으로 내밀고 앉았다 일어서기,4,0.13
유아기,F,본운동,누워서 다리 들어올리기,4,0.13
유아기,F,본운동,의자 앞에서 앉았다 일어서기,4,0.13
유아기,F,본운동,팔벌려뛰기,4,0.13
유아기,F,본운동,다리 벌려 옆으로 상체 숙이기,4,0.13
유아기,F,본운동,다리 모아 상체 숙이기,4,0.13
유아기,F,본운동,무릎 대고 상체 뒤로 젖히기,4,0.13
유아기,F,본운동,트레드밀에서 걷기,3,0.1
유아기,F,본운동,넙다리 뒤쪽 스트레칭,3,0.1
유아기,F,본운동,몸통 들어올리기,3,0.1
유아기,F,본운동,벽에서 팔굽혀 펴기,3,0.1
유아기,F,본운동,팔굽혀펴기,3,0.1
유아기,F,본운동,서서 뒤꿈치 들기,3,0.1
유아기,F,본운동,전완대고 버티기,3,0.1
유아기,F,본운동,저항밴드 운동 루틴프로그램,3,0.1
유아기,F,본운동,네발기기 자세로 팔 다리 들기,3,0.1
유아기,F,본운동,엎드려서 팔 다리 들기,3,0.1
유아기,F,본운동,제자리 뛰기,3,0.1
유아기,F,본운동,바벨 잡고 들어올리기,3,0.1
유아기,F,본운동,베개 밟고 서기,3,0.1
유아기,F,본운동,50M 달리기,3,0.1
유아기,F,본운동,엎드려 상체 들어올리기,3,0.1
유아기,F,본운동,슈퍼맨자세,3,0.1
유아기,F,본운동,고정식 트레드밀에서 걷기,3,0.1
유아기,F,본운동,고정식 자전거 타기,3,0.1
유아기,F,본운동,의자 잡고 전방으로 무릎 굽혀 들기,3,0.1
유아기,F,본운동,발바닥 마주대고 끌어당기기,3,0.1
유아기,F,본운동,무릎 굽혀 가슴 닿기,3,0.1
유아기,F,본운동,앉아서 팔꿈치 굽히기,2,0.07
유아기,F,본운동,물통으로 양팔 들어올리기,2,0.07
유아기,F,본운동,앉아서 엉덩관절 굽히기,2,0.07
유아기,F,본운동,다리로 짐볼 들어올리기,2,0.07
유아기,F,본운동,넙다리 안쪽 스트레칭,2,0.07
유아기,F,본운동,밴드 걸고 엎드려서 다리 구부리기,2,0.07
유아기,F,본운동,손목 펴기/굽히기,2,0.07
유아기,F,본운동,누워서 엉덩이 들어올리기,2,0.07
유아기,F,본운동,허리 스트레칭,2,0.07
유아기,F,본운동,배스트레칭,2,0.07
유아기,F,본운동,옆구리 스트레칭,2,0.07
유아기,F,본운동,스카프 저글링,2,0.07
유아기,F,본운동,짐볼을 이용한 동적 루틴 스트레칭,2,0.07
유아기,F,본운동,작은 공을 이용한 동적 루틴 스트레칭,2,0.07
유아기,F,본운동,자가근막이완술 루틴 스트레칭,2,0.07
유아기,F,본운동,점프해서 손 발끝 닿기,2,0.07
유아기,F,본운동,제자리 멀리 뛰기,2,0.07
유아기,F,본운동,대(大)자 점프 뛰기,2,0.07
유아기,F,본운동,엎드려 교차 발 잡아당기기,2,0.07
유아기,F,본운동,앉아서 당겨 내리기,2,0.07
유아기,F,본운동,옆으로 펀치하기,2,0.07
유아기,F,본운동,의자 잡고 후방으로 한발 뻗어 들기,2,0.07
유아기,F,본운동,계단 뛰어 오르기,2,0.07
유아기,F,본운동,다리 굽혀(W자) 상체 뒤로 눕기,2,0.07
유아기,F,본운동,의자 잡고 반복 옆 뛰기,2,0.07
유아기,F,본운동,누워서 다리 좌우로 움직이기,2,0.07
유아기,F,본운동,엉덩이 스트레칭2,1,0.03
유아기,F,본운동,앉아서 어깨 위로 밀기,1,0.03
유아기,F,본운동,밴드 머리 뒤로 들어올리기,1,0.03
유아기,F,본운동,서서 팔꿈치 펴기,1,0.03
유아기,F,본운동,앉아서 덤벨로 손목 굽히기,1,0.03
유아기,F,본운동,턱걸이,1,0.03
유아기,F,본운동,목 돌림 스트레칭,1,0.03
유아기,F,본운동,짐볼 들고 양옆으로 돌리기,1,0.03
유아기,F,본운동,하지 루틴 스트레칭1,1,0.03
유아기,F,본운동,하지 루틴 스트레칭2,1,0.03
유아기,F,본운동,상지 루틴 스트레칭,1,0.03
유아기,F,본운동,실외 자전거타기,1,0.03
유아기,F,본운동,엎드려서 다리 차올리기,1,0.03
유아기,F,본운동,서서 다리로 탄력밴드 당기기 I,1,0.03
유아기,F,본운동,윗몸 일으키기,1,0.03
유아기,F,본운동,팔굽혀 펴기,1,0.03
유아기,F,본운동,조깅,1,0.03
유아기,F,본운동,자전거타기,1,0.03
유아기,F,본운동,줄넘기 운동,1,0.03
유아기,F,본운동,사이드 스텝,1,0.03
유아기,F,본운동,팔 벌려 뛰기,1,0.03
유아기,F,본운동,바벨 끌어당기기,1,0.03
유아기,F,본운동,누워서 배가로근 수축 I,1,0.03
유아기,F,본운동,넙다리 앞쪽 스트레칭,1,0.03
유아기,F,본운동,줄넘기,1,0.03
유아기,F,본운동,엎드려 무릎 연속 차기,1,0.03
유아기,F,본운동,아쿠아로빅-물당기기/밀기,1,0.03
유아기,F,본운동,플렉스 바 비틀기,1,0.03
유아기,F,본운동,가슴 스트레칭,1,0.03
유아기,F,본운동,옆으로 누워 폼롤러 굴려주기,1,0.03
유아기,F,본운동,폼롤러 앞으로 굴리기,1,0.03
유아기,F,본운동,폼롤러 밀며 몸 앞으로 숙이기,1,0.03
유아기,F,본운동,짐볼에서 엉덩이 돌리기,1,0.03
유아기,F,본운동,앞뒤로 한발씩 걷기,1,0.03
유아기,F,본운동,옆으로 걷기,1,0.03
유아기,F,본운동,덤벨 잡고 한발 내밀어 굽혔다 펴기,1,0.03
유아기,F,본운동,공 잡고 들어올리기,1,0.03
유아기,F,본운동,내전근 스트레칭,1,0.03
유아기,F,본운동,대퇴사두근 스트레칭,1,0.03
유아기,F,본운동,베개 밟고 교차 서기,1,0.03
유아기,F,본운동,베개 밟고 측면으로 양팔 들기,1,0.03
유아기,F,본운동,박스 오르내리기,1,0.03
유아기,F,본운동,다리 모았다 벌려 뛰기,1,0.03
유아기,F,본운동,박스 옆으로 번갈아 뛰기,1,0.03
유아기,F,본운동,왕복달리기,1,0.03
유아기,F,본운동,1단 줄넘기,1,0.03
유아기,F,본운동,계단 오르기,1,0.03
유아기,F,본운동,엎드려 팔 대고 버티기,1,0.03
유아기,F,본운동,옆으로 팔 대고 버티기,1,0.03
유아기,F,본운동,앉아서 다리 펴서 들어올리기,1,0.03
유아기,F,본운동,옆으로 누워 다리 들어올리기,1,0.03
유아기,F,본운동,엎드려 다리 들어올리기,1,0.03
유아기,F,본운동,아령 앞으로 들어올리기,1,0.03
유아기,F,본운동,밴드 앞 옆으로 들어올리기,1,0.03
유아기,F,본운동,앉아서 뒤로 당기기,1,0.03
유아기,F,본운동,누워서 가슴 밀기,1,0.03
유아기,F,본운동,엎드려 팔로 걷기,1,0.03
유아기,F,본운동,V자 버티기,1,0.03
유아기,F,본운동,머리 위로 공 넘기기,1,0.03
유아기,F,본운동,풍선 튕기기,1,0.03
유아기,F,본운동,탄력밴드 걸고 서기,1,0.03
유아기,F,본운동,탄력밴드 후방으로 당기기,1,0.03
유아기,F,본운동,의자 이용하기,1,0.03
유아기,F,본운동,의자 앉아 공 밀기,1,0.03
유아기,F,본운동,사다리 안팎 뛰기,1,0.03
유아기,F,본운동,앉았다 일어서면서 점프하기,1,0.03
유아기,F,본운동,누워서 팔 다리 동시에 들어올리기,1,0.03
유아기,F,본운동,대퇴이두근 스트레칭2,1,0.03
유아기,F,본운동,엎드려서 균형잡기,1,0.03
유아기,F,본운동,짐볼 앉아 중심 잡기 루틴 운동,1,0.03
유아기,F,본운동,연속 무릎 올리기,1,0.03
유아기,F,본운동,4방향 콘 찍고 달리기,1,0.03
유아기,F,본운동,점프하며 앞으로 나가기,1,0.03
유아기,F,본운동,S자 달리기,1,0.03
유아기,F,본운동,밴드 걸고 누워서 다리 들어올리기,1,0.03
유아기,F,본운동,밴드 걸고 옆으로 누워 다리 올리기,1,0.03
유아기,F,본운동,물병 옆으로 들어올리기,1,0.03
유아기,F,본운동,몸통 옆으로 굽히기,1,0.03
유아기,F,본운동,무릎 높여 제자리 달리기,1,0.03
유아기,F,본운동,팔 빨리 흔들기,1,0.03
유아기,F,본운동,벽잡고 빨리 뛰기,1,0.03
유아기,F,본운동,콘 뛰어넘기,1,0.03
유아기,F,본운동,앉아서 가슴 모으기,1,0.03
유아기,F,본운동,무릎 대고 옆으로 기울이기,1,0.03
유아기,F,본운동,스텝퍼 뛰어서 오르내리기,1,0.03
유아기,F,본운동,스텝퍼 뛰어서 넘어가기,1,0.03
유아기,F,본운동,서서 다리로 탄력밴드 당겨 중심 잡기 루틴 운동,1,0.03
유아기,F,본운동,밴드 잡고 누워서 다리 밀기,1,0.03
유아기,F,본운동,마주 앉아 대퇴이두근 스트레칭,1,0.03
유아기,F,본운동,계단 한발 뛰기,1,0.03
유아기,F,본운동,뒤로 팔굽혀펴기,1,0.03
유아기,F,본운동,앉아서 옆구리 늘려주기,1,0.03
유아기,F,정리운동,흔들어 체조,275,23.31
유아기,F,정리운동,거북이 스트레칭,233,19.75
유아기,F,정리운동,후굴자세 해봐요,140,11.86
유아기,F,정리운동,알을 낳아요,71,6.02
유아기,F,정리운동,꼬리를 떼어요,62,5.25
유아기,F,정리운동,점핑점핑해요,61,5.17
유아기,F,정리운동,줄넘기 해요,60,5.08
유아기,F,정리운동,전신 루틴 스트레칭,17,1.44
유아기,F,정리운동,하지 루틴 스트레칭1,12,1.02
유아기,F,정리운동,상지 루틴 스트레칭,11,0.93
유아기,F,정리운동,하지 루틴 스트레칭2,11,0.93
유아기,F,정리운동,엉덩이 스트레칭,9,0.76
유아기,F,정리운동,옆구리 스트레칭,9,0.76
유아기,F,정리운동,인사 체조,9,0.76
유아기,F,정리운동,공을 옮겨요(앞),9,0.76
유아기,F,정리운동,끌어요 당겨요,8,0.68
유아기,F,정리운동,우리 모두 다같이,8,0.68
유아기,F,정리운동,정적 스트레칭 루틴프로그램,7,0.59
유아기,F,정리운동,분리배출 해요,7,0.59
유아기,F,정리운동,등/어깨 뒤쪽 스트레칭,6,0.51
유아기,F,정리운동,엉금엉금 기어요,6,0.51
유아기,F,정리운동,공을 옮겨요(옆),6,0.51
유아기,F,정리운동,공 받고 던져요,6,0.51
유아기,F,정리운동,영차영차 올라요,5,0.42
유아기,F,정리운동,후다닥 붙여요,5,0.42
유아기,F,정리운동,후다닥 집어요,5,0.42
유아기,F,정리운동,뽁뽁이를 눌러요,5,0.42
유아기,F,정리운동,허리 스트레칭,5,0.42
유아기,F,정리운동,배스트레칭,5,0.42
유아기,F,정리운동,밴드를 당겨요,4,0.34
유아기,F,정리운동,밸런스 볼에 서요,4,0.34
유아기,F,정리운동,알록달록 공을 옮겨요,4,0.34
유아기,F,정리운동,넙다리 뒤쪽 스트레칭,4,0.34
유아기,F,정리운동,몸통 비틀기,4,0.34
유아기,F,정리운동,낚시를 해요,3,0.25
유아기,F,정리운동,대퇴사두근 스트레칭,3,0.25
유아기,F,정리운동,짐볼을 이용한 동적 루틴 스트레칭,3,0.25
유아기,F,정리운동,작은 공을 이용한 동적 루틴 스트레칭,3,0.25
유아기,F,정리운동,가슴/어깨 앞쪽 스트레칭,3,0.25
유아기,F,정리운동,넙다리 안쪽 스트레칭,3,0.25
유아기,F,정리운동,딩딩링을 끼워요,3,0.25
유아기,F,정리운동,윗몸 말며 공을 전달해요,3,0.25
유아기,F,정리운동,걷기,3,0.25
유아기,F,정리운동,엉덩이 스트레칭2,3,0.25
유아기,F,정리운동,종아리 스트레칭,3,0.25
유아기,F,정리운동,고정식 트레드밀에서 걷기,2,0.17
유아기,F,정리운동,지게발 걸어요,2,0.17
유아기,F,정리운동,마주 앉아 대퇴이두근 스트레칭,2,0.17
유아기,F,정리운동,마주 앉아 대퇴이두근 스트레칭2,2,0.17
유아기,F,정리운동,복부 스트레칭,2,0.17
유아기,F,정리운동,대퇴이두근 스트레칭2,2,0.17
유아기,F,정리운동,실내 자전거타기,2,0.17
유아기,F,정리운동,넙다리 앞쪽 스트레칭,2,0.17
유아기,F,정리운동,힘차게 맞춰요,2,0.17
유아기,F,정리운동,좌식생활자를 위한 동적 루틴 스트레칭,2,0.17
유아기,F,정리운동,가슴 스트레칭,2,0.17
유아기,F,정리운동,동물처럼 걸어요,2,0.17
유아기,F,정리운동,골반 스트레칭,2,0.17
유아기,F,정리운동,소방훈련 해요,2,0.17
유아기,F,정리운동,지그재그 달려요,2,0.17
유아기,F,정리운동,누워서 전신 뻗기,1,0.08
유아기,F,정리운동,어깨 뒤쪽 스트레칭,1,0.08
유아기,F,정리운동,짐볼 앞으로 밀기,1,0.08
유아기,F,정리운동,짐볼 옆에 두고 어깨 누르기,1,0.08
유아기,F,정리운동,무릎 아래에서 양옆으로 굴리기,1,0.08
유아기,F,정리운동,고관절 스트레칭,1,0.08
유아기,F,정리운동,요가 및 필라테스 루틴프로그램,1,0.08
유아기,F,정리운동,조심조심 걸어요,1,0.08
유아기,F,정리운동,밸런스 보드에 서요,1,0.08
유아기,F,정리운동,골반 스트레칭2,1,0.08
유아기,F,정리운동,목 돌림 스트레칭,1,0.08
유아기,F,정리운동,회전근개 스트레칭,1,0.08
유아기,F,정리운동,목 스트레칭,1,0.08
유아기,F,정리운동,팔꿈치 맞닿아 원그리기,1,0.08
유아기,F,정리운동,몸 앞으로 굽히기,1,0.08
유아기,F,정리운동,내전근 스트레칭,1,0.08
유아기,F,정리운동,척추 스트레칭,1,0.08
유아기,F,정리운동,알록달록 붙여요,1,0.08
유아기,F,정리운동,달리기,1,0.08
유아기,F,정리운동,트레드밀에서 걷기,1,0.08
유아기,F,정리운동,고정식 자전거 타기,1,0.08
유아기,F,정리운동,스텝박스 오르내리기,1,0.08
유아기,F,정리운동,빌리보를 밀어요,1,0.08
유아기,F,정리운동,힘차게 던져요,1,0.08
유아기,M,준비운동,거북이 스트레칭,380,23.53
유아기,M,준비운동,흔들어 체조,269,16.66
유아기,M,준비운동,후굴자세 해봐요,145,8.98
유아기,M,준비운동,밴드를 당겨요,121,7.49
유아기,M,준비운동,영차영차 올라요,79,4.89
유아기,M,준비운동,점핑점핑해요,34,2.11
유아기,M,준비운동,꼬리를 떼어요,32,1.98
유아기,M,준비운동,줄넘기 해요,24,1.49
유아기,M,준비운동,끌어요 당겨요,19,1.18
유아기,M,준비운동,동물처럼 걸어요,18,1.11
유아기,M,준비운동,낚시를 해요,17,1.05
유아기,M,준비운동,후다닥 집어요,15,0.93
유아기,M,준비운동,윗몸 말며 공을 전달해요,15,0.93
유아기,M,준비운동,빌리보를 밀어요,15,0.93
유아기,M,준비운동,유산소 운동 전 동적 루틴 스트레칭,14,0.87
유아기,M,준비운동,알록달록 공을 옮겨요,14,0.87
유아기,M,준비운동,등/어깨 뒤쪽 스트레칭,13,0.8
유아기,M,준비운동,힘차게 던져요,13,0.8
유아기,M,준비운동,목 스트레칭,12,0.74
유아기,M,준비운동,알을 낳아요,11,0.68
유아기,M,준비운동,후다닥 붙여요,11,0.68
유아기,M,준비운동,힘차게 맞춰요,11,0.68
유아기,M,준비운동,전신 루틴 스트레칭,10,0.62
유아기,M,준비운동,공을 옮겨요(옆),10,0.62
유아기,M,준비운동,다리 모아 상체 숙이기,10,0.62
유아기,M,준비운동,지그재그 달려요,9,0.56
유아기,M,준비운동,알록달록 붙여요,9,0.56
유아기,M,준비운동,다리 벌려 옆으로 상체 숙이기,9,0.56
유아기,M,준비운동,엉덩이 스트레칭,8,0.5
유아기,M,준비운동,인사 체조,8,0.5
유아기,M,준비운동,엎드려 교차 발 잡아당기기,8,0.5
유아기,M,준비운동,딩딩링을 끼워요,8,0.5
유아기,M,준비운동,우리 모두 다같이,7,0.43
유아기,M,준비운동,몸통 비틀기,7,0.43
유아기,M,준비운동,고관절 스트레칭,7,0.43
유아기,M,준비운동,엉금엉금 기어요,7,0.43
유아기,M,준비운동,한 발 뒤로 빼고 앞으로 굽히기,7,0.43
유아기,M,준비운동,앉아 윗몸 앞으로 굽히기,7,0.43
유아기,M,준비운동,가슴/어깨 앞쪽 스트레칭,6,0.37
유아기,M,준비운동,다리 벌려 앞으로 상체 숙이기,6,0.37
유아기,M,준비운동,다리 굽혀(W자) 상체 뒤로 눕기,6,0.37
유아기,M,준비운동,활 자세,6,0.37
유아기,M,준비운동,허리 스트레칭,5,0.31
유아기,M,준비운동,하지 루틴 스트레칭1,5,0.31
유아기,M,준비운동,대퇴사두근 스트레칭,5,0.31
유아기,M,준비운동,앉아서 한 발 앞으로 굽히기,5,0.31
유아기,M,준비운동,공을 옮겨요(앞),5,0.31
유아기,M,준비운동,엎드려 상체 들어올리기,5,0.31
유아기,M,준비운동,엎드려 어깨 늘리기,5,0.31
유아기,M,준비운동,옆구리 스트레칭,4,0.25
유아기,M,준비운동,아래 팔 스트레칭,4,0.25
유아기,M,준비운동,실외 자전거타기,4,0.25
유아기,M,준비운동,분리배출 해요,4,0.25
유아기,M,준비운동,다리 꼬아 상체 앞으로 숙이기,4,0.25
유아기,M,준비운동,공 받고 던져요,4,0.25
유아기,M,준비운동,대퇴이두근 스트레칭,4,0.25
유아기,M,준비운동,무릎 대고 상체 뒤로 젖히기,4,0.25
유아기,M,준비운동,무릎 대고 옆으로 기울이기,4,0.25
유아기,M,준비운동,누워서 굽힌 다리 펴기,4,0.25
유아기,M,준비운동,어깨 스트레칭,4,0.25
유아기,M,준비운동,조심조심 걸어요,4,0.25
유아기,M,준비운동,밸런스 보드에 서요,3,0.19
유아기,M,준비운동,하지 루틴 스트레칭2,3,0.19
유아기,M,준비운동,상지 루틴 스트레칭,3,0.19
유아기,M,준비운동,넙다리 앞쪽 스트레칭,3,0.19
유아기,M,준비운동,걷기,3,0.19
유아기,M,준비운동,소방훈련 해요,3,0.19
유아기,M,준비운동,배스트레칭,3,0.19
유아기,M,준비운동,앉아서 옆구리 늘려주기,3,0.19
유아기,M,준비운동,가슴 스트레칭,3,0.19
유아기,M,준비운동,의자 잡고 전방으로 무릎 굽혀 들기,3,0.19
유아기,M,준비운동,밸런스 볼에 서요,3,0.19
유아기,M,준비운동,지게발 걸어요,3,0.19
유아기,M,준비운동,테이블 이용하여 팔 들어 올리기,3,0.19
유아기,M,준비운동,한 발 앞굽이 팔 위로 뻗어 가슴 내밀기,3,0.19
유아기,M,준비운동,의자잡고 후방으로 무릎 굽혀 들기,2,0.12
유아기,M,준비운동,어깨 뒤쪽 스트레칭,2,0.12
유아기,M,준비운동,넙다리 뒤쪽 스트레칭,2,0.12
유아기,M,준비운동,넙다리 안쪽 스트레칭,2,0.12
유아기,M,준비운동,달리기,2,0.12
유아기,M,준비운동,자가근막이완술 루틴 스트레칭,2,0.12
유아기,M,준비운동,좌식생활자를 위한 동적 루틴 스트레칭,2,0.12
유아기,M,준비운동,발바닥 마주대고 끌어당기기,2,0.12
유아기,M,준비운동,발목 얹고 다리 잡아당기기,2,0.12
유아기,M,준비운동,제자리 뛰기,2,0.12
유아기,M,준비운동,1단 줄넘기,2,0.12
유아기,M,준비운동,고정식 트레드밀에서 걷기,2,0.12
유아기,M,준비운동,계단 올라갔다 내려오기,2,0.12
유아기,M,준비운동,배 스트레칭,1,0.06
유아기,M,준비운동,의자 잡고 후방으로 한발 뻗어 들기,1,0.06
유아기,M,준비운동,트레드밀에서 걷기,1,0.06
유아기,M,준비운동,어깨 올리기,1,0.06
유아기,M,준비운동,턱걸이,1,0.06
유아기,M,준비운동,다리 모아 뒤로 눕기,1,0.06
유아기,M,준비운동,동적 스트레칭 루틴프로그램,1,0.06
유아기,M,준비운동,점프해서 발바닥 치기,1,0.06
유아기,M,준비운동,점프해서 손 발끝 닿기,1,0.06
유아기,M,준비운동,제자리 멀리 뛰기,1,0.06
유아기,M,준비운동,대(大)자 점프 뛰기,1,0.06
유아기,M,준비운동,엎드려 무릎 연속 차기,1,0.06
유아기,M,준비운동,왕복달리기,1,0.06
유아기,M,준비운동,등 대고 대퇴이두근 스트레칭,1,0.06
유아기,M,준비운동,탄력밴드 전방으로 당기기,1,0.06
유아기,M,준비운동,깍지 끼고 상체 숙이기,1,0.06
유아기,M,준비운동,줄넘기,1,0.06
유아기,M,준비운동,실내 자전거타기,1,0.06
유아기,M,준비운동,팔 빨리 흔들기,1,0.06
유아기,M,준비운동,벽잡고 빨리 뛰기,1,0.06
유아기,M,준비운동,다리 모았다 벌려 뛰기,1,0.06
유아기,M,준비운동,무릎 굽혀 가슴 닿기,1,0.06
유아기,M,준비운동,고정식 자전거 타기,1,0.06
유아기,M,준비운동,비복근 스트레칭,1,0.06
유아기,M,준비운동,옆으로 누워서팔 앞으로 당기기,1,0.06
유아기,M,준비운동,짐볼을 이용한 동적 루틴 스트레칭,1,0.06
유아기,M,준비운동,빠르게 걷기,1,0.06
유아기,M,본운동,밴드를 당겨요,201,5.91
유아기,M,본운동,점핑점핑해요,169,4.97
유아기,M,본운동,영차영차 올라요,155,4.56
유아기,M,본운동,줄넘기 해요,145,4.26
유아기,M,본운동,꼬리를 떼어요,138,4.06
유아기,M,본운동,지그재그 달려요,136,4.0
유아기,M,본운동,후다닥 붙여요,127,3.74
유아기,M,본운동,동물처럼 걸어요,121,3.56
유아기,M,본운동,힘차게 던져요,114,3.35
유아기,M,본운동,빌리보를 밀어요,108,3.18
유아기,M,본운동,끌어요 당겨요,103,3.03
유아기,M,본운동,후다닥 집어요,102,3.0
유아기,M,본운동,우리 모두 다같이,93,2.74
유아기,M,본운동,윗몸 말며 공을 전달해요,89,2.62
유아기,M,본운동,엉금엉금 기어요,85,2.5
유아기,M,본운동,알록달록 공을 옮겨요,82,2.41
유아기,M,본운동,공을 옮겨요(옆),68,2.0
유아기,M,본운동,힘차게 맞춰요,66,1.94
유아기,M,본운동,알록달록 붙여요,66,1.94
유아기,M,본운동,후굴자세 해봐요,65,1.91
유아기,M,본운동,소방훈련 해요,62,1.82
유아기,M,본운동,낚시를 해요,62,1.82
유아기,M,본운동,알을 낳아요,61,1.79
유아기,M,본운동,딩딩링을 끼워요,60,1.76
유아기,M,본운동,인사 체조,60,1.76
유아기,M,본운동,공 받고 던져요,51,1.5
유아기,M,본운동,공을 옮겨요(앞),40,1.18
유아기,M,본운동,거북이 스트레칭,35,1.03
유아기,M,본운동,밸런스 보드에 서요,34,1.0
유아기,M,본운동,분리배출 해요,32,0.94
유아기,M,본운동,조심조심 걸어요,29,0.85
유아기,M,본운동,지게발 걸어요,25,0.74
유아기,M,본운동,밸런스 볼에 서요,25,0.74
유아기,M,본운동,뽁뽁이를 눌러요,24,0.71
유아기,M,본운동,달리기,21,0.62
유아기,M,본운동,실내 자전거타기,13,0.38
유아기,M,본운동,고정식 자전거 타기,12,0.35
유아기,M,본운동,윗몸 말아 올리기,12,0.35
유아기,M,본운동,계단 올라갔다 내려오기,11,0.32
유아기,M,본운동,수영,10,0.29
유아기,M,본운동,흔들어 체조,10,0.29
유아기,M,본운동,턱걸이,10,0.29
유아기,M,본운동,앉아서 다리 펴기,10,0.29
유아기,M,본운동,고정식 트레드밀에서 걷기,9,0.26
유아기,M,본운동,스텝박스,9,0.26
유아기,M,본운동,무릎 굽혀 가슴 닿기,9,0.26
유아기,M,본운동,엉덩이 스트레칭,8,0.24
유아기,M,본운동,앉아 윗몸 앞으로 굽히기,8,0.24
유아기,M,본운동,앉아서 한 발 앞으로 굽히기,8,0.24
유아기,M,본운동,발바닥 마주대고 끌어당기기,8,0.24
유아기,M,본운동,스텝박스 오르내리기,7,0.21
유아기,M,본운동,앉아서 옆구리 늘려주기,7,0.21
유아기,M,본운동,다리 굽혀(W자) 상체 뒤로 눕기,7,0.21
유아기,M,본운동,벽에서 팔굽혀 펴기,6,0.18
유아기,M,본운동,엎드려 버티기,6,0.18
유아기,M,본운동,앉았다 일어서기,6,0.18
유아기,M,본운동,누워서 배가로근 수축 II,6,0.18
유아기,M,본운동,줄넘기,6,0.18
유아기,M,본운동,덤벨 잡고 앉았다 일어서기,6,0.18
유아기,M,본운동,다리 꼬아 상체 앞으로 숙이기,6,0.18
유아기,M,본운동,앉아서 뒤로 당기기,5,0.15
유아기,M,본운동,사다리 이용 루틴 운동,5,0.15
유아기,M,본운동,넙다리 뒤쪽 스트레칭,5,0.15
유아기,M,본운동,앉아서 다리 밀기,5,0.15
유아기,M,본운동,하지 루틴 스트레칭1,5,0.15
유아기,M,본운동,탄력밴드 후방 측면으로 당기기,5,0.15
유아기,M,본운동,매달려서 다리 들기,5,0.15
유아기,M,본운동,한발 앞으로 내밀고 앉았다 일어서기,5,0.15
유아기,M,본운동,다리 모아 상체 숙이기,5,0.15
유아기,M,본운동,다리 벌려 앞으로 상체 숙이기,5,0.15
유아기,M,본운동,다리 벌려 옆으로 상체 숙이기,5,0.15
유아기,M,본운동,슈퍼맨자세,5,0.15
유아기,M,본운동,앉아서 당겨 내리기,4,0.12
유아기,M,본운동,의자 이용 중심 잡기 루틴 운동,4,0.12
유아기,M,본운동,팔굽혀펴기,4,0.12
유아기,M,본운동,실외 자전거타기,4,0.12
유아기,M,본운동,손목 펴기/굽히기,4,0.12
유아기,M,본운동,1단 줄넘기,4,0.12
유아기,M,본운동,박스 오르내리기,4,0.12
유아기,M,본운동,팔로 써클링 누르기,4,0.12
유아기,M,본운동,탄력밴드 전방으로 당기기,4,0.12
유아기,M,본운동,탄력밴드 후방으로 당기기,4,0.12
유아기,M,본운동,탄력밴드 측면으로 당기기,4,0.12
유아기,M,본운동,S자 달리기,4,0.12
유아기,M,본운동,등/어깨 뒤쪽 스트레칭,4,0.12
유아기,M,본운동,몸통 들어올리기,3,0.09
유아기,M,본운동,누워서 가슴 밀기,3,0.09
유아기,M,본운동,윗몸올리기,3,0.09
유아기,M,본운동,누워서 다리 들어올리기,3,0.09
유아기,M,본운동,자가근막이완술 루틴 스트레칭,3,0.09
유아기,M,본운동,하지 루틴 스트레칭2,3,0.09
유아기,M,본운동,팔벌려뛰기,3,0.09
유아기,M,본운동,버피운동,3,0.09
유아기,M,본운동,계단 뛰어 오르기,3,0.09
유아기,M,본운동,바벨 잡고 들어올리기,3,0.09
유아기,M,본운동,앉아서 엉덩이 들고 이동하기,3,0.09
유아기,M,본운동,엎드려 팔로 걷기,3,0.09
유아기,M,본운동,엎드려서 다리 굽히기,3,0.09
유아기,M,본운동,왕복달리기,3,0.09
유아기,M,본운동,연속 무릎 올리기,3,0.09
유아기,M,본운동,십(十)자 달리기,3,0.09
유아기,M,본운동,반복 옆뛰기,3,0.09
유아기,M,본운동,맨몸운동 루틴프로그램,3,0.09
유아기,M,본운동,엎드려서 다리 차올리기,3,0.09
유아기,M,본운동,의자 잡고 반복 옆 뛰기,3,0.09
유아기,M,본운동,옆으로 걷기,3,0.09
유아기,M,본운동,의자 이용하기,3,0.09
유아기,M,본운동,풍선차기,3,0.09
유아기,M,본운동,아래 팔 스트레칭,3,0.09
유아기,M,본운동,넙다리 앞쪽 스트레칭,3,0.09
유아기,M,본운동,밴드 걸고 엎드려서 다리 구부리기,2,0.06
유아기,M,본운동,밴드 걸고 누워서 다리 들어올리기,2,0.06
유아기,M,본운동,몸통 비틀기,2,0.06
유아기,M,본운동,탄력밴드 걸고 서기,2,0.06
유아기,M,본운동,짐볼 앉아 중심 잡기 루틴 운동,2,0.06
유아기,M,본운동,누워서 엉덩이 들어올리기,2,0.06
유아기,M,본운동,좌식생활자를 위한 동적 루틴 스트레칭,2,0.06
유아기,M,본운동,짐볼 윗몸올리기,2,0.06
유아기,M,본운동,밴드 머리 뒤로 들어올리기,2,0.06
유아기,M,본운동,배스트레칭,2,0.06
유아기,M,본운동,옆구리 스트레칭,2,0.06
유아기,M,본운동,스텝퍼 뛰어서 넘어가기,2,0.06
유아기,M,본운동,스텝퍼 옆으로 뛰어넘기,2,0.06
유아기,M,본운동,빠르게 걷기,2,0.06
유아기,M,본운동,앉아서 다리 굽히기,2,0.06
유아기,M,본운동,소파를 이용한 윗몸올리기,2,0.06
유아기,M,본운동,걷기,2,0.06
유아기,M,본운동,덤벨 잡고 뒤꿈치 들기,2,0.06
유아기,M,본운동,복부 스트레칭,2,0.06
유아기,M,본운동,등 스트레칭,2,0.06
유아기,M,본운동,계단 오르기,2,0.06
유아기,M,본운동,다리 모았다 벌려 뛰기,2,0.06
유아기,M,본운동,누워서 뒤로 팔굽혀펴기,2,0.06
유아기,M,본운동,앉아서 엉덩관절 굽히기,2,0.06
유아기,M,본운동,서서 다리로 탄력밴드 당기기 I,2,0.06
유아기,M,본운동,서서 다리로 탄력밴드 당기기 II,2,0.06
유아기,M,본운동,제자리 멀리 뛰기,2,0.06
유아기,M,본운동,목 스트레칭,2,0.06
유아기,M,본운동,웨이트 트레이닝 루틴프로그램,2,0.06
유아기,M,본운동,발목 얹고 다리 잡아당기기,2,0.06
유아기,M,본운동,상지 루틴 스트레칭,2,0.06
유아기,M,본운동,팔 빨리 흔들기,2,0.06
유아기,M,본운동,바벨들어올리기,2,0.06
유아기,M,본운동,트레드밀에서 걷기,2,0.06
유아기,M,본운동,볼 위에 앉아 밴드 양옆으로 당기기,1,0.03
유아기,M,본운동,등 대고 대퇴이두근 스트레칭,1,0.03
유아기,M,본운동,앉아서 가슴 모으기,1,0.03
유아기,M,본운동,베개 밟고 서기,1,0.03
유아기,M,본운동,베개 밟고 두발 모아 서기,1,0.03
유아기,M,본운동,어깨 스트레칭,1,0.03
유아기,M,본운동,고관절 스트레칭,1,0.03
유아기,M,본운동,밴드 걸고 옆으로 누워 다리 올리기,1,0.03
유아기,M,본운동,밴드 잡고 누워서 다리 밀기,1,0.03
유아기,M,본운동,짐볼을 이용한 동적 루틴 스트레칭,1,0.03
유아기,M,본운동,작은 공을 이용한 동적 루틴 스트레칭,1,0.03
유아기,M,본운동,엎드려서 팔 다리 들기,1,0.03
유아기,M,본운동,옆으로 펀치하기,1,0.03
유아기,M,본운동,앉아서 팔꿈치 굽히기,1,0.03
유아기,M,본운동,앉아서 덤벨로 손목 굽히기,1,0.03
유아기,M,본운동,베개 밟고 교차 서기,1,0.03
유아기,M,본운동,베개 밟고 대각방향으로 서기,1,0.03
유아기,M,본운동,허리 스트레칭,1,0.03
유아기,M,본운동,스텝퍼 뛰어서 오르내리기,1,0.03
유아기,M,본운동,굽힘 밸런스운동-60~120도 사이,1,0.03
유아기,M,본운동,벌림 밸런스 운동-60~120도 사이,1,0.03
유아기,M,본운동,등척성운동-벌림,1,0.03
유아기,M,본운동,등척성운동-바깥돌림,1,0.03
유아기,M,본운동,등척성운동-안쪽 돌림,1,0.03
유아기,M,본운동,전신 루틴 스트레칭,1,0.03
유아기,M,본운동,넙다리 안쪽 스트레칭,1,0.03
유아기,M,본운동,양발 나란히 서기,1,0.03
유아기,M,본운동,의자에 앉아 다리 뻗어 올리기,1,0.03
유아기,M,본운동,스텝퍼 오르내리기,1,0.03
유아기,M,본운동,아쿠아로빅,1,0.03
유아기,M,본운동,짐볼 양팔로 밀기,1,0.03
유아기,M,본운동,척추 스트레칭,1,0.03
유아기,M,본운동,누워서 배가로근 수축 I,1,0.03
유아기,M,본운동,물통으로 양팔 들어올리기,1,0.03
유아기,M,본운동,줄 따라 걷기,1,0.03
유아기,M,본운동,의자 잡고 전방으로 무릎 굽혀 들기,1,0.03
유아기,M,본운동,플렉스 바 비틀기,1,0.03
유아기,M,본운동,제자리 뛰기,1,0.03
유아기,M,본운동,엎드려 무릎 연속 차기,1,0.03
유아기,M,본운동,무릎 올려 공 닿기,1,0.03
유아기,M,본운동,엎드려 무릎 당기기,1,0.03
유아기,M,본운동,한 발 앞굽이 팔 위로 뻗어 가슴 내밀기,1,0.03
유아기,M,본운동,박스 옆으로 번갈아 뛰기,1,0.03
유아기,M,본운동,한 발 무릎위 올려차기,1,0.03
유아기,M,본운동,엎드려 팔 대고 버티기,1,0.03
유아기,M,본운동,누워서 다리 펴고 원 그리기,1,0.03
유아기,M,본운동,윗몸말아올리기,1,0.03
유아기,M,본운동,50M 달리기,1,0.03
유아기,M,본운동,점프해서 발바닥 치기,1,0.03
유아기,M,본운동,점프해서 손 발끝 닿기,1,0.03
유아기,M,본운동,골반 스트레칭,1,0.03
유아기,M,본운동,종아리 스트레칭,1,0.03
유아기,M,본운동,가슴 스트레칭,1,0.03
유아기,M,본운동,고정한 상태에서 덤벨 들고 팔꿈치 굽히기,1,0.03
유아기,M,본운동,덤벨 옆으로 들어올리기,1,0.03
유아기,M,본운동,덤벨 잡고 한발 내밀어 굽혔다 펴기,1,0.03
유아기,M,본운동,의자 잡고 후방으로 한발 뻗어 들기,1,0.03
유아기,M,본운동,서서 상체 일으키기,1,0.03
유아기,M,본운동,누워서 덤벨 들어올리기,1,0.03
유아기,M,본운동,밴드 앞 옆으로 들어올리기,1,0.03
유아기,M,본운동,서서 뒤꿈치 들기,1,0.03
유아기,M,본운동,몸통 옆으로 굽히기,1,0.03
유아기,M,본운동,저항밴드 운동 루틴프로그램,1,0.03
유아기,M,본운동,콘 뛰어넘기,1,0.03
유아기,M,본운동,잔발치기,1,0.03
유아기,M,본운동,벽잡고 빨리 뛰기,1,0.03
유아기,M,본운동,발바닥 치기,1,0.03
유아기,M,본운동,한 발 뒤로 빼고 앞으로 굽히기,1,0.03
유아기,M,본운동,무릎 대고 옆으로 기울이기,1,0.03
유아기,M,본운동,무릎 대고 상체 뒤로 젖히기,1,0.03
유아기,M,본운동,서서 다리로 탄력밴드 당겨 중심 잡기 루틴 운동,1,0.03
유아기,M,본운동,균형 걷기,1,0.03
유아기,M,본운동,짐볼 앉기,1,0.03
유아기,M,본운동,엎드려서 균형잡기,1,0.03
유아기,M,본운동,의자 앞에서 앉았다 일어서기,1,0.03
유아기,M,본운동,누워서 팔 다리 동시에 들어올리기,1,0.03
유아기,M,본운동,누워서 공들고 몸 기울이기,1,0.03
유아기,M,본운동,아기자세,1,0.03
유아기,M,본운동,바벨 당겨 올리기,1,0.03
유아기,M,본운동,메디신볼 운동 루틴프로그램,1,0.03
유아기,M,본운동,팔꿈치 굽히기,1,0.03
유아기,M,정리운동,흔들어 체조,309,24.25
유아기,M,정리운동,거북이 스트레칭,241,18.92
유아기,M,정리운동,후굴자세 해봐요,143,11.22
유아기,M,정리운동,알을 낳아요,76,5.97
유아기,M,정리운동,꼬리를 떼어요,67,5.26
유아기,M,정리운동,점핑점핑해요,65,5.1
유아기,M,정리운동,줄넘기 해요,64,5.02
유아기,M,정리운동,전신 루틴 스트레칭,23,1.81
유아기,M,정리운동,우리 모두 다같이,20,1.57
유아기,M,정리운동,하지 루틴 스트레칭2,18,1.41
유아기,M,정리운동,엉덩이 스트레칭,13,1.02
유아기,M,정리운동,하지 루틴 스트레칭1,12,0.94
유아기,M,정리운동,넙다리 안쪽 스트레칭,11,0.86
유아기,M,정리운동,상지 루틴 스트레칭,11,0.86
유아기,M,정리운동,인사 체조,11,0.86
유아기,M,정리운동,끌어요 당겨요,11,0.86
유아기,M,정리운동,넙다리 뒤쪽 스트레칭,10,0.78
유아기,M,정리운동,엉금엉금 기어요,8,0.63
유아기,M,정리운동,넙다리 앞쪽 스트레칭,7,0.55
유아기,M,정리운동,등/어깨 뒤쪽 스트레칭,7,0.55
유아기,M,정리운동,옆구리 스트레칭,7,0.55
유아기,M,정리운동,공 받고 던져요,6,0.47
유아기,M,정리운동,회전근개 스트레칭,6,0.47
유아기,M,정리운동,소방훈련 해요,6,0.47
유아기,M,정리운동,공을 옮겨요(앞),6,0.47
유아기,M,정리운동,골반 스트레칭,5,0.39
유아기,M,정리운동,가슴/어깨 스트레칭,5,0.39
유아기,M,정리운동,대퇴사두근 스트레칭,5,0.39
유아기,M,정리운동,뽁뽁이를 눌러요,4,0.31
유아기,M,정리운동,허리 스트레칭,4,0.31
유아기,M,정리운동,배스트레칭,4,0.31
유아기,M,정리운동,가슴 스트레칭,4,0.31
유아기,M,정리운동,팔꿈치 맞닿아 원그리기,4,0.31
유아기,M,정리운동,힘차게 맞춰요,4,0.31
유아기,M,정리운동,깍지 끼고 상체 숙이기,3,0.24
유아기,M,정리운동,낚시를 해요,3,0.24
유아기,M,정리운동,자가근막이완술 루틴 스트레칭,3,0.24
유아기,M,정리운동,분리배출 해요,3,0.24
유아기,M,정리운동,밸런스 보드에 서요,3,0.24
유아기,M,정리운동,밴드를 당겨요,3,0.24
유아기,M,정리운동,어깨 양 옆으로 돌리기,3,0.24
유아기,M,정리운동,공을 옮겨요(옆),3,0.24
유아기,M,정리운동,후다닥 집어요,2,0.16
유아기,M,정리운동,종아리 스트레칭,2,0.16
유아기,M,정리운동,목 스트레칭,2,0.16
유아기,M,정리운동,몸 앞으로 굽히기,2,0.16
유아기,M,정리운동,내전근 스트레칭,2,0.16
유아기,M,정리운동,딩딩링을 끼워요,2,0.16
유아기,M,정리운동,고정식 자전거 타기,2,0.16
유아기,M,정리운동,지그재그 달려요,2,0.16
유아기,M,정리운동,힘차게 던져요,2,0.16
유아기,M,정리운동,아쿠아로빅,1,0.08
유아기,M,정리운동,수영,1,0.08
유아기,M,정리운동,조깅,1,0.08
유아기,M,정리운동,의자잡고 후방으로 무릎 굽혀 들기,1,0.08
유아기,M,정리운동,뒤꿈치 들기,1,0.08
유아기,M,정리운동,앉아서 다리 모으기,1,0.08
유아기,M,정리운동,앉아서 다리 벌리기,1,0.08
유아기,M,정리운동,가슴/어깨 앞쪽 스트레칭,1,0.08
유아기,M,정리운동,짐볼을 이용한 동적 루틴 스트레칭,1,0.08
유아기,M,정리운동,비복근 스트레칭,1,0.08
유아기,M,정리운동,전신 틀어 손벽 마주치기,1,0.08
유아기,M,정리운동,몸통 비틀기,1,0.08
유아기,M,정리운동,복부 스트레칭,1,0.08
유아기,M,정리운동,척추 스트레칭,1,0.08
유아기,M,정리운동,앉아서 어깨 위로 밀기,1,0.08
유아기,M,정리운동,공 잡고 들어올리기,1,0.08
유아기,M,정리운동,고관절 스트레칭,1,0.08
유아기,M,정리운동,대퇴이두근 스트레칭,1,0.08
유아기,M,정리운동,대퇴이두근 스트레칭2,1,0.08
유아기,M,정리운동,윗몸 말며 공을 전달해요,1,0.08
유아기,M,정리운동,조심조심 걸어요,1,0.08
유아기,M,정리운동,밸런스 볼에 서요,1,0.08
유아기,M,정리운동,지게발 걸어요,1,0.08
유아기,M,정리운동,정적 스트레칭 루틴프로그램,1,0.08
유아기,M,정리운동,폼롤러 밀며 몸 앞으로 숙이기,1,0.08
유아기,M,정리운동,누워서 전신 뻗기,1,0.08
유아기,M,정리운동,작은 공을 이용한 동적 루틴 스트레칭,1,0.08
유아기,M,정리운동,어깨 스트레칭,1,0.08
유아기,M,정리운동,스텝박스,1,0.08
유아기,M,정리운동,알록달록 공을 옮겨요,1,0.08
유아기,M,정리운동,엉덩이 스트레칭2,1,0.08
유아기,M,정리운동,다리 벌려 앞으로 상체 숙이기,1,0.08
유아기,M,정리운동,다리 모아 상체 숙이기,1,0.08
유아기,M,정리운동,앉아 윗몸 앞으로 굽히기,1,0.08
유아기,M,정리운동,줄넘기,1,0.08
